coin,t_evento,t_entrada,direccion,cuartil,bruto,costo_rt,neto
FRIEND,1697767200000,1697853600000,corto,4,0.0039335311215538205,0.0049,-0.0009664688784461794
FRIEND,1698652800000,1698739200000,corto,4,-0.001775217275467062,0.0049,-0.006675217275467062
STRAX,1698735600000,1698822000000,corto,3,0.012050497249368268,0.0029,0.009150497249368268
STRAX,1699318800000,1699405200000,corto,2,-0.014843602380375288,0.0019,-0.016743602380375287
FRIEND,1699538400000,1699624800000,corto,4,0.003235322393111293,0.0049,-0.0016646776068887066
STRAX,1699538400000,1699624800000,corto,3,-0.0010726589144103027,0.0029,-0.003972658914410302
FRIEND,1699664400000,1699750800000,largo,4,0.0035213978347583834,0.0049,-0.0013786021652416164
FRIEND,1700330400000,1700416800000,largo,4,0.000808850667362686,0.0049,-0.004091149332637314
FRIEND,1700427600000,1700514000000,largo,4,-0.030124093998427668,0.0049,-0.035024093998427666
STRAX,1700445600000,1700532000000,corto,3,0.017058692645902703,0.0029,0.014158692645902703
FRIEND,1700611200000,1700697600000,largo,4,-0.0022549017276783344,0.0049,-0.007154901727678334
STRAX,1700694000000,1700780400000,corto,3,-0.004862171864879384,0.0029,-0.007762171864879383
STRAX,1700791200000,1700877600000,corto,2,-0.036989627235128025,0.0019,-0.038889627235128024
FRIEND,1701540000000,1701626400000,corto,4,-0.0007598872048341661,0.0049,-0.005659887204834166
FRIEND,1701712800000,1701799200000,largo,4,-0.0019827095832427614,0.0049,-0.006882709583242761
FRIEND,1701961200000,1702047600000,corto,4,0.0018192714622195401,0.0049,-0.0030807285377804595
FRIEND,1702069200000,1702155600000,largo,4,0.003732460134468134,0.0049,-0.0011675398655318658
STRAX,1702198800000,1702285200000,largo,2,-0.004361023218080858,0.0019,-0.006261023218080858
FRIEND,1702260000000,1702346400000,largo,4,0.0012423672206613263,0.0049,-0.0036576327793386735
SHIA,1702598400000,1702684800000,largo,4,-0.004959273359350458,0.0049,-0.009859273359350457
STRAX,1702598400000,1702684800000,corto,2,0.010179568213464083,0.0019,0.008279568213464083
STRAX,1702803600000,1702890000000,corto,3,-0.006348138329713549,0.0029,-0.009248138329713548
STRAX,1703304000000,1703390400000,corto,2,0.002796974511792781,0.0019,0.0008969745117927812
FRIEND,1703394000000,1703480400000,largo,4,-0.0034793233029438366,0.0049,-0.008379323302943836
STRAX,1703566800000,1703653200000,largo,2,-0.002379706991378652,0.0019,-0.004279706991378652
SHIA,1703610000000,1703696400000,largo,4,-0.0038508594810505482,0.0049,-0.008750859481050548
OX,1703692800000,1703779200000,corto,4,0.00865446027542417,0.0049,0.0037544602754241707
OX,1703851200000,1703937600000,corto,4,0.017695595581606504,0.0049,0.012795595581606504
NFTI,1703865600000,1703952000000,largo,4,-0.007837456631130947,0.0049,-0.012737456631130947
UNIBOT,1704063600000,1704150000000,largo,4,0.0,0.0049,-0.0049
OX,1704110400000,1704196800000,corto,4,0.027339740841813762,0.0049,0.022439740841813764
STRAX,1704193200000,1704279600000,corto,3,0.04494822373086001,0.0029,0.04204822373086001
OX,1704283200000,1704369600000,largo,4,0.00022085618671140173,0.0049,-0.004679143813288598
SHIA,1704283200000,1704369600000,largo,4,0.004368098122992449,0.0049,-0.0005319018770075512
STRAX,1704294000000,1704380400000,corto,2,-0.00439415373540317,0.0019,-0.00629415373540317
NFTI,1704513600000,1704600000000,corto,4,0.001491261349660594,0.0049,-0.003408738650339406
RNDR,1704726000000,1704812400000,largo,1,0.00042002468262468076,0.0013,-0.0008799753173753192
FRIEND,1704736800000,1704823200000,corto,4,-0.0028377927110385154,0.0049,-0.007737792711038515
FRIEND,1704834000000,1704920400000,corto,4,-0.022216944711721063,0.0049,-0.02711694471172106
STRAX,1704920400000,1705006800000,corto,2,-0.0034272691582744844,0.0019,-0.005327269158274485
RNDR,1704985200000,1705071600000,largo,1,-0.03080201026669399,0.0013,-0.032102010266693994
SHIA,1704988800000,1705075200000,largo,4,-0.004120085713749553,0.0049,-0.009020085713749553
STRAX,1705276800000,1705363200000,corto,2,-0.0051455046103912015,0.0019,-0.007045504610391201
UNIBOT,1705287600000,1705374000000,largo,3,0.0008751033666541287,0.0029,-0.002024896633345871
OX,1705327200000,1705413600000,corto,2,0.04320795007543681,0.0019,0.04130795007543681
RNDR,1705438800000,1705525200000,corto,1,-0.004253358238467766,0.0013,-0.005553358238467766
UNIBOT,1705608000000,1705694400000,corto,3,-0.005525021845630784,0.0029,-0.008425021845630784
STRAX,1705701600000,1705788000000,largo,2,0.0027599118322276313,0.0019,0.0008599118322276313
NFTI,1705852800000,1705939200000,corto,4,-0.0012033963968696088,0.0049,-0.006103396396869609
RNDR,1705899600000,1705986000000,corto,1,0.005931968332932143,0.0013,0.004631968332932143
CANTO,1705917600000,1706004000000,largo,4,-0.005419025924728671,0.0049,-0.010319025924728671
OX,1705964400000,1706050800000,corto,4,-0.01870176727489425,0.0049,-0.02360176727489425
RNDR,1705993200000,1706079600000,largo,1,0.007243899688713461,0.0013,0.005943899688713461
CANTO,1706022000000,1706108400000,corto,4,-0.01347252530765338,0.0049,-0.01837252530765338
OX,1706101200000,1706187600000,largo,3,-0.0014516131581267084,0.0029,-0.004351613158126709
CANTO,1706212800000,1706299200000,largo,4,-0.0015108376399383078,0.0049,-0.006410837639938308
OX,1706259600000,1706346000000,corto,4,-0.0026619021688170414,0.0049,-0.007561902168817041
UNIBOT,1706302800000,1706389200000,largo,3,0.040332803744916046,0.0029,0.037432803744916046
CANTO,1706396400000,1706482800000,largo,4,0.001999277523251195,0.0049,-0.002900722476748805
RNDR,1706403600000,1706490000000,corto,2,-0.006788926600949173,0.0019,-0.008688926600949174
STRAX,1706410800000,1706497200000,corto,3,0.004149359961454477,0.0029,0.001249359961454477
UNIBOT,1706475600000,1706562000000,corto,2,-0.03354260049954091,0.0019,-0.035442600499540906
STRAX,1706868000000,1706954400000,corto,3,0.0023594191047695283,0.0029,-0.0005405808952304715
RNDR,1707336000000,1707422400000,corto,1,-0.0044960061348143,0.0013,-0.0057960061348143
STRAX,1707660000000,1707746400000,corto,2,-0.009214858684292027,0.0019,-0.011114858684292028
PANDORA,1707739200000,1707825600000,corto,2,-0.08321693211694162,0.0019,-0.08511693211694162
RNDR,1707804000000,1707890400000,corto,1,0.008391657636248512,0.0013,0.0070916576362485126
STRAX,1707966000000,1708052400000,corto,4,-0.005195915384240666,0.0049,-0.010095915384240666
RNDR,1708034400000,1708120800000,corto,1,-0.0010038164805902935,0.0013,-0.0023038164805902935
STRAX,1708063200000,1708149600000,corto,2,-0.0011678833444236317,0.0019,-0.0030678833444236315
RNDR,1708333200000,1708419600000,corto,1,-0.00989645509894535,0.0013,-0.01119645509894535
MATIC,1708632000000,1708718400000,corto,1,-0.0074720148387010564,0.0013,-0.008772014838701056
RNDR,1708700400000,1708786800000,largo,1,0.015063392625001521,0.0013,0.013763392625001522
STRAX,1708815600000,1708902000000,corto,3,0.003921573653181802,0.0029,0.0010215736531818025
RNDR,1709114400000,1709200800000,corto,1,0.0033767947489717685,0.0013,0.0020767947489717686
MATIC,1709139600000,1709226000000,largo,1,-0.018037831228118317,0.0013,-0.019337831228118316
STRAX,1709139600000,1709226000000,largo,1,-0.03728304890336165,0.0013,-0.03858304890336165
STRAX,1709424000000,1709510400000,corto,2,0.02410389991881094,0.0019,0.02220389991881094
MATIC,1709449200000,1709535600000,largo,1,0.003650638352090738,0.0013,0.002350638352090738
RNDR,1709460000000,1709546400000,largo,1,-0.010572471719382201,0.0013,-0.011872471719382202
RNDR,1709575200000,1709661600000,corto,1,0.02400539212242546,0.0013,0.02270539212242546
STRAX,1709618400000,1709704800000,corto,1,-0.02511714579840555,0.0013,-0.02641714579840555
MATIC,1709665200000,1709751600000,largo,1,-0.002210352714249134,0.0013,-0.003510352714249134
RNDR,1709665200000,1709751600000,largo,1,-0.02935810715292346,0.0013,-0.03065810715292346
STRAX,1709884800000,1709971200000,corto,2,0.01428006368743753,0.0019,0.012380063687437529
MATIC,1709910000000,1709996400000,largo,1,0.006918018746126371,0.0013,0.005618018746126371
RNDR,1710140400000,1710226800000,corto,1,0.007097006835179623,0.0013,0.005797006835179623
MATIC,1711947600000,1712034000000,largo,1,-0.0011808184005268638,0.0013,-0.0024808184005268635
RNDR,1711947600000,1712034000000,largo,1,-0.004797330258959599,0.0013,-0.006097330258959599
MATIC,1712559600000,1712646000000,corto,1,0.005380254283975372,0.0013,0.004080254283975372
MATIC,1712667600000,1712754000000,largo,1,0.00032224281274579334,0.0013,-0.0009777571872542066
RNDR,1712923200000,1713009600000,largo,1,0.001040247771824176,0.0013,-0.00025975222817582397
MATIC,1712941200000,1713027600000,largo,1,-0.04180358719059416,0.0013,-0.043103587190594164
MATIC,1713034800000,1713121200000,largo,1,-0.010489428627347301,0.0013,-0.0117894286273473
MATIC,1713488400000,1713574800000,largo,1,0.015463113287358643,0.0013,0.014163113287358642
MATIC,1713632400000,1713718800000,corto,1,-0.004261089496121298,0.0013,-0.005561089496121298
MATIC,1713754800000,1713841200000,corto,1,0.0073755962805911205,0.0013,0.006075596280591121
MATIC,1713931200000,1714017600000,corto,1,-0.002395548246284225,0.0013,-0.003695548246284225
MATIC,1714237200000,1714323600000,corto,1,-0.0022520393178527367,0.0013,-0.0035520393178527366
RNDR,1714586400000,1714672800000,corto,1,0.004806555434647139,0.0013,0.003506555434647139
RNDR,1714737600000,1714824000000,corto,1,-0.01796114864142048,0.0013,-0.019261148641420478
MATIC,1714982400000,1715068800000,corto,2,-0.016094911816577684,0.0019,-0.017994911816577683
MATIC,1715349600000,1715436000000,largo,2,-0.0017720504032994813,0.0019,-0.003672050403299481
MATIC,1715562000000,1715648400000,largo,2,-0.004400330697933971,0.0019,-0.006300330697933971
RNDR,1715565600000,1715652000000,largo,1,-0.00850992729119932,0.0013,-0.009809927291199321
MATIC,1715774400000,1715860800000,corto,1,0.00790413617600746,0.0013,0.0066041361760074595
RNDR,1715774400000,1715860800000,corto,1,0.02902164464243702,0.0013,0.02772164464243702
MATIC,1715868000000,1715954400000,largo,1,0.003948880545132871,0.0013,0.0026488805451328713
MATIC,1716184800000,1716271200000,largo,1,0.0024321267556862572,0.0013,0.0011321267556862573
MATIC,1716498000000,1716584400000,corto,1,-0.000885310815732836,0.0013,-0.002185310815732836
RNDR,1716966000000,1717052400000,largo,1,-0.020728675781461755,0.0013,-0.022028675781461754
CANTO,1717225200000,1717311600000,corto,3,0.0028468889137460113,0.0029,-0.000053111086253988544
BLZ,1717311600000,1717398000000,largo,4,-0.002828518109928511,0.0049,-0.007728518109928511
MATIC,1717376400000,1717462800000,corto,2,-0.008208948510745766,0.0019,-0.010108948510745766
RNDR,1717376400000,1717462800000,corto,2,0.004275422868565112,0.0019,0.0023754228685651125
RNDR,1717506000000,1717592400000,corto,1,0.005938145980721218,0.0013,0.004638145980721218
MATIC,1717682400000,1717768800000,corto,1,-0.0020337951206381793,0.0013,-0.003333795120638179
LOOM,1717765200000,1717851600000,corto,4,-0.006759217622896333,0.0049,-0.011659217622896333
MATIC,1717783200000,1717869600000,largo,1,0.003065620492665131,0.0013,0.0017656204926651312
RNDR,1717783200000,1717869600000,largo,1,0.007681829325523419,0.0013,0.006381829325523419
BLZ,1717783200000,1717869600000,largo,3,0.009144907475438592,0.0029,0.006244907475438592
CANTO,1717783200000,1717869600000,largo,3,-0.00027771992124633367,0.0029,-0.0031777199212463334
MATIC,1718006400000,1718092800000,corto,2,0.0004201517276356984,0.0019,-0.0014798482723643017
BLZ,1718042400000,1718128800000,largo,2,0.010998641892365376,0.0019,0.009098641892365375
MATIC,1718193600000,1718280000000,corto,1,-0.0006744171364880839,0.0013,-0.001974417136488084
RNDR,1718193600000,1718280000000,corto,1,-0.002684876048668579,0.0013,-0.003984876048668579
LOOM,1718193600000,1718280000000,corto,3,0.0024353304686396573,0.0029,-0.00046466953136034246
BLZ,1718323200000,1718409600000,corto,3,-0.03176486540770615,0.0029,-0.03466486540770615
MATIC,1718380800000,1718467200000,largo,2,-0.0024956913043922236,0.0019,-0.004395691304392223
LOOM,1718380800000,1718467200000,largo,4,-0.0026594205866285574,0.0049,-0.007559420586628557
CANTO,1718380800000,1718467200000,largo,4,-0.0004078137163490621,0.0049,-0.005307813716349062
CANTO,1718514000000,1718600400000,corto,4,0.012351784210299836,0.0049,0.007451784210299836
MATIC,1718532000000,1718618400000,corto,1,0.002696254511807714,0.0013,0.0013962545118077142
BLZ,1718586000000,1718672400000,largo,4,-0.062342214326499584,0.0049,-0.06724221432649959
LOOM,1718586000000,1718672400000,largo,4,-0.07839215318421973,0.0049,-0.08329215318421973
MATIC,1718672400000,1718758800000,largo,1,0.00630224434053779,0.0013,0.00500224434053779
RNDR,1718672400000,1718758800000,largo,1,0.01625578525787574,0.0013,0.01495578525787574
CANTO,1718733600000,1718820000000,corto,4,-0.002075407178712358,0.0049,-0.006975407178712358
MATIC,1719158400000,1719244800000,largo,2,0.0045873310138632006,0.0019,0.002687331013863201
FTM,1719176400000,1719262800000,corto,1,-0.022973167535108065,0.0013,-0.024273167535108064
RNDR,1719205200000,1719291600000,largo,1,-0.009082667501084742,0.0013,-0.010382667501084741
LOOM,1719205200000,1719291600000,largo,4,-0.006295437728401561,0.0049,-0.01119543772840156
CANTO,1719205200000,1719291600000,largo,4,-0.00001048982225005112,0.0049,-0.004910489822250051
BLZ,1719309600000,1719396000000,corto,3,0.00438945723127261,0.0029,0.00148945723127261
RNDR,1719730800000,1719817200000,corto,2,0.00873858947648508,0.0019,0.0068385894764850805
FTM,1719784800000,1719871200000,corto,1,0.003657998677429253,0.0013,0.002357998677429253
FTM,1719968400000,1720054800000,largo,1,-0.028538241905305472,0.0013,-0.02983824190530547
RNDR,1720011600000,1720098000000,corto,1,-0.003164773195607225,0.0013,-0.004464773195607225
MATIC,1720054800000,1720141200000,largo,2,-0.007069804603119133,0.0019,-0.008969804603119132
LOOM,1720054800000,1720141200000,largo,4,-0.003469194568339264,0.0049,-0.008369194568339264
MATIC,1720144800000,1720231200000,largo,1,0.004072456881618159,0.0013,0.002772456881618159
RNDR,1720144800000,1720231200000,largo,1,0.009897455737839215,0.0013,0.008597455737839214
FTM,1720144800000,1720231200000,largo,1,0.00028358738226203693,0.0013,-0.001016412617737963
BLZ,1720144800000,1720231200000,largo,3,0.03172909827302765,0.0029,0.028829098273027653
LOOM,1720144800000,1720231200000,largo,4,0.004610106890598089,0.0049,-0.00028989310940191054
MATIC,1720425600000,1720512000000,corto,1,-0.008969567813484697,0.0013,-0.010269567813484697
RNDR,1720425600000,1720512000000,corto,1,-0.008999391236815655,0.0013,-0.010299391236815655
BLZ,1720425600000,1720512000000,corto,3,-0.016358622233204157,0.0029,-0.019258622233204157
LOOM,1720425600000,1720512000000,corto,4,-0.0012118203618558794,0.0049,-0.006111820361855879
RNDR,1720584000000,1720670400000,corto,2,-0.004274182313852174,0.0019,-0.006174182313852174
FTM,1720710000000,1720796400000,largo,1,0.01303610272458193,0.0013,0.011736102724581931
BLZ,1720825200000,1720911600000,corto,3,-0.004205932733031171,0.0029,-0.007105932733031171
MATIC,1720990800000,1721077200000,corto,3,0.0031717499949910004,0.0029,0.00027174999499100056
BLZ,1721062800000,1721149200000,corto,3,-0.006984187507293303,0.0029,-0.009884187507293304
CANTO,1721106000000,1721192400000,largo,4,0.006772252523732271,0.0049,0.0018722525237322716
LOOM,1721340000000,1721426400000,corto,3,0.006600895026899736,0.0029,0.003700895026899736
LOOM,1721538000000,1721624400000,corto,4,0.021514677502428383,0.0049,0.016614677502428385
FTM,1721721600000,1721808000000,corto,1,-0.0024952592901652994,0.0013,-0.0037952592901652994
LOOM,1721750400000,1721836800000,largo,3,0.0006510571969326319,0.0029,-0.002248942803067368
MATIC,1721869200000,1721955600000,largo,2,-0.0017623267267960136,0.0019,-0.0036623267267960136
LOOM,1721869200000,1721955600000,largo,4,0.027759748783612165,0.0049,0.022859748783612167
MATIC,1722218400000,1722304800000,corto,2,-0.0008394093394015089,0.0019,-0.002739409339401509
FTM,1722218400000,1722304800000,corto,2,-0.003055412348334236,0.0019,-0.004955412348334236
FTM,1722362400000,1722448800000,largo,1,0.00539582096386571,0.0013,0.00409582096386571
MATIC,1722452400000,1722538800000,largo,2,0.01556279100638999,0.0019,0.01366279100638999
LOOM,1722556800000,1722643200000,corto,3,0.017447867895777194,0.0029,0.014547867895777195
FTM,1722607200000,1722693600000,largo,1,-0.005069105931921585,0.0013,-0.006369105931921585
FTM,1722697200000,1722783600000,largo,1,-0.02360261944610244,0.0013,-0.02490261944610244
BLZ,1722697200000,1722783600000,largo,3,-0.03909564652536112,0.0029,-0.04199564652536112
LOOM,1722697200000,1722783600000,largo,3,-0.017442711129265518,0.0029,-0.020342711129265518
MATIC,1722780000000,1722866400000,largo,2,0.010885516493386566,0.0019,0.008985516493386565
FTM,1722819600000,1722906000000,largo,1,0.004770222424530218,0.0013,0.0034702224245302176
BLZ,1722819600000,1722906000000,largo,3,-0.009006971365201465,0.0029,-0.011906971365201465
LOOM,1722841200000,1722927600000,corto,2,-0.001788462815024937,0.0019,-0.0036884628150249373
BLZ,1723039200000,1723125600000,largo,3,0.01927270385844749,0.0029,0.01637270385844749
MATIC,1723078800000,1723165200000,corto,2,0.00016345020059047494,0.0019,-0.0017365497994095251
FTM,1723078800000,1723165200000,corto,1,0.0012842217630949786,0.0013,-0.000015778236905021354
LOOM,1723420800000,1723507200000,corto,4,0.015161959073449666,0.0049,0.010261959073449666
FTM,1723564800000,1723651200000,corto,1,0.006791427269743255,0.0013,0.005491427269743255
BLZ,1723640400000,1723726800000,largo,3,0.0034914420937351537,0.0029,0.0005914420937351539
BLZ,1723741200000,1723827600000,largo,4,0.01302019028580296,0.0049,0.00812019028580296
LOOM,1724112000000,1724198400000,corto,3,0.00914347590459982,0.0029,0.0062434759045998205
FTM,1724162400000,1724248800000,largo,1,-0.0016002563824638718,0.0013,-0.0029002563824638717
MATIC,1724259600000,1724346000000,corto,1,-0.013382760641844429,0.0013,-0.014682760641844428
FTM,1724259600000,1724346000000,corto,1,-0.0011992369930030862,0.0013,-0.002499236993003086
FTM,1724389200000,1724475600000,corto,1,-0.007512679647430242,0.0013,-0.008812679647430242
FTM,1724533200000,1724619600000,largo,1,0.04753916754824292,0.0013,0.046239167548242914
BLZ,1724673600000,1724760000000,largo,4,-0.0054898786530048,0.0049,-0.0103898786530048
FTM,1724774400000,1724860800000,largo,1,-0.0060496540433439714,0.0013,-0.007349654043343971
BLZ,1724792400000,1724878800000,largo,4,-0.012434690533971985,0.0049,-0.017334690533971985
LOOM,1724792400000,1724878800000,largo,2,-0.0028357229106698665,0.0019,-0.004735722910669866
MATIC,1724954400000,1725040800000,largo,2,0.023172826079122865,0.0019,0.021272826079122866
BLZ,1724954400000,1725040800000,largo,4,0.019214970976884377,0.0049,0.014314970976884377
BLZ,1725163200000,1725249600000,largo,4,-0.011196396353126511,0.0049,-0.016096396353126513
FTM,1725202800000,1725289200000,corto,1,0.008247030921644269,0.0013,0.006947030921644269
MATIC,1725228000000,1725314400000,largo,2,0.0005585303512165016,0.0019,-0.0013414696487834984
FTM,1725624000000,1725710400000,corto,1,-0.011366400690815931,0.0013,-0.01266640069081593
LOOM,1725624000000,1725710400000,corto,3,0.000977995187976737,0.0029,-0.0019220048120232628
FTM,1726156800000,1726243200000,corto,1,0.019982462845265926,0.0013,0.018682462845265927
BLZ,1726156800000,1726243200000,corto,4,-0.001412983985774917,0.0049,-0.006312983985774917
LOOM,1726207200000,1726293600000,corto,4,-0.00017667844568933732,0.0049,-0.005076678445689337
FTM,1726405200000,1726491600000,corto,1,-0.014276186246033513,0.0013,-0.015576186246033512
BNT,1726416000000,1726502400000,largo,4,-0.0052134008381942805,0.0049,-0.01011340083819428
ORBS,1726416000000,1726502400000,largo,4,-0.0005385996539538501,0.0049,-0.00543859965395385
NTRN,1726416000000,1726502400000,largo,4,-0.0015218475821968383,0.0049,-0.006421847582196838
LOOM,1726444800000,1726531200000,corto,4,-0.015679231105908378,0.0049,-0.020579231105908376
LOOM,1726542000000,1726628400000,corto,2,-0.01104587634266353,0.0019,-0.012945876342663531
FTM,1726682400000,1726768800000,corto,1,0.0037167855462094555,0.0013,0.0024167855462094556
RDNT,1726682400000,1726768800000,corto,2,-0.0003304440689938951,0.0019,-0.002230444068993895
BNT,1726682400000,1726768800000,corto,4,0.0038844189193889393,0.0049,-0.0010155810806110606
LISTA,1726682400000,1726768800000,corto,3,0.005772211965077663,0.0029,0.002872211965077663
BLZ,1726704000000,1726790400000,corto,3,0.008852142327478685,0.0029,0.005952142327478685
ILV,1726801200000,1726887600000,corto,4,0.00799715269945429,0.0049,0.00309715269945429
LOOM,1726812000000,1726898400000,corto,3,-0.07628063675529095,0.0029,-0.07918063675529095
LISTA,1726927200000,1727013600000,corto,4,0.013485331820327972,0.0049,0.008585331820327972
ORBS,1726959600000,1727046000000,corto,4,-0.009866031770644167,0.0049,-0.014766031770644167
NTRN,1726959600000,1727046000000,corto,4,0.014033518573663582,0.0049,0.009133518573663582
BLZ,1726992000000,1727078400000,corto,4,-0.0034152141430866473,0.0049,-0.008315214143086648
BNT,1726995600000,1727082000000,largo,4,0.00939865649017309,0.0049,0.00449865649017309
AI,1727071200000,1727157600000,corto,2,-0.01517312562002204,0.0019,-0.01707312562002204
ILV,1727074800000,1727161200000,largo,3,0.0035920700813187275,0.0029,0.0006920700813187277
LOOM,1727308800000,1727395200000,largo,3,-0.01840072361572041,0.0029,-0.02130072361572041
FTM,1727344800000,1727431200000,corto,1,0.014335872070671161,0.0013,0.01303587207067116
CATI,1727380800000,1727467200000,largo,2,-0.006583675087731404,0.0019,-0.008483675087731405
CATI,1727600400000,1727686800000,corto,2,0.05995733860610893,0.0019,0.058057338606108934
NTRN,1727614800000,1727701200000,corto,4,0.0029782986581945708,0.0049,-0.001921701341805429
FTM,1727629200000,1727715600000,corto,1,0.006548961706229487,0.0013,0.005248961706229487
ILV,1727658000000,1727744400000,largo,3,-0.003934779551333466,0.0029,-0.006834779551333466
ORBS,1727661600000,1727748000000,corto,4,-0.0028837052804571617,0.0049,-0.007783705280457161
BNT,1727686800000,1727773200000,largo,4,0.0026223708795615444,0.0049,-0.0022776291204384554
BLZ,1727787600000,1727874000000,largo,3,0.007457774041893163,0.0029,0.004557774041893163
ORBS,1727787600000,1727874000000,corto,4,-0.00831490378155854,0.0049,-0.01321490378155854
CATI,1727787600000,1727874000000,largo,2,0.013453765898699616,0.0019,0.011553765898699615
NTRN,1727791200000,1727877600000,largo,2,-0.005758711289715504,0.0019,-0.007658711289715504
BNT,1727809200000,1727895600000,largo,3,0.004292088248671325,0.0029,0.0013920882486713254
RDNT,1727892000000,1727978400000,largo,2,-0.003156919984902747,0.0019,-0.005056919984902747
BLZ,1727917200000,1728003600000,corto,4,-0.06938697588980859,0.0049,-0.07428697588980859
ORBS,1728000000000,1728086400000,corto,3,0.00878683315578027,0.0029,0.00588683315578027
ORBS,1728140400000,1728226800000,corto,3,-0.007848133129312857,0.0029,-0.010748133129312857
MYRO,1728259200000,1728345600000,corto,3,-0.021768911738471782,0.0029,-0.024668911738471782
ORBS,1728291600000,1728378000000,corto,3,-0.011185798957715801,0.0029,-0.0140857989577158
LISTA,1728450000000,1728536400000,corto,3,-0.013275935710239597,0.0029,-0.0161759357102396
LOOM,1728471600000,1728558000000,largo,4,0.0038481295129436663,0.0049,-0.0010518704870563335
ORBS,1728691200000,1728777600000,corto,3,0.014509659406572438,0.0029,0.011609659406572439
LISTA,1728694800000,1728781200000,largo,2,-0.008541748902598166,0.0019,-0.010441748902598167
CATI,1728727200000,1728813600000,corto,4,0.014972443966404797,0.0049,0.010072443966404797
LOOM,1728781200000,1728867600000,largo,4,0.0065486169433886,0.0049,0.0016486169433886002
ORBS,1728817200000,1728903600000,corto,3,-0.0026472977526798393,0.0029,-0.005547297752679839
CYBER,1728828000000,1728914400000,largo,4,0.001738235163734669,0.0049,-0.003161764836265331
FTM,1728874800000,1728961200000,corto,1,0.0083077907089686,0.0013,0.0070077907089686
BLZ,1728874800000,1728961200000,corto,4,0.0016537390074413054,0.0049,-0.0032462609925586945
RDNT,1728874800000,1728961200000,corto,3,0.012357668629765079,0.0029,0.00945766862976508
BADGER,1728874800000,1728961200000,corto,4,0.011033261372015365,0.0049,0.006133261372015366
ILV,1728874800000,1728961200000,corto,3,0.01281029779310254,0.0029,0.00991029779310254
PIXEL,1728874800000,1728961200000,corto,4,0.02152472253928615,0.0049,0.016624722539286152
AI,1728874800000,1728961200000,corto,4,0.014322046015808363,0.0049,0.009422046015808363
LISTA,1728874800000,1728961200000,corto,4,0.014655879905189143,0.0049,0.009755879905189143
AI,1728964800000,1729051200000,corto,3,0.015965865673162383,0.0029,0.013065865673162383
PIXEL,1728972000000,1729058400000,corto,3,0.012165681040539094,0.0029,0.009265681040539094
CYBER,1728990000000,1729076400000,largo,4,0.0019022515706306625,0.0049,-0.0029977484293693376
BNT,1728990000000,1729076400000,largo,4,0.005349010546071966,0.0049,0.000449010546071966
BADGER,1728990000000,1729076400000,largo,4,0.01168354349443597,0.0049,0.006783543494435971
NTRN,1728990000000,1729076400000,largo,3,0.0046943851490439245,0.0029,0.0017943851490439247
BLZ,1729000800000,1729087200000,largo,4,0.0005661369393801394,0.0049,-0.00433386306061986
RDNT,1729098000000,1729184400000,largo,3,-0.019916842437466133,0.0029,-0.022816842437466133
LOOM,1729123200000,1729209600000,corto,4,0.02398138035596778,0.0049,0.019081380355967778
BADGER,1729213200000,1729299600000,corto,4,-0.0014166021199425792,0.0049,-0.0063166021199425795
PIXEL,1729296000000,1729382400000,corto,3,0.005320034878566414,0.0029,0.002420034878566414
CYBER,1729400400000,1729486800000,corto,4,0.013789592577290344,0.0049,0.008889592577290344
FTM,1729472400000,1729558800000,corto,1,-0.00924776241956275,0.0013,-0.010547762419562751
ORBS,1729490400000,1729576800000,largo,4,-0.006330408830861825,0.0049,-0.011230408830861825
BADGER,1729490400000,1729576800000,largo,4,0.0018174913715451033,0.0049,-0.0030825086284548965
CATI,1729594800000,1729681200000,corto,3,0.004232367603354211,0.0029,0.0013323676033542113
LISTA,1729605600000,1729692000000,corto,3,0.003869887050595971,0.0029,0.000969887050595971
BADGER,1729616400000,1729702800000,corto,4,0.001029994230747712,0.0049,-0.003870005769252288
PIXEL,1729616400000,1729702800000,corto,2,0.005273262459257051,0.0019,0.003373262459257051
ORBS,1729641600000,1729728000000,corto,4,-0.008033059632050702,0.0049,-0.012933059632050702
BLZ,1729666800000,1729753200000,largo,4,-0.003913566335828161,0.0049,-0.00881356633582816
LISTA,1729706400000,1729792800000,corto,3,-0.021283190303686608,0.0029,-0.024183190303686607
BLZ,1729828800000,1729915200000,largo,4,-0.0033613477027047717,0.0049,-0.008261347702704772
FTM,1729897200000,1729983600000,largo,1,0.0016357564345560922,0.0013,0.00033575643455609227
CYBER,1729897200000,1729983600000,largo,4,0.003625514380857978,0.0049,-0.001274485619142022
RDNT,1729897200000,1729983600000,largo,2,-0.0024380507680173682,0.0019,-0.004338050768017368
ORBS,1729897200000,1729983600000,corto,4,0.00045218178477918886,0.0049,-0.004447818215220811
BADGER,1729897200000,1729983600000,largo,4,-0.001321782812786264,0.0049,-0.006221782812786264
ILV,1729897200000,1729983600000,largo,3,0.004208809626728103,0.0029,0.0013088096267281036
NTRN,1729897200000,1729983600000,largo,4,-0.0011667118549526481,0.0049,-0.0060667118549526475
PIXEL,1729897200000,1729983600000,largo,3,-0.0038732215485898372,0.0029,-0.006773221548589837
AI,1729897200000,1729983600000,largo,3,0.0,0.0029,-0.0029
MYRO,1729897200000,1729983600000,largo,2,0.0,0.0019,-0.0019
LISTA,1729897200000,1729983600000,largo,3,0.002451680343147961,0.0029,-0.0004483196568520389
CATI,1729897200000,1729983600000,largo,3,0.007594933976902214,0.0029,0.004694933976902215
CATI,1729998000000,1730084400000,corto,4,0.013409715866887993,0.0049,0.008509715866887993
FTM,1730044800000,1730131200000,corto,1,0.005833973165965162,0.0013,0.004533973165965162
BLZ,1730052000000,1730138400000,largo,4,0.017419029645522714,0.0049,0.012519029645522714
NTRN,1730077200000,1730163600000,largo,4,0.0006589605136722284,0.0049,-0.004241039486327772
CYBER,1730206800000,1730293200000,corto,4,-0.004779592162972399,0.0049,-0.009679592162972398
PIXEL,1730217600000,1730304000000,corto,4,-0.01027551414055861,0.0049,-0.01517551414055861
LISTA,1730217600000,1730304000000,corto,3,-0.013525142777040831,0.0029,-0.01642514277704083
ILV,1730228400000,1730314800000,largo,3,-0.0029388953170241196,0.0029,-0.005838895317024119
PIXEL,1730361600000,1730448000000,largo,2,-0.000863717741399418,0.0019,-0.002763717741399418
ORBS,1730448000000,1730534400000,corto,4,-0.005124388319300867,0.0049,-0.010024388319300866
PIXEL,1730466000000,1730552400000,corto,3,0.020982725331395474,0.0029,0.018082725331395474
FTM,1730473200000,1730559600000,largo,1,-0.001965333450433481,0.0013,-0.003265333450433481
CYBER,1730473200000,1730559600000,largo,4,-0.0007347153308724632,0.0049,-0.005634715330872463
BLZ,1730473200000,1730559600000,largo,4,-0.0007430288318583077,0.0049,-0.0056430288318583075
RDNT,1730473200000,1730559600000,largo,2,-0.0040343756310464145,0.0019,-0.005934375631046414
BADGER,1730473200000,1730559600000,largo,4,0.0028064460061899585,0.0049,-0.0020935539938100414
ILV,1730473200000,1730559600000,largo,4,-0.005039922545143053,0.0049,-0.009939922545143053
NTRN,1730473200000,1730559600000,largo,4,0.0043552537796921155,0.0049,-0.0005447462203078844
AI,1730473200000,1730559600000,largo,4,0.00478065749834476,0.0049,-0.00011934250165523963
LISTA,1730473200000,1730559600000,largo,3,0.003496984685451797,0.0029,0.0005969846854517974
CATI,1730473200000,1730559600000,largo,3,-0.00034565651513884067,0.0029,-0.0032456565151388404
FTM,1730599200000,1730685600000,largo,1,-0.0034863874506486443,0.0013,-0.004786387450648645
LOOM,1730599200000,1730685600000,largo,3,0.004249209667941873,0.0029,0.0013492096679418733
RDNT,1730599200000,1730685600000,largo,3,0.008409350099420593,0.0029,0.005509350099420593
BNT,1730599200000,1730685600000,largo,4,0.009015712069850816,0.0049,0.004115712069850817
BADGER,1730599200000,1730685600000,largo,4,0.005751804073520262,0.0049,0.0008518040735202622
ILV,1730599200000,1730685600000,largo,3,0.005754461424321845,0.0029,0.002854461424321845
NTRN,1730599200000,1730685600000,largo,4,0.007960961169121022,0.0049,0.003060961169121022
AI,1730599200000,1730685600000,largo,4,0.007218309692864727,0.0049,0.0023183096928647276
LISTA,1730635200000,1730721600000,largo,3,0.016795211711787474,0.0029,0.013895211711787474
FTM,1730754000000,1730840400000,largo,1,-0.003187861117211696,0.0013,-0.004487861117211696
BLZ,1730754000000,1730840400000,largo,4,-0.009482297387144012,0.0049,-0.014382297387144012
LOOM,1730754000000,1730840400000,largo,3,-0.0021328211497547035,0.0029,-0.005032821149754703
BADGER,1730754000000,1730840400000,largo,4,-0.00674607951531947,0.0049,-0.01164607951531947
LISTA,1730815200000,1730901600000,corto,2,-0.0025937687084905577,0.0019,-0.0044937687084905574
BLZ,1730851200000,1730937600000,corto,4,-0.004159216713098137,0.0049,-0.009059216713098138
PIXEL,1730851200000,1730937600000,corto,4,-0.024309017006680134,0.0049,-0.029209017006680132
RDNT,1730905200000,1730991600000,corto,2,0.0009801480647461153,0.0019,-0.0009198519352538847
LISTA,1730937600000,1731024000000,largo,2,0.010722813441371578,0.0019,0.008822813441371577
ILV,1731031200000,1731117600000,largo,3,-0.0007220738273154666,0.0029,-0.0036220738273154665
CATI,1731078000000,1731164400000,corto,3,-0.01769572609477016,0.0029,-0.02059572609477016
AI,1731128400000,1731214800000,corto,4,-0.002556996358394103,0.0049,-0.007456996358394103
LOOM,1731247200000,1731333600000,corto,2,0.006390473040447692,0.0019,0.004490473040447692
BLZ,1731250800000,1731337200000,corto,3,-0.004136597853336781,0.0029,-0.007036597853336781
BNT,1731268800000,1731355200000,largo,4,0.0032774679282236074,0.0049,-0.0016225320717763924
NTRN,1731268800000,1731355200000,largo,4,0.010383651531314115,0.0049,0.005483651531314115
AI,1731290400000,1731376800000,corto,2,0.0031402545573990283,0.0019,0.0012402545573990283
RDNT,1731301200000,1731387600000,largo,2,0.0014948151392944707,0.0019,-0.00040518486070552926
LOOM,1731391200000,1731477600000,corto,2,0.02157913573479129,0.0019,0.01967913573479129
FTM,1731402000000,1731488400000,largo,1,-0.006447493984865258,0.0013,-0.007747493984865258
CYBER,1731402000000,1731488400000,largo,3,-0.006522648482083421,0.0029,-0.00942264848208342
BLZ,1731402000000,1731488400000,largo,3,-0.0020522395262523867,0.0029,-0.004952239526252386
RDNT,1731402000000,1731488400000,largo,2,0.014410309947422713,0.0019,0.012510309947422712
BNT,1731402000000,1731488400000,largo,3,-0.009627029827164311,0.0029,-0.012527029827164311
BADGER,1731402000000,1731488400000,largo,3,0.0013676329061044594,0.0029,-0.0015323670938955404
NTRN,1731402000000,1731488400000,largo,2,0.0030770018570032065,0.0019,0.0011770018570032065
PIXEL,1731402000000,1731488400000,largo,2,-0.0023936107617939604,0.0019,-0.00429361076179396
MYRO,1731402000000,1731488400000,largo,2,-0.005824239503083545,0.0019,-0.007724239503083544
LISTA,1731402000000,1731488400000,largo,2,-0.0055902809183058025,0.0019,-0.007490280918305802
PIXEL,1731524400000,1731610800000,largo,2,0.016247186182753528,0.0019,0.014347186182753527
CATI,1731600000000,1731686400000,corto,2,0.0016481050526738377,0.0019,-0.0002518949473261623
LISTA,1731769200000,1731855600000,largo,3,0.001962966016691091,0.0029,-0.000937033983308909
RDNT,1731805200000,1731891600000,largo,3,0.02132081170624372,0.0029,0.01842081170624372
BNT,1731805200000,1731891600000,largo,4,0.020664977559197852,0.0049,0.015764977559197854
NTRN,1731805200000,1731891600000,largo,2,0.016774317066182008,0.0019,0.014874317066182008
CATI,1731859200000,1731945600000,corto,2,-0.048424290650067967,0.0019,-0.050324290650067965
NTRN,1731949200000,1732035600000,corto,3,-0.004004075059838961,0.0029,-0.006904075059838961
CATI,1732078800000,1732165200000,largo,1,-0.006756377955476891,0.0013,-0.008056377955476892
PIXEL,1732190400000,1732276800000,corto,4,-0.0027966251589933797,0.0049,-0.00769662515899338
RDNT,1732194000000,1732280400000,corto,2,0.032447863885817815,0.0019,0.030547863885817816
BNT,1732280400000,1732366800000,largo,3,-0.002590618782848253,0.0029,-0.005490618782848252
LISTA,1732280400000,1732366800000,largo,3,-0.0055228739300368914,0.0029,-0.008422873930036892
BLZ,1732316400000,1732402800000,corto,4,0.03659121159776918,0.0049,0.03169121159776918
MYRO,1732377600000,1732464000000,largo,2,0.034904351501853684,0.0019,0.033004351501853685
AI,1732410000000,1732496400000,corto,2,0.02895528923448664,0.0019,0.02705528923448664
NTRN,1732417200000,1732503600000,corto,2,-0.014603329812148194,0.0019,-0.016503329812148193
ORBS,1732446000000,1732532400000,largo,3,0.0013285967930706196,0.0029,-0.0015714032069293802
CATI,1732464000000,1732550400000,corto,2,0.016382230752565407,0.0019,0.014482230752565406
LISTA,1732521600000,1732608000000,corto,2,0.003978368534650615,0.0019,0.002078368534650615
LOOM,1732579200000,1732665600000,corto,2,-0.03326579780999701,0.0019,-0.035165797809997006
AI,1732726800000,1732813200000,corto,2,-0.03559254540509586,0.0019,-0.03749254540509586
CATI,1732816800000,1732903200000,corto,3,0.003916660072063646,0.0029,0.0010166600720636458
LOOM,1732852800000,1732939200000,largo,3,0.007358859927400619,0.0029,0.004458859927400619
ORBS,1732852800000,1732939200000,largo,4,0.008566523868955473,0.0049,0.003666523868955473
BLZ,1732960800000,1733047200000,largo,4,-0.009362268501613738,0.0049,-0.014262268501613738
LISTA,1732960800000,1733047200000,largo,3,-0.006680862990832492,0.0029,-0.009580862990832491
LOOM,1733011200000,1733097600000,largo,2,-0.017596426333548645,0.0019,-0.019496426333548644
FTM,1733108400000,1733194800000,largo,1,-0.030317971295702673,0.0013,-0.03161797129570267
NTRN,1733108400000,1733194800000,largo,4,0.008291124802189893,0.0049,0.003391124802189893
PIXEL,1733108400000,1733194800000,largo,2,-0.005255152992807993,0.0019,-0.007155152992807993
CYBER,1733126400000,1733212800000,largo,3,-0.014611949327897993,0.0029,-0.017511949327897992
BLZ,1733126400000,1733212800000,largo,3,0.029449474109329802,0.0029,0.026549474109329802
LOOM,1733126400000,1733212800000,largo,2,0.010100900524754187,0.0019,0.008200900524754187
RDNT,1733126400000,1733212800000,largo,2,-0.017002491472439513,0.0019,-0.01890249147243951
BNT,1733126400000,1733212800000,largo,3,0.007610027573397724,0.0029,0.004710027573397725
ORBS,1733126400000,1733212800000,largo,2,0.0063672536951010885,0.0019,0.004467253695101089
BADGER,1733126400000,1733212800000,largo,3,0.005601048679896881,0.0029,0.002701048679896881
ILV,1733126400000,1733212800000,largo,2,-0.0018439096097061741,0.0019,-0.003743909609706174
LISTA,1733126400000,1733212800000,largo,2,0.009274148724038377,0.0019,0.0073741487240383775
CATI,1733151600000,1733238000000,corto,2,0.017734309026269563,0.0019,0.015834309026269564
LOOM,1733230800000,1733317200000,largo,2,0.009338834670023787,0.0019,0.007438834670023787
RDNT,1733230800000,1733317200000,largo,2,-0.01876513604537192,0.0019,-0.02066513604537192
BNT,1733230800000,1733317200000,largo,3,-0.004351503911389078,0.0029,-0.007251503911389078
ORBS,1733230800000,1733317200000,largo,3,0.01188001531434359,0.0029,0.00898001531434359
ILV,1733230800000,1733317200000,largo,2,-0.008634644024531743,0.0019,-0.010534644024531744
MYRO,1733230800000,1733317200000,largo,2,0.00631330756810439,0.0019,0.00441330756810439
BNT,1733328000000,1733414400000,largo,3,0.01259778205870224,0.0029,0.00969778205870224
BADGER,1733328000000,1733414400000,largo,2,0.008592510597464485,0.0019,0.0066925105974644855
ILV,1733328000000,1733414400000,largo,2,0.012300567309477135,0.0019,0.010400567309477134
AI,1733328000000,1733414400000,largo,2,0.047077283072116366,0.0019,0.04517728307211637
PIXEL,1733594400000,1733680800000,corto,3,0.005292531306946688,0.0029,0.0023925313069466884
RDNT,1733731200000,1733817600000,largo,2,-0.0037507330014765737,0.0019,-0.005650733001476574
BNT,1733731200000,1733817600000,largo,3,-0.0013323800842828702,0.0029,-0.00423238008428287
NTRN,1733731200000,1733817600000,largo,3,-0.003628754854202565,0.0029,-0.006528754854202565
MYRO,1733731200000,1733817600000,largo,2,-0.011538013477340294,0.0019,-0.013438013477340294
FTM,1733774400000,1733860800000,largo,1,0.02951687806141805,0.0013,0.028216878061418052
CYBER,1733774400000,1733860800000,largo,3,0.016795423473544437,0.0029,0.013895423473544437
BADGER,1733774400000,1733860800000,largo,3,0.01426574194626674,0.0029,0.01136574194626674
PIXEL,1733774400000,1733860800000,largo,2,0.0201998863064409,0.0019,0.018299886306440902
AI,1733774400000,1733860800000,largo,2,0.01721258207040711,0.0019,0.01531258207040711
CATI,1733774400000,1733860800000,largo,2,0.0016797128281646355,0.0019,-0.00022028717183536451
NTRN,1734026400000,1734112800000,corto,2,0.0018527017863695361,0.0019,-0.000047298213630463885
FTM,1734098400000,1734184800000,corto,1,-0.007395100947812014,0.0013,-0.008695100947812014
FTM,1734224400000,1734310800000,corto,1,-0.0008322352931974249,0.0013,-0.002132235293197425
NTRN,1734447600000,1734534000000,largo,4,-0.00019332595890809623,0.0049,-0.005093325958908096
BLZ,1734508800000,1734595200000,largo,2,0.015354989436123078,0.0019,0.013454989436123077
FTM,1734530400000,1734616800000,largo,1,-0.01569420327578147,0.0013,-0.01699420327578147
CYBER,1734548400000,1734634800000,largo,4,-0.022938687136394208,0.0049,-0.02783868713639421
RDNT,1734548400000,1734634800000,largo,2,-0.02451665575004266,0.0019,-0.02641665575004266
BNT,1734548400000,1734634800000,largo,4,-0.02786194377011193,0.0049,-0.03276194377011193
MYRO,1734548400000,1734634800000,largo,2,-0.02051196029981081,0.0019,-0.02241196029981081
BADGER,1734552000000,1734638400000,largo,4,0.0016911123091071466,0.0049,-0.003208887690892853
ILV,1734552000000,1734638400000,largo,3,0.0007713631815516478,0.0029,-0.002128636818448352
ORBS,1734627600000,1734714000000,largo,2,0.01185821378235591,0.0019,0.00995821378235591
FTM,1734681600000,1734768000000,largo,1,-0.01267845825977084,0.0013,-0.01397845825977084
CYBER,1734681600000,1734768000000,largo,3,-0.02321442705724533,0.0029,-0.02611442705724533
BADGER,1734681600000,1734768000000,largo,1,-0.01085481744777251,0.0013,-0.012154817447772508
MYRO,1734681600000,1734768000000,largo,2,-0.03214572303142416,0.0019,-0.03404572303142416
BNT,1734876000000,1734962400000,largo,4,-0.004819429366752139,0.0049,-0.009719429366752139
FTM,1734922800000,1735009200000,corto,1,-0.008679170967090711,0.0013,-0.009979170967090712
LISTA,1735034400000,1735120800000,largo,2,0.0052733925006298015,0.0019,0.0033733925006298017
ORBS,1735200000000,1735286400000,largo,2,0.001865092240995991,0.0019,-0.000034907759004008986
AI,1735207200000,1735293600000,corto,3,0.009231566868946555,0.0029,0.006331566868946556
CYBER,1735279200000,1735365600000,corto,4,0.0089221031991599,0.0049,0.0040221031991598995
PIXEL,1735279200000,1735365600000,corto,3,0.01735758769325429,0.0029,0.014457587693254292
ILV,1735290000000,1735376400000,corto,4,-0.0035595254789291563,0.0049,-0.008459525478929156
NTRN,1735290000000,1735376400000,corto,4,0.00024350320056458176,0.0049,-0.0046564967994354185
MYRO,1735290000000,1735376400000,corto,3,-0.0032687890159755883,0.0029,-0.006168789015975588
CATI,1735290000000,1735376400000,corto,4,0.0012482363500676595,0.0049,-0.0036517636499323403
CYBER,1735390800000,1735477200000,corto,4,-0.008156628227459311,0.0049,-0.01305662822745931
MYRO,1735513200000,1735599600000,corto,3,-0.006173470718337261,0.0029,-0.009073470718337261
RDNT,1735520400000,1735606800000,corto,3,0.0006053216604613738,0.0029,-0.002294678339538626
NTRN,1735520400000,1735606800000,corto,4,0.0066099389386014154,0.0049,0.0017099389386014156
FTM,1735563600000,1735650000000,largo,1,-0.002788542167234461,0.0013,-0.004088542167234461
ILV,1735563600000,1735650000000,largo,4,0.020467395586834775,0.0049,0.015567395586834775
LISTA,1735563600000,1735650000000,largo,2,0.01748387649100794,0.0019,0.015583876491007941
BNT,1735578000000,1735664400000,corto,4,0.017162664334824725,0.0049,0.012262664334824725
ORBS,1735578000000,1735664400000,corto,3,0.01866176989968817,0.0029,0.01576176989968817
PIXEL,1735578000000,1735664400000,corto,3,0.023887391719733784,0.0029,0.020987391719733784
AI,1735578000000,1735664400000,corto,2,0.02351348496559045,0.0019,0.02161348496559045
CATI,1735578000000,1735664400000,corto,3,0.018543368968589345,0.0029,0.015643368968589345
AI,1735790400000,1735876800000,corto,2,0.0007402273508795714,0.0019,-0.0011597726491204287
MYRO,1735902000000,1735988400000,corto,3,0.004484496379492935,0.0029,0.0015844963794929348
CATI,1735902000000,1735988400000,corto,4,-0.0003561434787071921,0.0049,-0.0052561434787071915
LISTA,1735912800000,1735999200000,corto,3,-0.0013393606556042477,0.0029,-0.004239360655604247
BADGER,1736002800000,1736089200000,largo,2,0.004417598077853898,0.0019,0.002517598077853898
CATI,1736002800000,1736089200000,largo,4,0.004567640039330326,0.0049,-0.00033235996066967397
LISTA,1736092800000,1736179200000,largo,3,-0.006079713205814305,0.0029,-0.008979713205814305
BADGER,1736107200000,1736193600000,corto,2,0.005232408263938667,0.0019,0.003332408263938667
ORBS,1736128800000,1736215200000,corto,4,0.006657836042728756,0.0049,0.001757836042728756
FTM,1736150400000,1736236800000,largo,1,-0.008400985696596803,0.0013,-0.009700985696596803
AI,1736175600000,1736262000000,corto,2,0.038567971615744774,0.0019,0.036667971615744775
CYBER,1736262000000,1736348400000,largo,4,-0.0016923989797800326,0.0049,-0.0065923989797800325
RDNT,1736262000000,1736348400000,largo,3,-0.0022809532415997507,0.0029,-0.005180953241599751
BNT,1736262000000,1736348400000,largo,4,0.00015104827531576328,0.0049,-0.004748951724684237
ORBS,1736262000000,1736348400000,largo,4,0.02386646415766097,0.0049,0.01896646415766097
BADGER,1736262000000,1736348400000,largo,2,0.004958667044037642,0.0019,0.0030586670440376426
ILV,1736262000000,1736348400000,largo,2,-0.0038397039858029435,0.0019,-0.005739703985802943
MYRO,1736262000000,1736348400000,largo,2,-0.005032024638310606,0.0019,-0.006932024638310606
CATI,1736262000000,1736348400000,largo,4,0.0002227561306926122,0.0049,-0.0046772438693073876
FTM,1736503200000,1736589600000,corto,1,-0.00012783273813837684,0.0013,-0.0014278327381383768
ILV,1736528400000,1736614800000,corto,4,0.006253360837458061,0.0049,0.0013533608374580609
OGN,1736625600000,1736712000000,corto,4,0.005850177092550914,0.0049,0.000950177092550914
ILV,1736625600000,1736712000000,corto,3,0.0036325027497900665,0.0029,0.0007325027497900667
PIXEL,1736625600000,1736712000000,corto,4,0.0034963823124242598,0.0049,-0.00140361768757574
MYRO,1736625600000,1736712000000,corto,3,0.004556650242625206,0.0029,0.0016566502426252063
LISTA,1736625600000,1736712000000,corto,2,0.0168165848949637,0.0019,0.014916584894963699
CATI,1736625600000,1736712000000,corto,4,0.007112287874670362,0.0049,0.0022122878746703625
ORBS,1736694000000,1736780400000,largo,3,0.010466403743274321,0.0029,0.007566403743274322
CYBER,1736726400000,1736812800000,corto,4,0.0029055032429641634,0.0049,-0.0019944967570358365
NTRN,1736726400000,1736812800000,corto,4,0.007668652830671258,0.0049,0.0027686528306712583
PIXEL,1736726400000,1736812800000,corto,4,0.005580414282851834,0.0049,0.0006804142828518338
STG,1736812800000,1736899200000,largo,2,-0.019043446878359252,0.0019,-0.02094344687835925
CYBER,1736946000000,1737032400000,corto,4,0.01737971745664662,0.0049,0.01247971745664662
OGN,1736946000000,1737032400000,corto,4,0.0161772198723394,0.0049,0.011277219872339402
RDNT,1736946000000,1737032400000,corto,2,0.013909572448953364,0.0019,0.012009572448953364
BNT,1736946000000,1737032400000,corto,4,0.009497192249072419,0.0049,0.004597192249072419
REQ,1736946000000,1737032400000,corto,4,0.011468015591641182,0.0049,0.006568015591641182
ORBS,1736946000000,1737032400000,corto,4,0.006484445295107795,0.0049,0.0015844452951077953
STG,1736946000000,1737032400000,corto,2,0.008962103836249452,0.0019,0.007062103836249453
BADGER,1736946000000,1737032400000,corto,2,0.012836231300415247,0.0019,0.010936231300415246
ILV,1736946000000,1737032400000,corto,4,0.01582776203594317,0.0049,0.010927762035943171
NTRN,1736946000000,1737032400000,corto,4,0.01648335514841067,0.0049,0.011583355148410671
PIXEL,1736946000000,1737032400000,corto,3,0.017141697029143747,0.0029,0.014241697029143748
AI,1736946000000,1737032400000,corto,2,0.01747161405760545,0.0019,0.015571614057605451
MYRO,1736946000000,1737032400000,corto,3,0.01878227802707561,0.0029,0.01588227802707561
LISTA,1736946000000,1737032400000,corto,2,0.025915469229653924,0.0019,0.024015469229653925
kDOGS,1736946000000,1737032400000,corto,3,0.01437461359054142,0.0029,0.01147461359054142
CATI,1736946000000,1737032400000,corto,3,0.010273103454001778,0.0029,0.007373103454001778
BNT,1737126000000,1737212400000,corto,4,-0.005068048521146421,0.0049,-0.009968048521146421
OGN,1737151200000,1737237600000,corto,4,-0.003666365243578053,0.0049,-0.008566365243578053
STG,1737169200000,1737255600000,largo,3,-0.00979306039912899,0.0029,-0.01269306039912899
ORBS,1737176400000,1737262800000,largo,3,-0.0010202108147733633,0.0029,-0.003920210814773363
kDOGS,1737273600000,1737360000000,largo,2,0.017076447809996766,0.0019,0.015176447809996765
BADGER,1737288000000,1737374400000,corto,1,0.02547296206629425,0.0013,0.02417296206629425
BNT,1737295200000,1737381600000,corto,4,-0.004974542056806142,0.0049,-0.009874542056806141
OGN,1737320400000,1737406800000,largo,4,-0.019810434489728,0.0049,-0.024710434489727998
ORBS,1737320400000,1737406800000,largo,3,-0.0041198082223723505,0.0029,-0.00701980822237235
ILV,1737320400000,1737406800000,largo,4,-0.018123834655053486,0.0049,-0.023023834655053484
AI,1737320400000,1737406800000,largo,2,-0.01861230999659059,0.0019,-0.020512309996590587
LISTA,1737320400000,1737406800000,largo,2,-0.01840864612152264,0.0019,-0.02030864612152264
STG,1737511200000,1737597600000,corto,2,0.0028359440254442057,0.0019,0.0009359440254442057
ORBS,1737630000000,1737716400000,largo,4,0.003430287355048034,0.0049,-0.0014697126449519657
OGN,1737885600000,1737972000000,corto,4,0.023619361726945946,0.0049,0.018719361726945945
CYBER,1737932400000,1738018800000,largo,3,0.0011647772709957641,0.0029,-0.0017352227290042357
RDNT,1737932400000,1738018800000,largo,3,0.0003474861583448506,0.0029,-0.0025525138416551494
ORBS,1737932400000,1738018800000,largo,4,0.006179997299740931,0.0049,0.0012799972997409315
BADGER,1737932400000,1738018800000,largo,2,0.004179734402708066,0.0019,0.002279734402708066
ILV,1737932400000,1738018800000,largo,3,0.0010891988864583546,0.0029,-0.0018108011135416452
NTRN,1737932400000,1738018800000,largo,4,-0.0022002989925993485,0.0049,-0.007100298992599348
PIXEL,1737932400000,1738018800000,largo,3,0.000269142781869579,0.0029,-0.0026308572181304207
AI,1737932400000,1738018800000,largo,2,-0.00281739929277171,0.0019,-0.00471739929277171
MYRO,1737932400000,1738018800000,largo,3,0.002668074675543118,0.0029,-0.00023192532445688195
LISTA,1737932400000,1738018800000,largo,2,0.0025802660930002944,0.0019,0.0006802660930002944
kDOGS,1737932400000,1738018800000,largo,3,-0.0042418238942517885,0.0029,-0.007141823894251788
CATI,1737932400000,1738018800000,largo,4,0.003627318499091687,0.0049,-0.001272681500908313
BADGER,1738108800000,1738195200000,corto,3,-0.010774840924087021,0.0029,-0.013674840924087021
AI,1738112400000,1738198800000,corto,1,-0.00842791244328435,0.0013,-0.009727912443284348
MYRO,1738112400000,1738198800000,corto,3,-0.017195325821382678,0.0029,-0.020095325821382678
BADGER,1738278000000,1738364400000,largo,3,0.004537829376122669,0.0029,0.001637829376122669
AI,1738321200000,1738407600000,corto,2,-0.005699560939513494,0.0019,-0.007599560939513494
MYRO,1738321200000,1738407600000,corto,4,-0.01565397435798756,0.0049,-0.02055397435798756
OGN,1738512000000,1738598400000,largo,4,0.006427730333728793,0.0049,0.0015277303337287934
ILV,1738512000000,1738598400000,largo,3,0.012693858621305128,0.0029,0.009793858621305128
PIXEL,1738512000000,1738598400000,largo,3,0.0010681378237173723,0.0029,-0.0018318621762826275
LISTA,1738512000000,1738598400000,largo,3,0.002150307247217127,0.0029,-0.0007496927527828726
REQ,1738515600000,1738602000000,largo,3,0.0027931106577273658,0.0029,-0.00010688934227263405
ORBS,1738540800000,1738627200000,largo,4,-0.018069186743028043,0.0049,-0.022969186743028044
CYBER,1738544400000,1738630800000,largo,3,0.0006801475659167715,0.0029,-0.002219852434083228
RDNT,1738544400000,1738630800000,largo,2,0.0034652918501433274,0.0019,0.0015652918501433274
BNT,1738544400000,1738630800000,largo,4,0.00694078786849168,0.0049,0.00204078786849168
STG,1738544400000,1738630800000,largo,3,0.004167183380561698,0.0029,0.0012671833805616983
BADGER,1738544400000,1738630800000,largo,3,-0.0018500400756164127,0.0029,-0.004750040075616413
NTRN,1738544400000,1738630800000,largo,3,-0.003683423929054868,0.0029,-0.0065834239290548675
AI,1738544400000,1738630800000,largo,2,0.019997426848639994,0.0019,0.018097426848639995
MYRO,1738544400000,1738630800000,largo,3,0.010796386647922323,0.0029,0.007896386647922323
kDOGS,1738544400000,1738630800000,largo,2,-0.0020641920482333044,0.0019,-0.0039641920482333046
MYRO,1738645200000,1738731600000,largo,2,0.00615842476088269,0.0019,0.00425842476088269
CATI,1738645200000,1738731600000,largo,2,0.010843741041792473,0.0019,0.008943741041792472
ILV,1738868400000,1738954800000,largo,3,-0.0063977898193484425,0.0029,-0.009297789819348442
JELLY,1738890000000,1738976400000,corto,1,-0.005486586099471231,0.0013,-0.0067865860994712306
REQ,1738940400000,1739026800000,largo,4,-0.004348862114199826,0.0049,-0.009248862114199827
CYBER,1738958400000,1739044800000,largo,4,-0.005140508619520094,0.0049,-0.010040508619520095
RDNT,1738958400000,1739044800000,largo,2,-0.008526372375371653,0.0019,-0.010426372375371654
LISTA,1739023200000,1739109600000,corto,4,0.03801193612239424,0.0049,0.033111936122394235
ORBS,1739070000000,1739156400000,corto,4,-0.015282980935912748,0.0049,-0.020182980935912746
BADGER,1739106000000,1739192400000,largo,2,0.012010239809411247,0.0019,0.010110239809411246
OGN,1739134800000,1739221200000,largo,4,-0.0052496240828187575,0.0049,-0.010149624082818758
RDNT,1739134800000,1739221200000,largo,3,-0.011062649056524541,0.0029,-0.01396264905652454
NTRN,1739134800000,1739221200000,largo,4,-0.00015219541921163363,0.0049,-0.005052195419211633
kDOGS,1739134800000,1739221200000,largo,3,-0.006574572378289887,0.0029,-0.009474572378289886
CATI,1739134800000,1739221200000,largo,4,-0.007740547310365882,0.0049,-0.01264054731036588
LISTA,1739199600000,1739286000000,corto,4,0.005235113887914793,0.0049,0.0003351138879147935
BNT,1739278800000,1739365200000,largo,4,-0.014677624691323022,0.0049,-0.01957762469132302
STG,1739278800000,1739365200000,largo,3,-0.01510756407182937,0.0029,-0.01800756407182937
NTRN,1739278800000,1739365200000,largo,3,-0.01928220213712095,0.0029,-0.022182202137120948
ORBS,1739368800000,1739455200000,corto,3,0.009920950628994896,0.0029,0.007020950628994896
CYBER,1739376000000,1739462400000,corto,3,0.0015172974790348835,0.0029,-0.0013827025209651163
OGN,1739376000000,1739462400000,corto,4,0.014413328099193023,0.0049,0.009513328099193023
RDNT,1739376000000,1739462400000,corto,3,0.02054684180841999,0.0029,0.01764684180841999
ILV,1739376000000,1739462400000,corto,3,0.012957649150399137,0.0029,0.010057649150399138
CATI,1739570400000,1739656800000,largo,4,-0.0046727601300112715,0.0049,-0.009572760130011272
JELLY,1739570400000,1739656800000,largo,1,0.005582596841693959,0.0013,0.004282596841693959
LISTA,1739613600000,1739700000000,largo,2,-0.013653509126785758,0.0019,-0.015553509126785759
JELLY,1739671200000,1739757600000,corto,2,0.023611377810983013,0.0019,0.021711377810983014
STG,1739692800000,1739779200000,corto,3,0.030555638893751,0.0029,0.027655638893751
CYBER,1739804400000,1739890800000,largo,4,-0.02648753557116768,0.0049,-0.03138753557116768
OGN,1739804400000,1739890800000,largo,4,-0.020692583894259074,0.0049,-0.02559258389425907
REQ,1739804400000,1739890800000,largo,4,-0.013776520964596424,0.0049,-0.018676520964596426
AI,1739804400000,1739890800000,largo,3,-0.0333742169090663,0.0029,-0.0362742169090663
MYRO,1739804400000,1739890800000,largo,4,-0.032542481738376004,0.0049,-0.037442481738376006
kDOGS,1739804400000,1739890800000,largo,3,-0.032763764269419564,0.0029,-0.035663764269419564
BADGER,1739815200000,1739901600000,largo,3,0.0027602214659575184,0.0029,-0.00013977853404248137
LISTA,1739847600000,1739934000000,corto,3,0.003987787398996653,0.0029,0.0010877873989966532
JELLY,1739944800000,1740031200000,corto,2,0.020303369169279228,0.0019,0.01840336916927923
RDNT,1740009600000,1740096000000,corto,3,-0.018922040431216546,0.0029,-0.021822040431216546
ORBS,1740052800000,1740139200000,corto,4,0.0012005965695358,0.0049,-0.0036994034304642
LISTA,1740096000000,1740182400000,corto,3,0.004870858338662924,0.0029,0.001970858338662924
ILV,1740099600000,1740186000000,largo,4,-0.001469827968147457,0.0049,-0.006369827968147457
CYBER,1740150000000,1740236400000,largo,4,0.014371156425543097,0.0049,0.009471156425543097
OGN,1740150000000,1740236400000,largo,4,0.01057895004347256,0.0049,0.005678950043472561
REQ,1740150000000,1740236400000,largo,4,0.0,0.0049,-0.0049
STG,1740150000000,1740236400000,largo,3,0.008523454378030884,0.0029,0.005623454378030884
PIXEL,1740150000000,1740236400000,largo,2,0.0159118173812626,0.0019,0.014011817381262599
MYRO,1740150000000,1740236400000,largo,4,0.07124184787201272,0.0049,0.06634184787201272
kDOGS,1740150000000,1740236400000,largo,3,0.028708553561854314,0.0029,0.025808553561854315
CATI,1740150000000,1740236400000,largo,3,0.021200626236644864,0.0029,0.018300626236644864
BADGER,1740232800000,1740319200000,largo,2,-0.007251702639452301,0.0019,-0.009151702639452301
OGN,1740301200000,1740387600000,corto,4,-0.000012998069786758783,0.0049,-0.004912998069786759
LISTA,1740319200000,1740405600000,largo,3,-0.024514501950412326,0.0029,-0.027414501950412326
AI,1740358800000,1740445200000,largo,3,-0.0023050677345830767,0.0029,-0.0052050677345830765
CATI,1740373200000,1740459600000,corto,4,-0.02357209907426669,0.0049,-0.02847209907426669
CYBER,1740434400000,1740520800000,largo,4,-0.007643518652763656,0.0049,-0.012543518652763656
OGN,1740434400000,1740520800000,largo,4,-0.0014848842922888827,0.0049,-0.006384884292288883
RDNT,1740434400000,1740520800000,largo,3,0.002243467263866097,0.0029,-0.000656532736133903
BNT,1740434400000,1740520800000,largo,4,-0.004021825936668648,0.0049,-0.008921825936668647
ILV,1740434400000,1740520800000,largo,4,-0.0011243602687593703,0.0049,-0.00602436026875937
NTRN,1740434400000,1740520800000,largo,4,0.00785463897612368,0.0049,0.002954638976123681
PIXEL,1740434400000,1740520800000,largo,3,-0.005268569988596861,0.0029,-0.008168569988596861
MYRO,1740434400000,1740520800000,largo,4,-0.020271487193805383,0.0049,-0.02517148719380538
kDOGS,1740434400000,1740520800000,largo,4,-0.0001256676093390271,0.0049,-0.005025667609339027
JELLY,1740495600000,1740582000000,corto,1,0.011876738843246975,0.0013,0.010576738843246974
STG,1740618000000,1740704400000,corto,3,0.022970397304453896,0.0029,0.020070397304453896
CYBER,1740704400000,1740790800000,largo,4,0.011369699059839394,0.0049,0.0064696990598393945
OGN,1740704400000,1740790800000,largo,4,0.012159547692806612,0.0049,0.007259547692806612
RDNT,1740704400000,1740790800000,largo,3,0.012862793655291298,0.0029,0.009962793655291298
BNT,1740704400000,1740790800000,largo,4,0.0044715521660736324,0.0049,-0.0004284478339263674
ORBS,1740704400000,1740790800000,largo,4,0.018854287214535387,0.0049,0.013954287214535387
BADGER,1740704400000,1740790800000,largo,2,0.01147228540488952,0.0019,0.00957228540488952
ILV,1740704400000,1740790800000,largo,4,0.00825563071662778,0.0049,0.0033556307166277798
NTRN,1740704400000,1740790800000,largo,3,0.009333130557854006,0.0029,0.0064331305578540065
PIXEL,1740704400000,1740790800000,largo,2,0.013292256887303068,0.0019,0.011392256887303068
REQ,1740848400000,1740934800000,corto,4,-0.005682842500293196,0.0049,-0.010582842500293196
CATI,1740902400000,1740988800000,corto,4,0.012103600428872326,0.0049,0.007203600428872326
CYBER,1740927600000,1741014000000,corto,3,-0.014016331683104477,0.0029,-0.016916331683104475
OGN,1740927600000,1741014000000,corto,4,-0.008552367043351529,0.0049,-0.013452367043351529
BADGER,1740927600000,1741014000000,corto,4,0.0036944054564608886,0.0049,-0.0012055945435391112
ILV,1740927600000,1741014000000,corto,4,-0.0021133807666046177,0.0049,-0.007013380766604618
NTRN,1740927600000,1741014000000,corto,4,-0.00606954779392735,0.0049,-0.01096954779392735
PIXEL,1740927600000,1741014000000,corto,4,-0.005472847644626663,0.0049,-0.010372847644626662
AI,1740927600000,1741014000000,corto,4,-0.008259685003866264,0.0049,-0.013159685003866264
LISTA,1740927600000,1741014000000,corto,3,0.0029079541798186143,0.0029,7.954179818614546e-6
kDOGS,1740927600000,1741014000000,corto,4,-0.007578558179919838,0.0049,-0.012478558179919837
RDNT,1740931200000,1741017600000,corto,3,-0.0004727014978117679,0.0029,-0.0033727014978117676
BNT,1740931200000,1741017600000,corto,3,-0.002327245827420704,0.0029,-0.005227245827420703
ORBS,1740931200000,1741017600000,corto,4,-0.001250566151898902,0.0049,-0.006150566151898902
STG,1740931200000,1741017600000,corto,4,-0.0013979033729229547,0.0049,-0.006297903372922954
BADGER,1741046400000,1741132800000,largo,3,-0.0017795295299518385,0.0029,-0.0046795295299518385
PIXEL,1741050000000,1741136400000,largo,2,0.00730989431714625,0.0019,0.00540989431714625
NEIROETH,1741266000000,1741352400000,largo,1,-0.04433315956734874,0.0013,-0.045633159567348744
REQ,1741280400000,1741366800000,largo,2,0.005994904668389584,0.0019,0.004094904668389584
CYBER,1741305600000,1741392000000,largo,4,0.0030696688649563173,0.0049,-0.0018303311350436825
OGN,1741305600000,1741392000000,largo,4,0.006300070175599335,0.0049,0.0014000701755993352
RDNT,1741305600000,1741392000000,largo,3,0.005891783118515191,0.0029,0.002991783118515191
BNT,1741305600000,1741392000000,largo,4,0.003635458776687037,0.0049,-0.0012645412233129628
ORBS,1741305600000,1741392000000,largo,4,0.008715819021332968,0.0049,0.003815819021332968
BADGER,1741305600000,1741392000000,largo,4,0.0031637691862907514,0.0049,-0.0017362308137092485
ILV,1741305600000,1741392000000,largo,4,-0.002317207863210328,0.0049,-0.007217207863210328
NTRN,1741305600000,1741392000000,largo,3,0.0006683152023127603,0.0029,-0.0022316847976872395
PIXEL,1741305600000,1741392000000,largo,3,0.0064333977616902955,0.0029,0.0035333977616902957
AI,1741305600000,1741392000000,largo,3,0.009846475772062803,0.0029,0.006946475772062803
OMNI,1741305600000,1741392000000,largo,3,0.0019492156629935347,0.0029,-0.0009507843370064651
LISTA,1741305600000,1741392000000,largo,3,0.002861695751702873,0.0029,-0.00003830424829712664
kDOGS,1741305600000,1741392000000,largo,4,0.010909838986300357,0.0049,0.006009838986300357
STG,1741514400000,1741600800000,largo,4,-0.0029735987048309077,0.0049,-0.007873598704830908
OGN,1741525200000,1741611600000,largo,2,-0.027308581657386033,0.0019,-0.029208581657386032
CYBER,1741536000000,1741622400000,largo,4,-0.014684551682920956,0.0049,-0.019584551682920955
MKR,1741539600000,1741626000000,largo,1,-0.03227269443735436,0.0013,-0.03357269443735436
CATI,1741539600000,1741626000000,corto,4,0.015921316266335136,0.0049,0.011021316266335136
REQ,1741550400000,1741636800000,largo,2,0.014585655172221325,0.0019,0.012685655172221325
BADGER,1741561200000,1741647600000,largo,4,-0.020219241733176734,0.0049,-0.025119241733176735
MYRO,1741564800000,1741651200000,corto,4,0.03676366625078699,0.0049,0.03186366625078699
JELLY,1741615200000,1741701600000,largo,3,0.2227233930484177,0.0029,0.2198233930484177
ORBS,1741651200000,1741737600000,largo,4,-0.0047048959466926155,0.0049,-0.009604895946692615
NTRN,1741726800000,1741813200000,corto,4,-0.001090342787148594,0.0049,-0.005990342787148594
NEIROETH,1741831200000,1741917600000,corto,2,0.0031840365654954416,0.0019,0.0012840365654954416
ILV,1741878000000,1741964400000,largo,4,0.007760727536166315,0.0049,0.002860727536166315
OMNI,1741993200000,1742079600000,largo,3,-0.0006127075738522849,0.0029,-0.0035127075738522846
LISTA,1742025600000,1742112000000,largo,4,-0.014823598067939116,0.0049,-0.019723598067939115
kDOGS,1742047200000,1742133600000,corto,4,-0.017622222429448393,0.0049,-0.022522222429448395
CATI,1742047200000,1742133600000,corto,3,0.05753597088968831,0.0029,0.05463597088968831
ORBS,1742115600000,1742202000000,largo,4,0.00005182286944391639,0.0049,-0.004848177130556084
REQ,1742119200000,1742205600000,largo,2,-0.005970166986503908,0.0019,-0.007870166986503908
OGN,1742122800000,1742209200000,largo,4,-0.004325219321604234,0.0049,-0.009225219321604233
BNT,1742122800000,1742209200000,largo,3,-0.0003242906171233293,0.0029,-0.0032242906171233293
BADGER,1742122800000,1742209200000,largo,3,-0.0025728767443346802,0.0029,-0.0054728767443346805
LISTA,1742180400000,1742266800000,corto,4,0.007217842673167233,0.0049,0.0023178426731672334
ORBS,1742259600000,1742346000000,corto,1,0.012889331726102193,0.0013,0.011589331726102194
CYBER,1742302800000,1742389200000,corto,3,0.005803682508683997,0.0029,0.002903682508683997
NTRN,1742310000000,1742396400000,largo,3,0.0007501108469962938,0.0029,-0.002149889153003706
kDOGS,1742310000000,1742396400000,largo,3,-0.002966522870525378,0.0029,-0.005866522870525378
BADGER,1742317200000,1742403600000,largo,2,-0.009679832138982951,0.0019,-0.011579832138982952
RDNT,1742324400000,1742410800000,corto,3,0.0005578800702569834,0.0029,-0.0023421199297430162
OGN,1742328000000,1742414400000,corto,4,0.00004510837287346755,0.0049,-0.004854891627126532
STG,1742371200000,1742457600000,corto,4,-0.005500153699767282,0.0049,-0.010400153699767281
JELLY,1742389200000,1742475600000,corto,2,-0.00427432004740839,0.0019,-0.006174320047408389
NEIROETH,1742400000000,1742486400000,corto,3,0.013303116768720053,0.0029,0.010403116768720053
LISTA,1742414400000,1742500800000,corto,3,0.0059592959012679915,0.0029,0.0030592959012679917
NEIROETH,1742580000000,1742666400000,corto,2,0.0030690895188907512,0.0019,0.0011690895188907512
CYBER,1742662800000,1742749200000,corto,4,0.0008647354781043363,0.0049,-0.004035264521895663
NTRN,1742662800000,1742749200000,corto,4,0.00047983001229073597,0.0049,-0.004420169987709264
ILV,1742698800000,1742785200000,corto,4,-0.014194268671299623,0.0049,-0.019094268671299625
REQ,1742724000000,1742810400000,corto,3,0.004296179506966534,0.0029,0.0013961795069665339
OMNI,1742724000000,1742810400000,corto,3,0.003189087712737598,0.0029,0.00028908771273759805
JELLY,1742749200000,1742835600000,corto,2,0.010321822176562412,0.0019,0.008421822176562411
STG,1742778000000,1742864400000,largo,3,-0.017072449781032173,0.0029,-0.019972449781032173
MYRO,1742824800000,1742911200000,largo,4,0.01843634932175206,0.0049,0.01353634932175206
NEIROETH,1742828400000,1742914800000,largo,2,-0.011011477232146405,0.0019,-0.012911477232146406
CYBER,1742994000000,1743080400000,largo,4,-0.005185720615212657,0.0049,-0.010085720615212658
RDNT,1742994000000,1743080400000,largo,4,-0.0017671242737681428,0.0049,-0.006667124273768143
NTRN,1742994000000,1743080400000,largo,4,-0.0029230074621600407,0.0049,-0.007823007462160041
AI,1742994000000,1743080400000,largo,4,-0.008877538382431199,0.0049,-0.013777538382431198
REQ,1743066000000,1743152400000,largo,3,0.00033858134740239994,0.0029,-0.0025614186525976
OGN,1743084000000,1743170400000,corto,4,0.008345852973458625,0.0049,0.0034458529734586255
RDNT,1743134400000,1743220800000,largo,4,-0.002537535724061593,0.0049,-0.007437535724061592
ORBS,1743134400000,1743220800000,largo,1,0.004377075420003764,0.0013,0.003077075420003764
STG,1743134400000,1743220800000,largo,3,-0.006914832388135122,0.0029,-0.009814832388135122
LISTA,1743134400000,1743220800000,largo,4,-0.00627457472513066,0.0049,-0.01117457472513066
REQ,1743159600000,1743246000000,corto,4,-0.014728533826178107,0.0049,-0.01962853382617811
NEIROETH,1743188400000,1743274800000,largo,2,0.0023307123382178677,0.0019,0.00043071233821786775
BADGER,1743292800000,1743379200000,corto,2,0.01266242646255064,0.0019,0.010762426462550639
NEIROETH,1743325200000,1743411600000,corto,3,0.005806418635879683,0.0029,0.002906418635879683
kDOGS,1743386400000,1743472800000,largo,4,0.033554899367960744,0.0049,0.028654899367960743
STG,1743501600000,1743588000000,largo,3,-0.014588226225562866,0.0029,-0.017488226225562866
LISTA,1743501600000,1743588000000,largo,4,-0.008700435524729247,0.0049,-0.013600435524729247
CATI,1743501600000,1743588000000,largo,4,-0.003426533444106644,0.0049,-0.008326533444106644
CYBER,1743530400000,1743616800000,largo,4,0.0030498159864558922,0.0049,-0.0018501840135441076
BADGER,1743552000000,1743638400000,largo,4,0.012628891835009029,0.0049,0.007728891835009029
LISTA,1743595200000,1743681600000,largo,4,-0.024810718176902953,0.0049,-0.029710718176902955
ORBS,1743598800000,1743685200000,corto,3,-0.009049835519918076,0.0029,-0.011949835519918076
MKR,1743631200000,1743717600000,largo,1,0.016462867464533112,0.0013,0.015162867464533113
CYBER,1743631200000,1743717600000,largo,4,0.007222823321738532,0.0049,0.0023228233217385324
RDNT,1743631200000,1743717600000,largo,3,-0.006315706590680075,0.0029,-0.009215706590680075
BNT,1743631200000,1743717600000,largo,4,-0.00279784494241711,0.0049,-0.00769784494241711
STG,1743631200000,1743717600000,largo,3,0.0009265568178891294,0.0029,-0.0019734431821108703
ILV,1743631200000,1743717600000,largo,3,-0.00016244314525659561,0.0029,-0.0030624431452565956
NTRN,1743631200000,1743717600000,largo,4,-0.0033073500500015204,0.0049,-0.00820735005000152
PIXEL,1743631200000,1743717600000,largo,3,0.00035983448002362476,0.0029,-0.002540165519976375
AI,1743631200000,1743717600000,largo,3,-0.002497949412930222,0.0029,-0.005397949412930222
OMNI,1743631200000,1743717600000,largo,3,-0.0070159636639803855,0.0029,-0.009915963663980384
CATI,1743649200000,1743735600000,largo,4,-0.004891121872536969,0.0049,-0.00979112187253697
NEIROETH,1743786000000,1743872400000,corto,2,0.09742211300746824,0.0019,0.09552211300746824
CATI,1743854400000,1743940800000,largo,3,-0.005886060338371879,0.0029,-0.00878606033837188
LISTA,1743858000000,1743944400000,largo,4,-0.021868853699003533,0.0049,-0.02676885369900353
CYBER,1743944400000,1744030800000,largo,4,0.0292535506291229,0.0049,0.0243535506291229
OGN,1743944400000,1744030800000,largo,4,0.030055602436065143,0.0049,0.02515560243606514
AI,1743944400000,1744030800000,largo,4,0.03518608071772895,0.0049,0.030286080717728946
MKR,1743958800000,1744045200000,largo,1,0.02663883342087127,0.0013,0.02533883342087127
RDNT,1743958800000,1744045200000,largo,4,0.013733784630457711,0.0049,0.008833784630457711
LISTA,1743958800000,1744045200000,largo,4,0.013744847390090562,0.0049,0.008844847390090562
STG,1743962400000,1744048800000,largo,4,-0.0038148944350151178,0.0049,-0.008714894435015118
BADGER,1743962400000,1744048800000,largo,4,-0.011708681002707277,0.0049,-0.01660868100270728
BADGER,1744092000000,1744178400000,largo,3,-0.016474837203505097,0.0029,-0.019374837203505097
NEIROETH,1744138800000,1744225200000,largo,2,-0.026784989307122798,0.0019,-0.028684989307122797
CATI,1744210800000,1744297200000,corto,4,0.0015553133956371563,0.0049,-0.0033446866043628436
MKR,1744218000000,1744304400000,corto,1,-0.00015687504934515384,0.0013,-0.0014568750493451537
CYBER,1744218000000,1744304400000,corto,4,-0.003233608287706721,0.0049,-0.00813360828770672
OGN,1744218000000,1744304400000,corto,4,-0.0020094173542866706,0.0049,-0.0069094173542866705
RDNT,1744218000000,1744304400000,corto,4,0.0020363149748139947,0.0049,-0.002863685025186005
REQ,1744218000000,1744304400000,corto,4,-0.009242897295670604,0.0049,-0.014142897295670604
STG,1744218000000,1744304400000,corto,4,-0.0009543324607869944,0.0049,-0.005854332460786994
PIXEL,1744218000000,1744304400000,corto,3,-0.0038791207866914475,0.0029,-0.006779120786691448
AI,1744218000000,1744304400000,corto,3,0.005403892651912167,0.0029,0.0025038926519121672
OMNI,1744218000000,1744304400000,corto,4,-0.005402724988462642,0.0049,-0.01030272498846264
LISTA,1744218000000,1744304400000,corto,4,-0.012560875246160725,0.0049,-0.017460875246160724
kDOGS,1744218000000,1744304400000,corto,4,0.0008712319770463094,0.0049,-0.0040287680229536904
STG,1744416000000,1744502400000,corto,4,0.0019738215425536033,0.0049,-0.0029261784574463965
NEIROETH,1744462800000,1744549200000,corto,3,0.01895924697360006,0.0029,0.01605924697360006
OGN,1744570800000,1744657200000,largo,4,-0.002300119760042281,0.0049,-0.0072001197600422805
OMNI,1744570800000,1744657200000,largo,3,-0.008385108478230293,0.0029,-0.011285108478230292
kDOGS,1744570800000,1744657200000,largo,4,-0.004910886551981296,0.0049,-0.009810886551981295
NEIROETH,1744624800000,1744711200000,corto,2,-0.002982038988280937,0.0019,-0.004882038988280937
NEIROETH,1744768800000,1744855200000,largo,2,-0.007782573051927512,0.0019,-0.009682573051927513
AI16Z,1745096400000,1745182800000,corto,2,0.0037882746685618056,0.0019,0.0018882746685618056
OMNI,1745121600000,1745208000000,corto,4,-0.014105670840970681,0.0049,-0.01900567084097068
kDOGS,1745128800000,1745215200000,corto,4,0.0017079423451561474,0.0049,-0.0031920576548438526
OGN,1745136000000,1745222400000,corto,4,0.009871519953300063,0.0049,0.004971519953300063
NEIROETH,1745208000000,1745294400000,corto,3,0.030794044304129603,0.0029,0.027894044304129603
STG,1745233200000,1745319600000,largo,4,-0.002234405564708489,0.0049,-0.007134405564708488
OMNI,1745244000000,1745330400000,corto,4,-0.008947922034897943,0.0049,-0.013847922034897943
AI16Z,1745251200000,1745337600000,largo,1,-0.01684002983376969,0.0013,-0.01814002983376969
kDOGS,1745272800000,1745359200000,largo,4,0.007014327136520483,0.0049,0.0021143271365204833
NEIROETH,1745334000000,1745420400000,corto,1,-0.02930316355263948,0.0013,-0.03060316355263948
NEIROETH,1745481600000,1745568000000,largo,1,-0.016774682660610402,0.0013,-0.0180746826606104
MKR,1745575200000,1745661600000,largo,1,0.0000667579024913599,0.0013,-0.0012332420975086401
OGN,1745629200000,1745715600000,corto,4,0.030516453308275304,0.0049,0.025616453308275305
MKR,1745715600000,1745802000000,largo,1,-0.005738112608882232,0.0013,-0.007038112608882232
STG,1745715600000,1745802000000,largo,4,-0.005310054411565859,0.0049,-0.01021005441156586
OMNI,1745715600000,1745802000000,largo,4,-0.03508422719517996,0.0049,-0.03998422719517996
NEIROETH,1745722800000,1745809200000,largo,1,-0.01954399967681315,0.0013,-0.02084399967681315
MKR,1746014400000,1746100800000,largo,1,-0.0020283319022587286,0.0013,-0.0033283319022587286
OGN,1746018000000,1746104400000,largo,4,-0.015684896247712264,0.0049,-0.020584896247712266
STG,1746018000000,1746104400000,largo,4,-0.010277582758240185,0.0049,-0.015177582758240184
kDOGS,1746115200000,1746201600000,corto,4,-0.019289289541207132,0.0049,-0.02418928954120713
OMNI,1746180000000,1746266400000,largo,4,-0.018478347895561267,0.0049,-0.023378347895561265
NEIROETH,1746295200000,1746381600000,corto,2,0.002855674268840614,0.0019,0.0009556742688406142
NEIROETH,1746522000000,1746608400000,corto,2,0.007802173645234833,0.0019,0.005902173645234834
kDOGS,1746568800000,1746655200000,corto,4,-0.012453819672819472,0.0049,-0.017353819672819473
AI16Z,1746568800000,1746655200000,corto,1,-0.022159174656956913,0.0013,-0.023459174656956912
MKR,1746673200000,1746759600000,corto,1,0.0026811230142570644,0.0013,0.0013811230142570644
NEIROETH,1746676800000,1746763200000,corto,2,0.04417318159334673,0.0019,0.04227318159334673
STG,1746709200000,1746795600000,largo,4,0.007922760185947583,0.0049,0.003022760185947583
OMNI,1746720000000,1746806400000,corto,4,0.020105341963078283,0.0049,0.015205341963078283
NEIROETH,1746896400000,1746982800000,corto,1,0.008129422959870708,0.0013,0.006829422959870708
OMNI,1747058400000,1747144800000,largo,4,-0.008765694823650002,0.0049,-0.013665694823650001
NEIROETH,1747069200000,1747155600000,largo,1,0.04106092396082801,0.0013,0.039760923960828004
REQ,1747432800000,1747519200000,largo,4,-0.0037891648286698196,0.0049,-0.00868916482866982
NEIROETH,1747544400000,1747630800000,corto,2,0.005185571436428183,0.0019,0.003285571436428183
MKR,1747587600000,1747674000000,largo,2,0.0032020520474798347,0.0019,0.0013020520474798347
REQ,1747591200000,1747677600000,largo,4,-0.0033438137221873097,0.0049,-0.008243813722187309
NEIROETH,1747666800000,1747753200000,corto,2,0.03754967397327582,0.0019,0.03564967397327582
MKR,1747746000000,1747832400000,largo,1,0.009198110265488602,0.0013,0.007898110265488603
kDOGS,1747767600000,1747854000000,corto,4,-0.021147258469423644,0.0049,-0.026047258469423643
MKR,1747846800000,1747933200000,largo,1,0.005393632538531062,0.0013,0.0040936325385310625
OGN,1747846800000,1747933200000,largo,4,0.012903404835907782,0.0049,0.008003404835907783
STG,1747846800000,1747933200000,largo,4,0.003642106733318614,0.0049,-0.0012578932666813857
MKR,1747998000000,1748084400000,largo,1,-0.002037392842826069,0.0013,-0.003337392842826069
OGN,1747998000000,1748084400000,largo,3,-0.005863786432768637,0.0029,-0.008763786432768636
STG,1747998000000,1748084400000,largo,4,-0.0021432953703818193,0.0049,-0.007043295370381819
OMNI,1747998000000,1748084400000,largo,4,-0.001154401282601464,0.0049,-0.006054401282601464
kDOGS,1747998000000,1748084400000,largo,4,-0.003353653565074025,0.0049,-0.008253653565074025
NEIROETH,1747998000000,1748084400000,largo,2,-0.01707065370297964,0.0019,-0.01897065370297964
AI16Z,1747998000000,1748084400000,largo,1,-0.009502447096396416,0.0013,-0.010802447096396415
MKR,1748131200000,1748217600000,largo,2,0.004123467124504095,0.0019,0.002223467124504095
OMNI,1748210400000,1748296800000,corto,4,0.008158187701463582,0.0049,0.0032581877014635826
kDOGS,1748210400000,1748296800000,corto,4,0.004200990093010146,0.0049,-0.0006990099069898534
AI16Z,1748210400000,1748296800000,corto,1,0.007734202339723379,0.0013,0.006434202339723379
LAUNCHCOIN,1748275200000,1748361600000,corto,1,0.0044672517285052026,0.0013,0.0031672517285052026
MKR,1748332800000,1748419200000,corto,2,-0.005658915829827931,0.0019,-0.007558915829827931
NEIROETH,1748361600000,1748448000000,corto,2,0.0017082132586996872,0.0019,-0.0001917867413003128
LAUNCHCOIN,1748368800000,1748455200000,largo,1,-0.018948260163376834,0.0013,-0.020248260163376833
OGN,1748563200000,1748649600000,largo,4,-0.05793778541465254,0.0049,-0.06283778541465254
STG,1748563200000,1748649600000,largo,4,-0.013460376449152085,0.0049,-0.018360376449152085
kDOGS,1748563200000,1748649600000,largo,4,-0.029682463933880156,0.0049,-0.034582463933880155
AI16Z,1748563200000,1748649600000,largo,1,-0.02506227411579782,0.0013,-0.02636227411579782
LAUNCHCOIN,1748563200000,1748649600000,largo,1,-0.009547026167424134,0.0013,-0.010847026167424133
LAUNCHCOIN,1748822400000,1748908800000,corto,1,0.04583012254095519,0.0013,0.04453012254095519
MKR,1748872800000,1748959200000,corto,1,-0.008078759630332364,0.0013,-0.009378759630332363
NEIROETH,1748894400000,1748980800000,corto,2,0.022314302717234998,0.0019,0.020414302717235
LAUNCHCOIN,1749049200000,1749135600000,corto,1,-0.02532448709636877,0.0013,-0.02662448709636877
OGN,1749063600000,1749150000000,corto,4,0.004068317081212333,0.0049,-0.0008316829187876669
STG,1749106800000,1749193200000,corto,4,-0.0021337534065654852,0.0049,-0.007033753406565485
MKR,1749135600000,1749222000000,corto,1,0.013076560352467428,0.0013,0.011776560352467429
AI16Z,1749380400000,1749466800000,corto,1,-0.0011847042916095236,0.0013,-0.0024847042916095238
kDOGS,1749416400000,1749502800000,corto,4,-0.026409818377908536,0.0049,-0.031309818377908534
LAUNCHCOIN,1749420000000,1749506400000,largo,1,0.0035925376414944203,0.0013,0.0022925376414944204
MKR,1749456000000,1749542400000,corto,1,-0.0005702880108938365,0.0013,-0.0018702880108938365
NEIROETH,1749459600000,1749546000000,largo,2,0.0040501000007385135,0.0019,0.0021501000007385137
MKR,1749553200000,1749639600000,corto,1,0.0029419339904556783,0.0013,0.0016419339904556783
NEIROETH,1749556800000,1749643200000,corto,2,-0.01169015749290936,0.0019,-0.013590157492909361
MKR,1749744000000,1749830400000,corto,1,-0.022778187408744162,0.0013,-0.02407818740874416
OGN,1749772800000,1749859200000,largo,4,-0.0001935359015136769,0.0049,-0.005093535901513677
STG,1749772800000,1749859200000,largo,4,-0.004485371070435829,0.0049,-0.009385371070435829
AI16Z,1749772800000,1749859200000,largo,1,-0.0033868176227305775,0.0013,-0.004686817622730577
OGN,1749974400000,1750060800000,corto,4,0.00041030232396412666,0.0049,-0.004489697676035873
STG,1750024800000,1750111200000,corto,4,0.015348554933749514,0.0049,0.010448554933749514
FXS,1750111200000,1750197600000,largo,3,-0.004817515645317457,0.0029,-0.007717515645317457
OGN,1750111200000,1750197600000,largo,3,-0.006998980704993853,0.0029,-0.009898980704993853
OMNI,1750111200000,1750197600000,largo,4,-0.0010325246141892643,0.0049,-0.005932524614189264
kDOGS,1750111200000,1750197600000,largo,4,-0.001984521389548992,0.0049,-0.006884521389548991
OMNI,1750276800000,1750363200000,corto,4,-0.0002933669748502354,0.0049,-0.005193366974850235
kDOGS,1750276800000,1750363200000,corto,4,-0.0012589505164272306,0.0049,-0.006158950516427231
AI16Z,1750402800000,1750489200000,corto,2,-0.009739296564413549,0.0019,-0.01163929656441355
MKR,1750428000000,1750514400000,largo,1,0.0022544204418061243,0.0013,0.0009544204418061243
OMNI,1750428000000,1750514400000,largo,3,0.0017704342187129713,0.0029,-0.0011295657812870285
LAUNCHCOIN,1750428000000,1750514400000,largo,1,-0.022136140643701795,0.0013,-0.023436140643701794
OGN,1750438800000,1750525200000,largo,4,-0.015648597702914678,0.0049,-0.02054859770291468
kDOGS,1750525200000,1750611600000,largo,4,0.01227235702559822,0.0049,0.007372357025598221
MKR,1750539600000,1750626000000,largo,1,-0.005379694331824944,0.0013,-0.006679694331824944
FXS,1750539600000,1750626000000,largo,3,-0.015179662611172418,0.0029,-0.018079662611172418
OGN,1750539600000,1750626000000,largo,4,-0.010268960433926083,0.0049,-0.015168960433926083
STG,1750539600000,1750626000000,largo,4,-0.009076798850104017,0.0049,-0.013976798850104017
NEIROETH,1750611600000,1750698000000,corto,1,-0.02786837076630048,0.0013,-0.02916837076630048
MKR,1750629600000,1750716000000,corto,1,-0.01214996370261259,0.0013,-0.013449963702612588
AI16Z,1750716000000,1750802400000,corto,1,0.00851555730469535,0.0013,0.007215557304695351
NEIROETH,1750856400000,1750942800000,corto,2,0.013518789167754447,0.0019,0.011618789167754447
LAUNCHCOIN,1751133600000,1751220000000,corto,1,-0.022493419078840976,0.0013,-0.023793419078840975
OGN,1751184000000,1751270400000,corto,4,0.00930671278812939,0.0049,0.00440671278812939
FXS,1751234400000,1751320800000,corto,3,0.0056365790698270305,0.0029,0.0027365790698270307
STG,1751234400000,1751320800000,corto,4,-0.00019580328359401652,0.0049,-0.005095803283594017
OMNI,1751234400000,1751320800000,corto,4,0.0070873781282824845,0.0049,0.0021873781282824847
kDOGS,1751234400000,1751320800000,corto,4,0.005981297204489464,0.0049,0.0010812972044894646
NEIROETH,1751234400000,1751320800000,corto,3,0.0033731428747252206,0.0029,0.0004731428747252208
AI16Z,1751234400000,1751320800000,corto,1,0.01422788228720539,0.0013,0.01292788228720539
FXS,1751353200000,1751439600000,corto,3,-0.00035399125505558,0.0029,-0.00325399125505558
OMNI,1751410800000,1751497200000,corto,4,0.009134753592306194,0.0049,0.0042347535923061945
OGN,1751468400000,1751554800000,corto,4,0.012122041849680942,0.0049,0.007222041849680942
STG,1751472000000,1751558400000,corto,4,-0.0057072598007117175,0.0049,-0.010607259800711717
kDOGS,1751472000000,1751558400000,corto,4,-0.002553704256971141,0.0049,-0.007453704256971141
OMNI,1751536800000,1751623200000,largo,4,-0.012716126208576846,0.0049,-0.017616126208576846
FXS,1751641200000,1751727600000,largo,3,-0.0050346882614579975,0.0029,-0.007934688261457996
AI16Z,1751691600000,1751778000000,corto,1,0.004826516022308073,0.0013,0.0035265160223080733
OMNI,1751799600000,1751886000000,corto,3,0.0021761266528688744,0.0029,-0.0007238733471311254
LAUNCHCOIN,1751846400000,1751932800000,corto,1,-0.05475788457100133,0.0013,-0.05605788457100133
OGN,1751900400000,1751986800000,corto,4,-0.0068087216982532315,0.0049,-0.011708721698253231
REQ,1752152400000,1752238800000,largo,4,-0.006344139612717222,0.0049,-0.011244139612717221
OMNI,1752181200000,1752267600000,corto,4,0.07023187041157349,0.0049,0.06533187041157348
NEIROETH,1752228000000,1752314400000,largo,1,0.014507856607367066,0.0013,0.013207856607367067
FXS,1752451200000,1752537600000,corto,2,-0.000996296458924356,0.0019,-0.002896296458924356
REQ,1752454800000,1752541200000,largo,4,0.001289583213536052,0.0049,-0.0036104167864639478
OMNI,1752523200000,1752609600000,corto,2,-0.022509871639296058,0.0019,-0.024409871639296057
OGN,1752584400000,1752670800000,corto,4,-0.007417459149314327,0.0049,-0.012317459149314328
LAUNCHCOIN,1752620400000,1752706800000,corto,1,0.03015164150021039,0.0013,0.02885164150021039
NEIROETH,1752696000000,1752782400000,corto,2,-0.009058032946745639,0.0019,-0.01095803294674564
NEIROETH,1752800400000,1752886800000,corto,1,-0.00007969079973916671,0.0013,-0.0013796907997391666
FXS,1752944400000,1753030800000,largo,1,-0.00171255134099422,0.0013,-0.00301255134099422
OGN,1753009200000,1753095600000,corto,4,0.00011552847067584412,0.0049,-0.004784471529324156
NEIROETH,1753117200000,1753203600000,largo,2,-0.011741201032709998,0.0019,-0.013641201032709998
FXS,1753218000000,1753304400000,corto,1,-0.005229023244119539,0.0013,-0.006529023244119539
LAUNCHCOIN,1753250400000,1753336800000,largo,1,-0.024687809593850633,0.0013,-0.025987809593850632
REQ,1753358400000,1753444800000,corto,4,0.00006717495720133488,0.0049,-0.004832825042798665
FXS,1753545600000,1753632000000,corto,1,-0.006590448354901668,0.0013,-0.007890448354901668
LAUNCHCOIN,1753578000000,1753664400000,corto,1,-0.006423767797802775,0.0013,-0.007723767797802775
OMNI,1753592400000,1753678800000,corto,4,0.009283275398665724,0.0049,0.004383275398665724
REQ,1753610400000,1753696800000,corto,4,-0.0027606994569805087,0.0049,-0.007660699456980509
kDOGS,1753610400000,1753696800000,corto,4,0.005998060726434255,0.0049,0.0010980607264342553
NEIROETH,1753635600000,1753722000000,corto,2,0.0049439784290181595,0.0019,0.0030439784290181597
FXS,1753707600000,1753794000000,largo,1,-0.018619259526030545,0.0013,-0.019919259526030544
STG,1753707600000,1753794000000,largo,4,-0.00950125912414014,0.0049,-0.01440125912414014
OMNI,1753758000000,1753844400000,corto,3,-0.0004843277940891285,0.0029,-0.003384327794089128
NEIROETH,1753765200000,1753851600000,corto,2,-0.005830920310793144,0.0019,-0.0077309203107931435
FXS,1753884000000,1753970400000,corto,1,0.015857109755036455,0.0013,0.014557109755036456
NEIROETH,1753970400000,1754056800000,largo,2,0.024571260730505327,0.0019,0.02267126073050533
AI16Z,1754265600000,1754352000000,corto,2,0.005736372760886656,0.0019,0.003836372760886656
NEIROETH,1754316000000,1754402400000,corto,2,-0.004812659684415458,0.0019,-0.006712659684415458
FXS,1754362800000,1754449200000,largo,2,-0.005366984461303797,0.0019,-0.007266984461303797
AI16Z,1754456400000,1754542800000,corto,2,-0.008672663369064429,0.0019,-0.01057266336906443
OMNI,1754492400000,1754578800000,corto,2,0.03537506724877892,0.0019,0.03347506724877892
LAUNCHCOIN,1754492400000,1754578800000,corto,1,-0.019131493596315583,0.0013,-0.020431493596315582
FXS,1754557200000,1754643600000,corto,2,0.0055388294111668075,0.0019,0.0036388294111668077
NEIROETH,1754557200000,1754643600000,corto,2,0.002277905312993954,0.0019,0.0003779053129939539
AI16Z,1754560800000,1754647200000,corto,2,-0.00275513037751127,0.0019,-0.00465513037751127
MKR,1754715600000,1754802000000,corto,1,0.007552224367801695,0.0013,0.006252224367801695
FXS,1754877600000,1754964000000,corto,2,-0.01115041704110419,0.0019,-0.013050417041104191
NEIROETH,1754877600000,1754964000000,largo,1,-0.005878817011705708,0.0013,-0.007178817011705708
LAUNCHCOIN,1755036000000,1755122400000,corto,1,0.0035297889978492814,0.0013,0.0022297889978492814
NEIROETH,1755046800000,1755133200000,largo,1,0.0005233775416050307,0.0013,-0.0007766224583949693
OMNI,1755172800000,1755259200000,largo,1,0.026172175388331595,0.0013,0.024872175388331596
AI16Z,1755172800000,1755259200000,largo,1,0.005020659991598452,0.0013,0.003720659991598452
OM,1755172800000,1755259200000,largo,2,0.004154619732836403,0.0019,0.002254619732836403
LAUNCHCOIN,1755172800000,1755259200000,largo,1,0.013238614033241872,0.0013,0.011938614033241871
LAUNCHCOIN,1755572400000,1755658800000,largo,1,0.0008091888323937353,0.0013,-0.0004908111676062647
FXS,1755633600000,1755720000000,corto,2,0.0019174780393882256,0.0019,0.000017478039388225562
LAUNCHCOIN,1755741600000,1755828000000,largo,1,-0.0018898217125049347,0.0013,-0.0031898217125049346
MKR,1755864000000,1755950400000,largo,1,-0.001247660798155252,0.0013,-0.002547660798155252
FXS,1755871200000,1755957600000,corto,2,-0.001536152241471534,0.0019,-0.0034361522414715342
NEIROETH,1755871200000,1755957600000,corto,2,0.0037105793965356015,0.0019,0.0018105793965356015
AI16Z,1755871200000,1755957600000,corto,2,-0.0003968411496978454,0.0019,-0.0022968411496978453
OM,1755871200000,1755957600000,corto,1,-0.0023104527819221648,0.0013,-0.0036104527819221647
LAUNCHCOIN,1755871200000,1755957600000,corto,1,-0.006132594343888289,0.0013,-0.007432594343888289
FXS,1756015200000,1756101600000,largo,2,-0.010427775243232507,0.0019,-0.012327775243232508
OM,1756015200000,1756101600000,largo,2,-0.011519767079023786,0.0019,-0.013419767079023787
NEIROETH,1756029600000,1756116000000,largo,2,-0.02078575344061012,0.0019,-0.022685753440610117
AI16Z,1756029600000,1756116000000,largo,2,-0.027810029415926297,0.0019,-0.029710029415926296
AI16Z,1756152000000,1756238400000,largo,1,-0.003280074165229399,0.0013,-0.0045800741652293996
OM,1756296000000,1756382400000,corto,1,-0.003318753988922144,0.0013,-0.004618753988922144
LAUNCHCOIN,1756400400000,1756486800000,corto,1,0.017499315156110598,0.0013,0.0161993151561106
NEIROETH,1756450800000,1756537200000,largo,2,0.004544021912745273,0.0019,0.0026440219127452733
AI16Z,1756450800000,1756537200000,largo,1,0.001934985123865987,0.0013,0.0006349851238659871
LAUNCHCOIN,1756627200000,1756713600000,corto,1,0.0011692043118297225,0.0013,-0.00013079568817027745
NEIROETH,1756634400000,1756720800000,largo,2,-0.013882565262477716,0.0019,-0.015782565262477715
OMNI,1756710000000,1756796400000,corto,3,0.006377102574905434,0.0029,0.003477102574905434
AI16Z,1756710000000,1756796400000,corto,1,0.018515967756252236,0.0013,0.017215967756252237
NEIROETH,1756915200000,1757001600000,largo,2,-0.03242141627602281,0.0019,-0.03432141627602281
FXS,1756929600000,1757016000000,corto,2,-0.012269623584629729,0.0019,-0.01416962358462973
OMNI,1757066400000,1757152800000,corto,3,0.0033004338855163883,0.0029,0.00040043388551638847
AI16Z,1757073600000,1757160000000,corto,1,0.002045540897350651,0.0013,0.0007455408973506511
OM,1757080800000,1757167200000,largo,2,0.006861090379945161,0.0019,0.004961090379945161
LAUNCHCOIN,1757170800000,1757257200000,largo,1,0.03037397190057127,0.0013,0.02907397190057127
NEIROETH,1757228400000,1757314800000,largo,2,-0.023870254706131615,0.0019,-0.025770254706131614
FXS,1757278800000,1757365200000,corto,2,-0.003327461188637096,0.0019,-0.005227461188637096
LAUNCHCOIN,1757365200000,1757451600000,corto,1,-0.0015492792992834936,0.0013,-0.0028492792992834935
OMNI,1757473200000,1757559600000,corto,2,-0.0008682379517263973,0.0019,-0.002768237951726397
LAUNCHCOIN,1757520000000,1757606400000,corto,1,-0.0017810172880878706,0.0013,-0.0030810172880878705
NEIROETH,1757588400000,1757674800000,largo,2,0.0016256131712408053,0.0019,-0.0002743868287591947
AI16Z,1757764800000,1757851200000,corto,1,0.002897952762951232,0.0013,0.0015979527629512318
NEIROETH,1757779200000,1757865600000,largo,1,0.013463006549883411,0.0013,0.01216300654988341
LAUNCHCOIN,1757804400000,1757890800000,corto,1,0.022828895499381562,0.0013,0.021528895499381563
OM,1757923200000,1758009600000,largo,2,0.006602927325225293,0.0019,0.004702927325225293
FXS,1758135600000,1758222000000,corto,2,-0.002485708463573106,0.0019,-0.0043857084635731056
AI16Z,1758135600000,1758222000000,corto,1,0.01141872687689173,0.0013,0.01011872687689173
LAUNCHCOIN,1758142800000,1758229200000,corto,1,0.018756823026719018,0.0013,0.01745682302671902
OMNI,1758254400000,1758340800000,corto,1,0.01821868836018187,0.0013,0.01691868836018187
FXS,1758430800000,1758517200000,corto,2,0.012264870437822959,0.0019,0.010364870437822958
NEIROETH,1758438000000,1758524400000,largo,2,0.12278479140600951,0.0019,0.12088479140600951
LAUNCHCOIN,1758470400000,1758556800000,largo,1,-0.020468602721854887,0.0013,-0.021768602721854886
OMNI,1758499200000,1758585600000,largo,2,0.024320151062929084,0.0019,0.022420151062929085
OM,1758499200000,1758585600000,largo,4,-0.012307493747796676,0.0049,-0.017207493747796676
NEIROETH,1758528000000,1758614400000,largo,1,-0.012793138348780042,0.0013,-0.014093138348780041
FXS,1758542400000,1758628800000,corto,1,0.007985050168214353,0.0013,0.006685050168214353
FXS,1758751200000,1758837600000,corto,1,-0.005959685930873686,0.0013,-0.0072596859308736855
AI16Z,1758823200000,1758909600000,corto,1,-0.000796676762105391,0.0013,-0.002096676762105391
OM,1758823200000,1758909600000,corto,2,0.0016412878673055932,0.0019,-0.0002587121326944068
LAUNCHCOIN,1758823200000,1758909600000,corto,1,-0.020558290426503634,0.0013,-0.021858290426503633
OM,1759003200000,1759089600000,corto,3,0.0038231967282000177,0.0029,0.0009231967282000179
LAUNCHCOIN,1759003200000,1759089600000,corto,1,-0.012477797875290617,0.0013,-0.013777797875290616
FXS,1759096800000,1759183200000,corto,2,-0.0034402637371009686,0.0019,-0.005340263737100968
LAUNCHCOIN,1759154400000,1759240800000,corto,1,0.036885481184383104,0.0013,0.0355854811843831
LAUNCHCOIN,1759258800000,1759345200000,corto,1,-0.025840334830566334,0.0013,-0.027140334830566333
FXS,1759305600000,1759392000000,corto,2,0.00004509074513224615,0.0019,-0.001854909254867754
AI16Z,1759305600000,1759392000000,corto,2,-0.001579030803376232,0.0019,-0.003479030803376232
FXS,1759507200000,1759593600000,corto,2,0.002842746455038793,0.0019,0.0009427464550387928
LAUNCHCOIN,1759611600000,1759698000000,corto,1,-0.029208303156710202,0.0013,-0.0305083031567102
FXS,1759845600000,1759932000000,largo,2,-0.006213312807231781,0.0019,-0.00811331280723178
AI16Z,1759845600000,1759932000000,largo,2,-0.010809759029601084,0.0019,-0.012709759029601085
OM,1759845600000,1759932000000,largo,3,-0.009236001842967708,0.0029,-0.012136001842967708
LAUNCHCOIN,1759939200000,1760025600000,corto,1,0.03880097831004004,0.0013,0.03750097831004004
FXS,1759975200000,1760061600000,largo,2,0.0021197925831172274,0.0019,0.00021979258311722737
FXS,1760108400000,1760194800000,largo,2,0.020198529035810094,0.0019,0.018298529035810095
AI16Z,1760108400000,1760194800000,largo,2,0.025268248277222644,0.0019,0.023368248277222645
OM,1760108400000,1760194800000,largo,2,0.015932943955280738,0.0019,0.014032943955280737
LAUNCHCOIN,1760130000000,1760216400000,largo,1,-0.009354240559448687,0.0013,-0.010654240559448688
OM,1760389200000,1760475600000,corto,2,0.049511080406637056,0.0019,0.04761108040663706
PROMPT,1760454000000,1760540400000,corto,2,-0.003749897254367983,0.0019,-0.005649897254367983
LAUNCHCOIN,1760551200000,1760637600000,largo,1,0.022757666319204607,0.0013,0.021457666319204607
USTC,1760587200000,1760673600000,corto,4,-0.0023695215925463886,0.0049,-0.007269521592546388
FXS,1760626800000,1760713200000,largo,2,0.010923307225435313,0.0019,0.009023307225435312
MAV,1760626800000,1760713200000,largo,2,0.015338886296875817,0.0019,0.013438886296875816
MAVIA,1760626800000,1760713200000,largo,4,0.011128992381588066,0.0049,0.006228992381588066
MEW,1760626800000,1760713200000,largo,4,0.014317425187548413,0.0049,0.009417425187548413
LAUNCHCOIN,1760680800000,1760767200000,largo,1,0.03468753456138893,0.0013,0.033387534561388925
YZY,1760709600000,1760796000000,corto,2,-0.0027339896884803387,0.0019,-0.0046339896884803385
YZY,1760842800000,1760929200000,corto,1,-0.00037777190581874304,0.0013,-0.001677771905818743
USTC,1761019200000,1761105600000,largo,4,0.02479963377472258,0.0049,0.019899633774722578
FXS,1761055200000,1761141600000,corto,2,0.0010646982586491058,0.0019,-0.0008353017413508942
MAV,1761055200000,1761141600000,corto,3,0.00455131408137142,0.0029,0.00165131408137142
MEW,1761055200000,1761141600000,corto,4,0.015714222032736362,0.0049,0.010814222032736362
SCR,1761055200000,1761141600000,corto,3,0.003942146597797943,0.0029,0.001042146597797943
AI16Z,1761055200000,1761141600000,corto,2,0.004284129592494531,0.0019,0.0023841295924945313
OM,1761055200000,1761141600000,corto,2,0.004036245764738476,0.0019,0.002136245764738476
PROMPT,1761055200000,1761141600000,corto,3,0.007490404546186495,0.0029,0.0045904045461864955
LAUNCHCOIN,1761199200000,1761285600000,corto,1,0.007494856843288562,0.0013,0.006194856843288562
OM,1761228000000,1761314400000,corto,2,0.008791828215489563,0.0019,0.006891828215489564
PROMPT,1761343200000,1761429600000,corto,3,0.0022682054532202076,0.0029,-0.0006317945467797922
AI16Z,1761400800000,1761487200000,corto,2,-0.001421060349984935,0.0019,-0.003321060349984935
MAVIA,1761462000000,1761548400000,corto,3,0.04851560425556636,0.0029,0.04561560425556636
YZY,1761580800000,1761667200000,corto,2,-0.01040186537936948,0.0019,-0.01230186537936948
MAVIA,1761663600000,1761750000000,largo,1,-0.01675001632224448,0.0013,-0.01805001632224448
MEW,1761757200000,1761843600000,corto,4,0.009927088822278468,0.0049,0.005027088822278468
FXS,1761796800000,1761883200000,largo,2,0.008375966285546252,0.0019,0.006475966285546252
USTC,1761796800000,1761883200000,largo,4,0.01053334294589299,0.0049,0.00563334294589299
OM,1761796800000,1761883200000,largo,2,-0.015648639169426784,0.0019,-0.017548639169426783
ZEREBRO,1761832800000,1761919200000,corto,2,-0.11003859541612453,0.0019,-0.11193859541612453
AI16Z,1761894000000,1761980400000,corto,2,0.0016690514127350048,0.0019,-0.00023094858726499523
SCR,1762012800000,1762099200000,corto,3,0.0023501773449535156,0.0029,-0.0005498226550464842
MAV,1762066800000,1762153200000,corto,4,-0.005494694845448389,0.0049,-0.010394694845448388
YZY,1762081200000,1762167600000,corto,1,-0.006648223932880255,0.0013,-0.007948223932880255
USTC,1762084800000,1762171200000,corto,4,0.00433840159859813,0.0049,-0.00056159840140187
CHILLGUY,1762092000000,1762178400000,largo,3,-0.004140106932074946,0.0029,-0.007040106932074946
SCR,1762138800000,1762225200000,largo,1,0.06204241999757728,0.0013,0.06074241999757728
TST,1762138800000,1762225200000,largo,4,0.0007151448473042693,0.0049,-0.0041848551526957305
PROMPT,1762138800000,1762225200000,largo,3,0.0015162499884896657,0.0029,-0.0013837500115103341
FXS,1762182000000,1762268400000,largo,1,-0.017851460453277224,0.0013,-0.019151460453277223
USTC,1762182000000,1762268400000,largo,4,-0.023695711569423353,0.0049,-0.02859571156942335
MAV,1762182000000,1762268400000,largo,2,-0.017404826353808137,0.0019,-0.019304826353808136
BLAST,1762182000000,1762268400000,largo,4,-0.02088848794735542,0.0049,-0.025788487947355422
MEW,1762182000000,1762268400000,largo,4,-0.020094447059754383,0.0049,-0.024994447059754385
CHILLGUY,1762182000000,1762268400000,largo,3,-0.03515978503874155,0.0029,-0.03805978503874155
OM,1762182000000,1762268400000,largo,2,-0.02089772239874298,0.0019,-0.02279772239874298
ZEREBRO,1762225200000,1762311600000,corto,1,0.00822717166175607,0.0013,0.00692717166175607
TST,1762326000000,1762412400000,corto,2,0.0046077975108356,0.0019,0.0027077975108356
MAVIA,1762362000000,1762448400000,corto,2,-0.002690886252016589,0.0019,-0.004590886252016589
OM,1762437600000,1762524000000,largo,2,0.016237637556444594,0.0019,0.014337637556444594
FXS,1762441200000,1762527600000,largo,2,0.007838499706521576,0.0019,0.005938499706521576
USTC,1762441200000,1762527600000,largo,4,0.001957495032217234,0.0049,-0.0029425049677827657
PROMPT,1762444800000,1762531200000,corto,1,-0.021100124192605874,0.0013,-0.022400124192605873
ZEREBRO,1762524000000,1762610400000,largo,2,0.029358985689250782,0.0019,0.027458985689250783
FTT,1762531200000,1762617600000,corto,4,0.003527385436027831,0.0049,-0.0013726145639721687
OM,1762531200000,1762617600000,corto,2,-0.0019651451739679687,0.0019,-0.003865145173967969
MAV,1762621200000,1762707600000,corto,2,0.011252487078287151,0.0019,0.00935248707828715
USTC,1762653600000,1762740000000,largo,3,0.0065873734207098035,0.0029,0.0036873734207098037
SCR,1762765200000,1762851600000,corto,3,0.006222326100239849,0.0029,0.003322326100239849
FTT,1762783200000,1762869600000,largo,4,0.01899887771412248,0.0049,0.014098877714122481
PROMPT,1762876800000,1762963200000,corto,2,0.008781804177346189,0.0019,0.006881804177346189
YZY,1762930800000,1763017200000,corto,1,0.007949502247839135,0.0013,0.006649502247839135
ZEREBRO,1763056800000,1763143200000,largo,1,0.013660120426819678,0.0013,0.012360120426819679
ZEREBRO,1763204400000,1763290800000,corto,3,-0.0007002451143935023,0.0029,-0.0036002451143935022
USTC,1763290800000,1763377200000,largo,4,0.034712886365679166,0.0049,0.029812886365679164
CHILLGUY,1763290800000,1763377200000,largo,3,-0.03870168714622297,0.0029,-0.04160168714622297
TST,1763348400000,1763434800000,corto,4,-0.017897985122313016,0.0049,-0.022797985122313014
PROMPT,1763352000000,1763438400000,corto,3,-0.0028189080752138345,0.0029,-0.005718908075213834
USTC,1763384400000,1763470800000,corto,3,-0.0030562370977444396,0.0029,-0.005956237097744439
MEW,1763384400000,1763470800000,largo,4,-0.005329285548083845,0.0049,-0.010229285548083845
ZEREBRO,1763388000000,1763474400000,corto,2,0.023716526617316044,0.0019,0.021816526617316045
SCR,1763550000000,1763636400000,largo,3,0.006616027709078475,0.0029,0.003716027709078475
USTC,1763575200000,1763661600000,largo,2,-0.005610987289508296,0.0019,-0.007510987289508296
ZEREBRO,1763650800000,1763737200000,largo,2,-0.0373483082451213,0.0019,-0.0392483082451213
FXS,1763654400000,1763740800000,largo,2,0.022512318426234686,0.0019,0.020612318426234687
BLAST,1763654400000,1763740800000,largo,3,0.029229638314938525,0.0029,0.026329638314938526
MEW,1763654400000,1763740800000,largo,3,0.027398974188114347,0.0029,0.024498974188114347
CHILLGUY,1763654400000,1763740800000,largo,3,0.01061017911201569,0.0029,0.007710179112015689
OM,1763654400000,1763740800000,largo,3,0.020736664983256648,0.0029,0.01783666498325665
USTC,1763679600000,1763766000000,largo,3,0.014456404335576586,0.0029,0.011556404335576587
TST,1763708400000,1763794800000,largo,2,-0.0030889191288497636,0.0019,-0.004988919128849764
PROMPT,1763740800000,1763827200000,corto,3,-0.00888925547434063,0.0029,-0.01178925547434063
MAV,1763830800000,1763917200000,corto,2,-0.003049277348916503,0.0019,-0.004949277348916503
BLAST,1763870400000,1763956800000,corto,2,0.01695801236389722,0.0019,0.015058012363897219
ZEREBRO,1763874000000,1763960400000,corto,3,-0.020764636422002113,0.0029,-0.023664636422002113
MAVIA,1763917200000,1764003600000,largo,3,0.03321814610256346,0.0029,0.030318146102563462
FXS,1764003600000,1764090000000,corto,2,0.002060652582046379,0.0019,0.00016065258204637904
CHILLGUY,1764010800000,1764097200000,corto,3,0.008215614453470691,0.0029,0.005315614453470691
SCR,1764054000000,1764140400000,corto,3,0.005505794978535428,0.0029,0.002605794978535428
YZY,1764136800000,1764223200000,largo,3,0.0060810264489098665,0.0029,0.0031810264489098667
OM,1764144000000,1764230400000,corto,3,0.011298211400015563,0.0029,0.008398211400015563
TON,1764176400000,1764262800000,corto,2,-0.00355937779897575,0.0019,-0.00545937779897575
MEW,1764176400000,1764262800000,corto,4,-0.0016326534238853118,0.0049,-0.006532653423885312
YZY,1764288000000,1764374400000,largo,4,0.00098414442060205,0.0049,-0.00391585557939795
PROMPT,1764316800000,1764403200000,corto,3,-0.001902086760658135,0.0029,-0.004802086760658135
CHILLGUY,1764338400000,1764424800000,corto,2,0.0028695796629408204,0.0019,0.0009695796629408204
TST,1764345600000,1764432000000,largo,4,-0.0015315468284202993,0.0049,-0.006431546828420299
MAV,1764360000000,1764446400000,corto,3,-0.004995961947920544,0.0029,-0.007895961947920544
YZY,1764450000000,1764536400000,largo,4,0.005550079899943278,0.0049,0.0006500798999432783
MAV,1764504000000,1764590400000,corto,3,0.0065933154726237776,0.0029,0.0036933154726237778
TST,1764507600000,1764594000000,corto,4,0.01051089597359404,0.0049,0.00561089597359404
TON,1764525600000,1764612000000,corto,2,-0.008680963298043035,0.0019,-0.010580963298043035
FXS,1764543600000,1764630000000,largo,3,-0.002540064803457625,0.0029,-0.005440064803457625
MEW,1764543600000,1764630000000,largo,3,0.003842463901545039,0.0029,0.0009424639015450393
SCR,1764543600000,1764630000000,largo,3,-0.002267831791786721,0.0029,-0.005167831791786721
OM,1764543600000,1764630000000,largo,2,-0.0015108855288158392,0.0019,-0.003410885528815839
PROMPT,1764543600000,1764630000000,largo,3,0.011222622649815555,0.0029,0.008322622649815556
USTC,1764547200000,1764633600000,largo,4,-0.002273722011478603,0.0049,-0.007173722011478603
MAVIA,1764547200000,1764633600000,largo,4,-0.012014055348635007,0.0049,-0.016914055348635007
BLAST,1764547200000,1764633600000,largo,4,-0.007263954458225169,0.0049,-0.012163954458225169
CHILLGUY,1764547200000,1764633600000,largo,3,-0.013942750568845128,0.0029,-0.016842750568845127
ZEREBRO,1764547200000,1764633600000,largo,2,0.04913563881006052,0.0019,0.04723563881006052
YZY,1764597600000,1764684000000,corto,3,-0.0025906051134705174,0.0029,-0.005490605113470517
MEW,1764684000000,1764770400000,corto,4,0.0017021280705305296,0.0049,-0.0031978719294694703
FXS,1764687600000,1764774000000,corto,3,-0.004761741979580805,0.0029,-0.007661741979580805
SCR,1764687600000,1764774000000,corto,3,0.002505311478690929,0.0029,-0.0003946885213090708
CHILLGUY,1764687600000,1764774000000,corto,2,-0.009672132225073465,0.0019,-0.011572132225073466
MAVIA,1764756000000,1764842400000,corto,3,-0.0069532517817311205,0.0029,-0.009853251781731121
TST,1764766800000,1764853200000,corto,2,0.011001074309023287,0.0019,0.009101074309023287
MAV,1764788400000,1764874800000,corto,3,0.003821439425550252,0.0029,0.0009214394255502522
PROMPT,1764885600000,1764972000000,corto,3,-0.028267117301094824,0.0029,-0.031167117301094824
ARK,1764892800000,1764979200000,corto,3,0.017675464852065847,0.0029,0.014775464852065847
USTC,1764900000000,1764986400000,corto,3,0.006833580738113093,0.0029,0.003933580738113093
TST,1764900000000,1764986400000,corto,3,-0.008658062743114531,0.0029,-0.011558062743114531
BLAST,1764914400000,1765000800000,corto,3,0.0022396425935047983,0.0029,-0.0006603574064952015
MEW,1764950400000,1765036800000,largo,4,0.005644417619677131,0.0049,0.0007444176196771315
OM,1764950400000,1765036800000,largo,2,0.0030945197920078525,0.0019,0.0011945197920078525
USTC,1765033200000,1765119600000,corto,2,0.010504416914771612,0.0019,0.008604416914771611
FTT,1765036800000,1765123200000,corto,2,-0.007578077871374805,0.0019,-0.009478077871374805
DOOD,1765054800000,1765141200000,corto,4,0.01825548783445541,0.0049,0.013355487834455409
MEW,1765065600000,1765152000000,corto,4,-0.0,0.0049,-0.0049
SCR,1765072800000,1765159200000,largo,3,0.0058717422540418545,0.0029,0.0029717422540418547
MAVIA,1765094400000,1765180800000,corto,3,0.013486626871892907,0.0029,0.010586626871892907
CHILLGUY,1765094400000,1765180800000,largo,2,0.013890113498621631,0.0019,0.01199011349862163
ARK,1765116000000,1765202400000,largo,4,-0.0019297235958657016,0.0049,-0.006829723595865702
TON,1765116000000,1765202400000,largo,1,0.001871359696163631,0.0013,0.0005713596961636311
BLAST,1765116000000,1765202400000,largo,4,0.0022701485345390775,0.0049,-0.0026298514654609223
IP,1765116000000,1765202400000,largo,3,-0.0002770083120205434,0.0029,-0.0031770083120205433
FXS,1765119600000,1765206000000,corto,4,0.00315766186497312,0.0049,-0.0017423381350268798
OM,1765119600000,1765206000000,corto,3,-0.0004041220503574785,0.0029,-0.0033041220503574782
PROMPT,1765126800000,1765213200000,corto,3,0.0015984171465322342,0.0029,-0.0013015828534677656
FTT,1765227600000,1765314000000,corto,4,0.012204385603699627,0.0049,0.007304385603699627
USTC,1765227600000,1765314000000,corto,2,0.04282545571310974,0.0019,0.040925455713109744
ZEREBRO,1765231200000,1765317600000,corto,2,-0.021517685074538138,0.0019,-0.023417685074538137
BLAST,1765281600000,1765368000000,corto,4,0.005608539659609537,0.0049,0.0007085396596095373
SCR,1765281600000,1765368000000,corto,3,-0.0005534340724579212,0.0029,-0.0034534340724579208
FXS,1765292400000,1765378800000,corto,3,-0.004105417868535473,0.0029,-0.007005417868535473
ARK,1765292400000,1765378800000,corto,4,-0.0023961125998233413,0.0049,-0.007296112599823341
TON,1765292400000,1765378800000,corto,2,0.00024376866474535075,0.0019,-0.0016562313352546493
MAV,1765292400000,1765378800000,corto,3,-0.0021131988119724027,0.0029,-0.0050131988119724025
MAVIA,1765292400000,1765378800000,corto,4,-0.009924245857070123,0.0049,-0.014824245857070123
MEW,1765292400000,1765378800000,corto,4,0.003536696878344144,0.0049,-0.0013633031216558557
CHILLGUY,1765292400000,1765378800000,corto,3,0.004607019919170116,0.0029,0.0017070199191701165
TST,1765292400000,1765378800000,corto,3,-0.0003884752395891328,0.0029,-0.0032884752395891327
IP,1765292400000,1765378800000,corto,3,0.008770957473771396,0.0029,0.005870957473771397
PROMPT,1765292400000,1765378800000,corto,3,0.004804920059318909,0.0029,0.0019049200593189092
DOOD,1765339200000,1765425600000,corto,3,-0.019456639182137976,0.0029,-0.022356639182137976
MAVIA,1765393200000,1765479600000,corto,3,0.0031678028913094142,0.0029,0.00026780289130941444
TST,1765422000000,1765508400000,corto,3,-0.0023213407870546036,0.0029,-0.0052213407870546034
SCR,1765486800000,1765573200000,corto,4,-0.019260482741408597,0.0049,-0.024160482741408598
FXS,1765551600000,1765638000000,largo,3,0.004856487103561004,0.0029,0.001956487103561004
ARK,1765551600000,1765638000000,largo,4,0.004579246439447849,0.0049,-0.0003207535605521507
TON,1765551600000,1765638000000,largo,2,0.0009285339117720071,0.0019,-0.0009714660882279929
MAV,1765551600000,1765638000000,largo,4,0.003944516773969013,0.0049,-0.0009554832260309865
BLAST,1765551600000,1765638000000,largo,4,0.0024449889930664398,0.0049,-0.00245501100693356
MEW,1765551600000,1765638000000,largo,4,0.001986097971629546,0.0049,-0.002913902028370454
CHILLGUY,1765551600000,1765638000000,largo,4,0.004757059599459241,0.0049,-0.0001429404005407588
IP,1765551600000,1765638000000,largo,2,0.0017230130878021705,0.0019,-0.0001769869121978295
OM,1765551600000,1765638000000,largo,3,0.002095704574218959,0.0029,-0.0008042954257810406
PROMPT,1765551600000,1765638000000,largo,3,0.06828148929381539,0.0029,0.06538148929381539
SCR,1765576800000,1765663200000,corto,3,0.0031664600350090654,0.0029,0.00026646003500906557
ZEREBRO,1765616400000,1765702800000,corto,3,-0.013295032330390389,0.0029,-0.016195032330390387
FTT,1765699200000,1765785600000,largo,4,-0.0034200595202814096,0.0049,-0.00832005952028141
BLAST,1765702800000,1765789200000,corto,4,-0.0025740039951728426,0.0049,-0.0074740039951728425
MAVIA,1765713600000,1765800000000,largo,3,0.012105057026275397,0.0029,0.009205057026275398
YZY,1765756800000,1765843200000,largo,4,-0.006668867033056362,0.0049,-0.011568867033056362
DOOD,1765760400000,1765846800000,corto,2,-0.010850716807436402,0.0019,-0.012750716807436403
TST,1765807200000,1765893600000,largo,3,0.004601940933368834,0.0029,0.0017019409333688344
FTT,1765810800000,1765897200000,largo,4,0.00494383858512122,0.0049,0.00004383858512121974
USTC,1765872000000,1765958400000,corto,3,-0.008337647948861215,0.0029,-0.011237647948861215
ZEREBRO,1765886400000,1765972800000,corto,2,0.010081722894613487,0.0019,0.008181722894613486
OM,1765904400000,1765990800000,corto,3,-0.0008141113068371049,0.0029,-0.0037141113068371047
USTC,1765980000000,1766066400000,corto,2,0.011711968276026035,0.0019,0.009811968276026034
MEW,1765980000000,1766066400000,corto,4,0.011547472424771995,0.0049,0.006647472424771995
FXS,1765983600000,1766070000000,largo,3,0.006427679779134986,0.0029,0.0035276797791349863
FTT,1765983600000,1766070000000,largo,4,0.003883651606096791,0.0049,-0.001016348393903209
MAV,1765983600000,1766070000000,largo,3,0.001593625835278026,0.0029,-0.0013063741647219738
CHILLGUY,1765983600000,1766070000000,largo,3,0.006019452348761266,0.0029,0.0031194523487612664
YZY,1765983600000,1766070000000,largo,4,-0.010214369631616536,0.0049,-0.015114369631616536
IP,1766062800000,1766149200000,corto,2,0.0009176276910990702,0.0019,-0.0009823723089009298
CHILLGUY,1766077200000,1766163600000,largo,3,-0.02033476022691022,0.0029,-0.02323476022691022
TST,1766160000000,1766246400000,corto,3,0.022345863661907626,0.0029,0.019445863661907627
PROMPT,1766160000000,1766246400000,corto,3,-0.017493270537073436,0.0029,-0.020393270537073436
OM,1766257200000,1766343600000,corto,2,-0.004102569856777684,0.0019,-0.006002569856777684
BLAST,1766278800000,1766365200000,largo,4,0.03157434559859511,0.0049,0.026674345598595106
MEW,1766278800000,1766365200000,largo,4,-0.0011675424560377012,0.0049,-0.006067542456037701
USTC,1766293200000,1766379600000,corto,4,0.006726322318887981,0.0049,0.0018263223188879811
DOOD,1766293200000,1766379600000,corto,2,-0.003937609206974247,0.0019,-0.0058376092069742464
FXS,1766322000000,1766408400000,largo,4,-0.0012182053796840947,0.0049,-0.006118205379684095
FTT,1766322000000,1766408400000,largo,4,0.00015933081093283624,0.0049,-0.004740669189067163
ARK,1766322000000,1766408400000,largo,4,-0.002217770299900508,0.0049,-0.007117770299900508
TON,1766322000000,1766408400000,largo,2,-0.0012902789471301603,0.0019,-0.0031902789471301603
MAV,1766322000000,1766408400000,largo,4,-0.0039606999966986505,0.0049,-0.00886069999669865
MAVIA,1766322000000,1766408400000,largo,3,-0.00261964885328743,0.0029,-0.00551964885328743
SCR,1766322000000,1766408400000,largo,4,-0.0013968433616391629,0.0049,-0.006296843361639163
CHILLGUY,1766322000000,1766408400000,largo,4,-0.00413682055225615,0.0049,-0.00903682055225615
IP,1766322000000,1766408400000,largo,2,0.008661371176808317,0.0019,0.0067613711768083175
TST,1766336400000,1766422800000,largo,2,0.016063680853102467,0.0019,0.014163680853102467
DOOD,1766480400000,1766566800000,corto,2,0.02483670454345464,0.0019,0.02293670454345464
MAV,1766505600000,1766592000000,corto,4,0.000191875971960888,0.0049,-0.004708124028039112
IP,1766512800000,1766599200000,corto,2,-0.00047209577676700533,0.0019,-0.002372095776767005
TST,1766563200000,1766649600000,corto,1,-0.0055800995348210414,0.0013,-0.006880099534821041
MAVIA,1766584800000,1766671200000,corto,3,-0.013094089067020571,0.0029,-0.015994089067020573
MEW,1766631600000,1766718000000,corto,4,0.006764400088542037,0.0049,0.001864400088542037
SCR,1766631600000,1766718000000,corto,3,0.00523056939247609,0.0029,0.00233056939247609
ZEREBRO,1766631600000,1766718000000,corto,3,0.0010969834059428652,0.0029,-0.0018030165940571346
ARK,1766700000000,1766786400000,largo,4,-0.0013617977832498095,0.0049,-0.006261797783249809
IP,1766700000000,1766786400000,largo,3,0.004776252460618755,0.0029,0.001876252460618755
PROMPT,1766700000000,1766786400000,largo,3,0.00006105192468092949,0.0029,-0.0028389480753190704
DOOD,1766707200000,1766793600000,corto,2,0.009650847784743991,0.0019,0.007750847784743991
FXS,1766718000000,1766804400000,corto,3,-0.00017181392594138936,0.0029,-0.003071813925941389
TST,1766750400000,1766836800000,corto,2,0.004536351275402271,0.0019,0.0026363512754022716
ZEREBRO,1766764800000,1766851200000,largo,3,0.0069443461093206035,0.0029,0.004044346109320604
SCR,1766822400000,1766908800000,corto,3,0.0022249861937436214,0.0029,-0.0006750138062563784
USTC,1766826000000,1766912400000,corto,3,0.0033112613036560315,0.0029,0.00041126130365603175
ARK,1766833200000,1766919600000,corto,4,0.009721652131504877,0.0049,0.004821652131504877
MAVIA,1766844000000,1766930400000,largo,4,0.0026985367185394537,0.0049,-0.002201463281460546
TST,1766851200000,1766937600000,corto,2,-0.017432296209179306,0.0019,-0.019332296209179305
MAV,1766858400000,1766944800000,corto,4,0.01048993068826296,0.0049,0.00558993068826296
FXS,1766876400000,1766962800000,corto,3,-0.0012768928699636495,0.0029,-0.0041768928699636495
BLAST,1766876400000,1766962800000,corto,4,-0.0,0.0049,-0.0049
DOOD,1766883600000,1766970000000,largo,3,0.018114874714965784,0.0029,0.015214874714965784
FTT,1766887200000,1766973600000,corto,4,-0.0005847342758233128,0.0049,-0.005484734275823313
TON,1766901600000,1766988000000,corto,2,0.006079046076382226,0.0019,0.0041790460763822266
IP,1766916000000,1767002400000,corto,1,-0.000933038975411378,0.0013,-0.002233038975411378
SCR,1766944800000,1767031200000,largo,2,-0.006183646535412056,0.0019,-0.008083646535412057
CHILLGUY,1766944800000,1767031200000,largo,4,-0.0050501969591475624,0.0049,-0.009950196959147561
PROMPT,1766944800000,1767031200000,largo,4,0.03256178842724182,0.0049,0.027661788427241818
ZEREBRO,1766966400000,1767052800000,corto,3,0.0013279695737449175,0.0029,-0.0015720304262550823
MAVIA,1766977200000,1767063600000,corto,4,0.010089051918184254,0.0049,0.005189051918184254
IP,1767024000000,1767110400000,largo,1,-0.003505358993438773,0.0013,-0.004805358993438773
TON,1767038400000,1767124800000,largo,2,0.0036304381012244903,0.0019,0.0017304381012244903
OM,1767052800000,1767139200000,largo,4,-0.0031482567503030934,0.0049,-0.008048256750303094
TST,1767056400000,1767142800000,corto,3,-0.021881356034878955,0.0029,-0.024781356034878955
USTC,1767060000000,1767146400000,largo,4,-0.0052151356791082714,0.0049,-0.01011513567910827
IP,1767128400000,1767214800000,corto,2,-0.0076204040396902215,0.0019,-0.009520404039690221
DOOD,1767142800000,1767229200000,largo,4,-0.02050015883793902,0.0049,-0.025400158837939023
FXS,1767150000000,1767236400000,corto,2,0.008328536285430703,0.0019,0.006428536285430703
TST,1767160800000,1767247200000,largo,1,-0.0014939200244750588,0.0013,-0.0027939200244750588
MAV,1767171600000,1767258000000,corto,4,-0.007422776019735128,0.0049,-0.012322776019735127
OM,1767189600000,1767276000000,corto,3,-0.014874258529783815,0.0029,-0.017774258529783815
MEW,1767196800000,1767283200000,largo,4,0.0035524016043677006,0.0049,-0.0013475983956322993
CHILLGUY,1767207600000,1767294000000,corto,3,-0.011320316474117994,0.0029,-0.014220316474117993
IP,1767268800000,1767355200000,corto,1,-0.0001458257385010772,0.0013,-0.001445825738501077
MEW,1767304800000,1767391200000,corto,4,-0.007197974522326264,0.0049,-0.012097974522326263
PROMPT,1767355200000,1767441600000,corto,2,-0.019372630833652087,0.0019,-0.021272630833652086
OM,1767362400000,1767448800000,corto,3,0.004288975881806195,0.0029,0.0013889758818061955
ARK,1767369600000,1767456000000,corto,4,-0.0020360681844826646,0.0049,-0.0069360681844826645
TON,1767369600000,1767456000000,corto,2,-0.007522991559572415,0.0019,-0.009422991559572415
FTT,1767394800000,1767481200000,corto,4,-0.005897949064182204,0.0049,-0.010797949064182204
USTC,1767412800000,1767499200000,largo,2,-0.008764818793422212,0.0019,-0.010664818793422213
ZEREBRO,1767438000000,1767524400000,corto,3,0.0008765317953347994,0.0029,-0.0020234682046652
PROMPT,1767448800000,1767535200000,corto,2,-0.007247864208539649,0.0019,-0.00914786420853965
CHILLGUY,1767481200000,1767567600000,corto,2,0.009110324644944627,0.0019,0.007210324644944627
DOOD,1767495600000,1767582000000,corto,3,0.02753338483017102,0.0029,0.02463338483017102
MAVIA,1767531600000,1767618000000,corto,3,0.0002571024567445929,0.0029,-0.0026428975432554068
TST,1767531600000,1767618000000,corto,3,0.0008549201170447098,0.0029,-0.00204507988295529
IP,1767535200000,1767621600000,corto,1,0.00143163947143785,0.0013,0.00013163947143785015
SCR,1767549600000,1767636000000,largo,3,0.02196526852638107,0.0029,0.01906526852638107
DOOD,1767661200000,1767747600000,corto,3,0.017630865105695483,0.0029,0.014730865105695483
SCR,1767668400000,1767754800000,corto,3,0.002451582497805073,0.0029,-0.0004484175021949267
USTC,1767682800000,1767769200000,corto,4,-0.008916191695639664,0.0049,-0.013816191695639664
BLAST,1767682800000,1767769200000,largo,3,0.0025031302181186964,0.0029,-0.0003968697818813034
CHILLGUY,1767697200000,1767783600000,corto,2,-0.0022661982099625153,0.0019,-0.0041661982099625156
IP,1767729600000,1767816000000,corto,1,0.0014383139491368033,0.0013,0.00013831394913680337
CHILLGUY,1767830400000,1767916800000,corto,2,-0.004987966771601549,0.0019,-0.006887966771601549
IP,1767848400000,1767934800000,largo,1,0.00625893939191309,0.0013,0.00495893939191309
TST,1767852000000,1767938400000,largo,4,-0.006366605862314035,0.0049,-0.011266605862314035
MAV,1767862800000,1767949200000,largo,3,0.005992915243143653,0.0029,0.0030929152431436535
USTC,1768003200000,1768089600000,corto,4,-0.0008435259884392802,0.0049,-0.00574352598843928
BLAST,1768096800000,1768183200000,largo,4,0.014148145966026761,0.0049,0.009248145966026761
MAVIA,1768114800000,1768201200000,corto,3,0.013865040137171564,0.0029,0.010965040137171565
IP,1768125600000,1768212000000,corto,2,-0.005259451640250762,0.0019,-0.007159451640250762
ZEREBRO,1768147200000,1768233600000,largo,2,-0.142376659139489,0.0019,-0.144276659139489
MEW,1768183200000,1768269600000,corto,4,-0.0020597329630105622,0.0049,-0.006959732963010562
FTT,1768251600000,1768338000000,corto,4,-0.0061896474457857386,0.0049,-0.01108964744578574
PROMPT,1768258800000,1768345200000,corto,2,0.0038371132609901376,0.0019,0.0019371132609901376
ZEREBRO,1768280400000,1768366800000,largo,2,-0.07720480548797864,0.0019,-0.07910480548797864
TON,1768341600000,1768428000000,corto,1,0.000739918642710575,0.0013,-0.000560081357289425
MAV,1768341600000,1768428000000,corto,4,0.011836626094145356,0.0049,0.006936626094145356
MEW,1768341600000,1768428000000,corto,4,0.010372558815623161,0.0049,0.005472558815623162
SCR,1768341600000,1768428000000,corto,3,0.008903040696324228,0.0029,0.006003040696324229
CHILLGUY,1768341600000,1768428000000,corto,3,0.01264292621176345,0.0029,0.00974292621176345
TST,1768341600000,1768428000000,corto,4,0.007738343223171404,0.0049,0.002838343223171404
DOOD,1768341600000,1768428000000,corto,4,0.018164333604011686,0.0049,0.013264333604011686
IP,1768438800000,1768525200000,largo,1,0.02329344232657148,0.0013,0.02199344232657148
PROMPT,1768539600000,1768626000000,corto,3,0.005497621644251062,0.0029,0.002597621644251062
ZEREBRO,1768546800000,1768633200000,largo,2,-0.004534861360603119,0.0019,-0.006434861360603119
USTC,1768590000000,1768676400000,corto,4,0.0009516688910760359,0.0049,-0.003948331108923964
MAVIA,1768640400000,1768726800000,corto,3,-0.006070070315424609,0.0029,-0.008970070315424608
MEW,1768662000000,1768748400000,corto,3,-0.0,0.0029,-0.0029
CHILLGUY,1768687200000,1768773600000,largo,4,-0.0015195821771512724,0.0049,-0.006419582177151272
BLAST,1768694400000,1768780800000,corto,3,0.0580768497376361,0.0029,0.0551768497376361
MAV,1768770000000,1768856400000,corto,4,0.0028506396217450637,0.0049,-0.002049360378254936
FTT,1768777200000,1768863600000,largo,4,0.005054565442961463,0.0049,0.00015456544296146325
ARK,1768777200000,1768863600000,largo,4,0.005267992027212576,0.0049,0.0003679920272125761
TON,1768777200000,1768863600000,largo,1,0.007148988154676104,0.0013,0.005848988154676104
USTC,1768777200000,1768863600000,largo,4,0.006251881036166909,0.0049,0.001351881036166909
MAVIA,1768777200000,1768863600000,largo,4,0.006354831624284801,0.0049,0.0014548316242848011
MEW,1768777200000,1768863600000,largo,4,-0.0031266309994319734,0.0049,-0.008026630999431973
SCR,1768777200000,1768863600000,largo,3,0.015574291186658635,0.0029,0.012674291186658635
CHILLGUY,1768777200000,1768863600000,largo,4,-0.001106923656233825,0.0049,-0.006006923656233825
ZEREBRO,1768777200000,1768863600000,largo,3,-0.004907125164100507,0.0029,-0.0078071251641005064
TST,1768777200000,1768863600000,largo,4,0.008547343737797352,0.0049,0.003647343737797352
OM,1768777200000,1768863600000,largo,4,0.004062097562958724,0.0049,-0.0008379024370412762
PROMPT,1768777200000,1768863600000,largo,4,0.018733512250094835,0.0049,0.013833512250094835
DOOD,1768777200000,1768863600000,largo,3,0.010435575337043064,0.0029,0.0075355753370430646
IP,1768867200000,1768953600000,largo,1,0.13649340063200266,0.0013,0.13519340063200266
CHILLGUY,1768885200000,1768971600000,largo,4,-0.00480939343441349,0.0049,-0.00970939343441349
FTT,1768917600000,1769004000000,largo,4,0.009123536328471439,0.0049,0.004223536328471439
TON,1768953600000,1769040000000,corto,1,-0.00019226455662133346,0.0013,-0.0014922645566213333
MAVIA,1768968000000,1769054400000,corto,3,0.0058287961019282105,0.0029,0.0029287961019282107
PROMPT,1769004000000,1769090400000,corto,3,0.012034229796551376,0.0029,0.009134229796551376
ARK,1769011200000,1769097600000,largo,4,0.010012990920958769,0.0049,0.005112990920958769
OM,1769011200000,1769097600000,largo,3,0.0016738952398129459,0.0029,-0.001226104760187054
USTC,1769180400000,1769266800000,corto,4,0.010725560885537729,0.0049,0.005825560885537729
CHILLGUY,1769180400000,1769266800000,corto,4,0.01112879016519029,0.0049,0.00622879016519029
IP,1769180400000,1769266800000,corto,1,0.014842111517324686,0.0013,0.013542111517324686
DOOD,1769209200000,1769295600000,corto,4,-0.013463747516014523,0.0049,-0.018363747516014522
BLAST,1769223600000,1769310000000,corto,4,0.03940808433614169,0.0049,0.034508084336141685
FTT,1769338800000,1769425200000,largo,4,-0.001691271030603568,0.0049,-0.0065912710306035675
SCR,1769356800000,1769443200000,largo,3,0.01669622735263656,0.0029,0.01379622735263656
TST,1769356800000,1769443200000,largo,4,0.016036196732708265,0.0049,0.011136196732708265
USTC,1769367600000,1769454000000,largo,4,-0.004669996033956784,0.0049,-0.009569996033956783
ZEREBRO,1769367600000,1769454000000,largo,3,-0.011466710611379828,0.0029,-0.014366710611379828
IP,1769367600000,1769454000000,largo,1,-0.009068582414963876,0.0013,-0.010368582414963877
PROMPT,1769439600000,1769526000000,corto,3,-0.028351446244231467,0.0029,-0.03125144624423147
SCR,1769464800000,1769551200000,corto,2,-0.0011633168764919276,0.0019,-0.0030633168764919276
ARK,1769472000000,1769558400000,corto,4,0.009947261725675047,0.0049,0.005047261725675047
DOOD,1769504400000,1769590800000,corto,4,0.0007820137250924492,0.0049,-0.00411798627490755
MAVIA,1769533200000,1769619600000,largo,4,0.0,0.0049,-0.0049
TST,1769533200000,1769619600000,largo,4,0.004075655421834947,0.0049,-0.0008243445781650526
OM,1769533200000,1769619600000,largo,4,0.006112392668959101,0.0049,0.0012123926689591013
IP,1769536800000,1769623200000,corto,1,-0.01235372473587764,0.0013,-0.013653724735877639
MAVIA,1769634000000,1769720400000,corto,4,0.0030057131134930844,0.0049,-0.0018942868865069154
TST,1769652000000,1769738400000,largo,4,-0.00778814130497899,0.0049,-0.01268814130497899
OM,1769695200000,1769781600000,largo,3,0.0027744078833218232,0.0029,-0.00012559211667817656
MAV,1769698800000,1769785200000,largo,4,-0.004251744745942081,0.0049,-0.00915174474594208
MEW,1769698800000,1769785200000,largo,4,-0.0012430082395970253,0.0049,-0.006143008239597025
PROMPT,1769702400000,1769788800000,corto,3,0.003205932244841759,0.0029,0.00030593224484175936
DOOD,1769706000000,1769792400000,largo,4,0.004467284623864575,0.0049,-0.00043271537613542507
MAV,1769796000000,1769882400000,corto,4,0.011590405960276221,0.0049,0.006690405960276221
ARK,1769868000000,1769954400000,largo,3,-0.012050807801353468,0.0029,-0.014950807801353468
TON,1769868000000,1769954400000,largo,2,-0.013688201588061557,0.0019,-0.015588201588061557
MAVIA,1769868000000,1769954400000,largo,4,0.014505748854519886,0.0049,0.009605748854519886
MEW,1769868000000,1769954400000,largo,4,-0.0013860016078771403,0.0049,-0.00628600160787714
SCR,1769868000000,1769954400000,largo,4,-0.005707054171107982,0.0049,-0.010607054171107983
CHILLGUY,1769868000000,1769954400000,largo,4,-0.006673007420251023,0.0049,-0.011573007420251023
ZEREBRO,1769868000000,1769954400000,largo,3,-0.003819371077455561,0.0029,-0.006719371077455561
TST,1769868000000,1769954400000,largo,4,0.002075048297739064,0.0049,-0.0028249517022609356
OM,1769868000000,1769954400000,largo,3,-0.003881239104733055,0.0029,-0.006781239104733055
USTC,1769878800000,1769965200000,largo,4,0.02314555598615342,0.0049,0.01824555598615342
IP,1769878800000,1769965200000,largo,1,0.013136477905369981,0.0013,0.011836477905369982
USTC,1770127200000,1770213600000,largo,4,-0.00755276686029837,0.0049,-0.01245276686029837
FTT,1770145200000,1770231600000,corto,4,-0.019483612717297268,0.0049,-0.02438361271729727
TON,1770145200000,1770231600000,corto,1,0.004975488265472266,0.0013,0.003675488265472266
TST,1770145200000,1770231600000,corto,4,-0.016881786974246932,0.0049,-0.02178178697424693
OM,1770145200000,1770231600000,corto,3,-0.020318810882029255,0.0029,-0.023218810882029255
PROMPT,1770145200000,1770231600000,corto,3,-0.017000962216404427,0.0029,-0.019900962216404427
DOOD,1770220800000,1770307200000,corto,4,-0.018248681588399315,0.0049,-0.023148681588399313
USTC,1770224400000,1770310800000,largo,4,-0.021357595732649674,0.0049,-0.02625759573264967
FTT,1770303600000,1770390000000,largo,4,0.021621222489557133,0.0049,0.016721222489557132
TON,1770303600000,1770390000000,largo,1,0.0039059615497361298,0.0013,0.00260596154973613
TST,1770303600000,1770390000000,largo,4,0.0036277422233068094,0.0049,-0.0012722577766931904
ARK,1770458400000,1770544800000,corto,2,0.020723432452169118,0.0019,0.01882343245216912
TON,1770465600000,1770552000000,corto,1,-0.00028358738226203693,0.0013,-0.001583587382262037
VINE,1770548400000,1770634800000,largo,3,0.004647737813945104,0.0029,0.001747737813945104
USTC,1770566400000,1770652800000,largo,4,0.006977510071977951,0.0049,0.002077510071977951
PROMPT,1770566400000,1770652800000,largo,3,0.01237357525385715,0.0029,0.00947357525385715
CHILLGUY,1770573600000,1770660000000,corto,4,0.008968669982760262,0.0049,0.0040686699827602625
ZEREBRO,1770588000000,1770674400000,corto,4,0.0012062727638815322,0.0049,-0.0036937272361184676
FTT,1770721200000,1770807600000,corto,4,-0.009049835519917856,0.0049,-0.013949835519917856
USTC,1770724800000,1770811200000,largo,4,0.021542543750710866,0.0049,0.016642543750710864
VINE,1770789600000,1770876000000,largo,4,0.0013566682314192435,0.0049,-0.0035433317685807566
TST,1770829200000,1770915600000,corto,4,-0.006684923101884018,0.0049,-0.011584923101884019
CHILLGUY,1770901200000,1770987600000,corto,3,-0.005710153429665545,0.0029,-0.008610153429665545
ARK,1770976800000,1771063200000,corto,4,-0.004105766199025659,0.0049,-0.009005766199025659
OM,1770976800000,1771063200000,corto,2,0.018295083922105528,0.0019,0.01639508392210553
MAVIA,1770994800000,1771081200000,corto,4,0.0015064024942566092,0.0049,-0.0033935975057433907
DOOD,1771034400000,1771120800000,corto,3,0.007068951425585251,0.0029,0.004168951425585251
CHILLGUY,1771041600000,1771128000000,largo,3,-0.004211214516418072,0.0029,-0.007111214516418072
VINE,1771066800000,1771153200000,corto,4,-0.00009892664597267736,0.0049,-0.004998926645972677
PROMPT,1771074000000,1771160400000,corto,4,0.005390848634876423,0.0049,0.0004908486348764235
TST,1771088400000,1771174800000,corto,3,0.007345070642998149,0.0029,0.004445070642998149
BLAST,1771113600000,1771200000000,corto,4,0.024058899007693483,0.0049,0.019158899007693485
IP,1771120800000,1771207200000,largo,2,-0.005787681194783844,0.0019,-0.007687681194783844
MAV,1771142400000,1771228800000,largo,4,0.00227084517752098,0.0049,-0.0026291548224790197
USTC,1771146000000,1771232400000,corto,4,-0.002706884870152324,0.0049,-0.007606884870152324
ARK,1771156800000,1771243200000,largo,4,0.009656480707509404,0.0049,0.004756480707509404
SCR,1771156800000,1771243200000,largo,4,0.01669890931058109,0.0049,0.01179890931058109
CHILLGUY,1771156800000,1771243200000,largo,3,0.045489386919436194,0.0029,0.042589386919436194
ZEREBRO,1771156800000,1771243200000,largo,3,0.01752470606634182,0.0029,0.014624706066341819
YZY,1771225200000,1771311600000,corto,3,-0.008849063788805239,0.0029,-0.011749063788805239
IP,1771243200000,1771329600000,corto,1,0.0008680556100638139,0.0013,-0.00043194438993618607
MAVIA,1771336800000,1771423200000,largo,4,0.02480832851471341,0.0049,0.019908328514713407
FTT,1771340400000,1771426800000,corto,4,-0.0005346164254572651,0.0049,-0.005434616425457265
CHILLGUY,1771581600000,1771668000000,corto,4,-0.004641622186927147,0.0049,-0.009541622186927147
TST,1771592400000,1771678800000,largo,4,0.0014032464064151209,0.0049,-0.003496753593584879
TON,1771599600000,1771686000000,corto,1,0.0004459308881032316,0.0013,-0.0008540691118967684
OM,1771718400000,1771804800000,corto,2,0.009091649180716732,0.0019,0.007191649180716732
IP,1771750800000,1771837200000,corto,2,-0.00009542440009140486,0.0019,-0.001995424400091405
TST,1771804800000,1771891200000,largo,4,0.011517637049540405,0.0049,0.006617637049540406
PROMPT,1771804800000,1771891200000,corto,3,-0.007557900879742566,0.0029,-0.010457900879742566
TON,1771808400000,1771894800000,largo,2,-0.002296552478045185,0.0019,-0.004196552478045185
USTC,1771808400000,1771894800000,largo,4,-0.010232938827918595,0.0049,-0.015132938827918595
MAV,1771808400000,1771894800000,largo,4,0.015027217849697419,0.0049,0.01012721784969742
MAVIA,1771808400000,1771894800000,largo,4,-0.00889502956886805,0.0049,-0.01379502956886805
BLAST,1771808400000,1771894800000,largo,4,-0.019608471388376424,0.0049,-0.024508471388376425
SCR,1771808400000,1771894800000,largo,4,0.0009708738626696503,0.0049,-0.00392912613733035
CHILLGUY,1771808400000,1771894800000,largo,4,-0.010346132166078749,0.0049,-0.015246132166078749
ZEREBRO,1771808400000,1771894800000,largo,4,-0.005636260314198102,0.0049,-0.010536260314198102
VINE,1771808400000,1771894800000,largo,4,-0.009191574659393636,0.0049,-0.014091574659393636
DOOD,1771808400000,1771894800000,largo,4,-0.009140831470660969,0.0049,-0.014040831470660969
MAV,1771981200000,1772067600000,corto,4,-0.0017070093933688562,0.0049,-0.006607009393368856
MAVIA,1771981200000,1772067600000,corto,3,-0.0006248047688419562,0.0029,-0.003524804768841956
CHILLGUY,1771981200000,1772067600000,corto,4,-0.0004667444658829387,0.0049,-0.005366744465882939
TST,1771981200000,1772067600000,corto,4,0.005566614772053645,0.0049,0.0006666147720536452
PROMPT,1772089200000,1772175600000,corto,3,0.003439122278732622,0.0029,0.000539122278732622
TST,1772121600000,1772208000000,largo,4,-0.0088990653509618,0.0049,-0.0137990653509618
IP,1772121600000,1772208000000,largo,2,-0.013266389478088236,0.0019,-0.015166389478088236
FTT,1772258400000,1772344800000,largo,4,-0.002894839561305441,0.0049,-0.007794839561305441
TON,1772258400000,1772344800000,largo,2,-0.01799726363211856,0.0019,-0.019897263632118557
USTC,1772258400000,1772344800000,largo,3,-0.004873779020742981,0.0029,-0.007773779020742981
MAV,1772258400000,1772344800000,largo,4,-0.011677828310007892,0.0049,-0.01657782831000789
CHILLGUY,1772258400000,1772344800000,largo,4,-0.00874054177371814,0.0049,-0.013640541773718139
ZEREBRO,1772258400000,1772344800000,largo,4,-0.0155613295745301,0.0049,-0.020461329574530097
VINE,1772258400000,1772344800000,largo,4,-0.004892833619447837,0.0049,-0.009792833619447838
TST,1772258400000,1772344800000,largo,4,-0.009168233161798978,0.0049,-0.014068233161798978
IP,1772258400000,1772344800000,largo,2,-0.012121755162506924,0.0019,-0.014021755162506925
PROMPT,1772258400000,1772344800000,largo,3,-0.011154416818347177,0.0029,-0.014054416818347177
DOOD,1772258400000,1772344800000,largo,4,-0.005389234600524879,0.0049,-0.010289234600524878
MAV,1772460000000,1772546400000,corto,4,0.004151732704462213,0.0049,-0.0007482672955377865
MEW,1772460000000,1772546400000,corto,4,-0.0033955890011383287,0.0049,-0.008295589001138328
DOOD,1772460000000,1772546400000,corto,4,0.0009870045216464364,0.0049,-0.003912995478353563
PROMPT,1772510400000,1772596800000,corto,4,0.00011594068487556505,0.0049,-0.004784059315124435
TST,1772553600000,1772640000000,corto,4,0.008546211212998174,0.0049,0.0036462112129981746
USTC,1772643600000,1772730000000,largo,4,-0.004573027156263364,0.0049,-0.009473027156263364
MEW,1772805600000,1772892000000,largo,4,-0.0034423441909729015,0.0049,-0.008342344190972902
DOOD,1772852400000,1772938800000,corto,4,0.006433067724798382,0.0049,0.0015330677247983818
USTC,1773003600000,1773090000000,corto,4,-0.0024425007054363367,0.0049,-0.007342500705436336
DOGE,1773151200000,1773237600000,corto,1,-0.0033891429817163835,0.0013,-0.004689142981716384
LDO,1773151200000,1773237600000,corto,1,-0.002085857303160051,0.0013,-0.003385857303160051
STX,1773151200000,1773237600000,corto,3,0.0009310626424237603,0.0029,-0.0019689373575762395
XRP,1773151200000,1773237600000,corto,1,0.00007187264170982341,0.0013,-0.0012281273582901765
YGG,1773151200000,1773237600000,corto,4,0.005381042958860886,0.0049,0.00048104295886088576
BLUR,1773151200000,1773237600000,corto,4,0.0010266941353610532,0.0049,-0.003873305864638947
GAS,1773151200000,1773237600000,corto,4,-0.0017433418458945812,0.0049,-0.006643341845894581
kBONK,1773151200000,1773237600000,corto,1,-0.0001661819696387575,0.0013,-0.0014661819696387575
GALA,1773151200000,1773237600000,corto,4,-0.0005797101611626922,0.0049,-0.005479710161162692
MAV,1773151200000,1773237600000,corto,4,-0.06600991879779816,0.0049,-0.07090991879779816
XAI,1773151200000,1773237600000,corto,4,0.02644010941045745,0.0049,0.021540109410457448
ONDO,1773151200000,1773237600000,corto,2,-0.0010843887821450342,0.0019,-0.002984388782145034
STRK,1773151200000,1773237600000,corto,2,-0.0029873061797354755,0.0019,-0.004887306179735476
MNT,1773151200000,1773237600000,corto,2,0.0013541928586705129,0.0019,-0.0005458071413294871
HBAR,1773151200000,1773237600000,corto,2,-0.0027556919285496124,0.0019,-0.004655691928549612
BRETT,1773151200000,1773237600000,corto,2,-0.004262053609197379,0.0019,-0.006162053609197379
MEW,1773151200000,1773237600000,corto,4,-0.0,0.0049,-0.0049
XLM,1773151200000,1773237600000,corto,2,0.0021845653602524774,0.0019,0.00028456536025247745
SAND,1773151200000,1773237600000,corto,3,0.004109347927569393,0.0029,0.0012093479275693932
BIO,1773151200000,1773237600000,corto,4,0.001630148512693785,0.0049,-0.0032698514873062147
VINE,1773151200000,1773237600000,corto,4,-0.008000513290525065,0.0049,-0.012900513290525065
AERO,1773151200000,1773237600000,corto,2,0.00523957652084898,0.0019,0.0033395765208489806
AXS,1773151200000,1773237600000,corto,2,-0.001983186681466213,0.0019,-0.0038831866814662127
kSHIB,1773165600000,1773252000000,largo,1,-0.0017137964777346304,0.0013,-0.0030137964777346305
FIL,1773165600000,1773252000000,largo,2,0.00928083530293776,0.0019,0.00738083530293776
ICP,1773208800000,1773295200000,corto,2,-0.005435652268097763,0.0019,-0.0073356522680977625
COMP,1773216000000,1773302400000,corto,3,0.006098268475420592,0.0029,0.0031982684754205924
RESOLV,1773234000000,1773320400000,corto,1,0.014036011789357629,0.0013,0.01273601178935763
ZEREBRO,1773237600000,1773324000000,corto,4,0.021946925140161867,0.0049,0.017046925140161866
MAV,1773241200000,1773327600000,largo,3,-0.005390848634876423,0.0029,-0.008290848634876422
NIL,1773244800000,1773331200000,corto,4,-0.004025197933075284,0.0049,-0.008925197933075283
AVNT,1773244800000,1773331200000,corto,2,0.012889608529178968,0.0019,0.010989608529178968
PROMPT,1773248400000,1773334800000,largo,4,0.0039161561251180406,0.0049,-0.0009838438748819593
CC,1773262800000,1773349200000,corto,3,0.0043522680057960636,0.0029,0.0014522680057960638
TIA,1773280800000,1773367200000,largo,2,-0.0005172859844633533,0.0019,-0.002417285984463353
KAITO,1773280800000,1773367200000,corto,3,-0.006135497234049239,0.0029,-0.009035497234049238
WCT,1773284400000,1773370800000,corto,4,0.005104908494198847,0.0049,0.00020490849419884695
SCR,1773295200000,1773381600000,largo,4,-0.01001989042517287,0.0049,-0.014919890425172869
PURR,1773298800000,1773385200000,corto,2,0.002682194111875566,0.0019,0.0007821941118755658
BLUR,1773309600000,1773396000000,corto,4,-0.001187188825012646,0.0049,-0.006087188825012645
VINE,1773316800000,1773403200000,corto,3,-0.0004256224792918316,0.0029,-0.0033256224792918314
PENDLE,1773320400000,1773406800000,largo,2,0.004718066738509294,0.0019,0.002818066738509294
TURBO,1773331200000,1773417600000,corto,4,-0.0,0.0049,-0.0049
MEME,1773334800000,1773421200000,corto,3,0.014987790965491698,0.0029,0.012087790965491698
TRUMP,1773342000000,1773428400000,corto,1,-0.018970901448505738,0.0013,-0.020270901448505737
PNUT,1773345600000,1773432000000,largo,3,0.0029661038695056484,0.0029,0.00006610386950564855
MOVE,1773345600000,1773432000000,largo,3,0.004649314501278332,0.0029,0.0017493145012783323
kNEIRO,1773349200000,1773435600000,corto,3,0.007798692485818872,0.0029,0.004898692485818873
SUPER,1773356400000,1773442800000,corto,4,-0.001381931468847157,0.0049,-0.0062819314688471566
GRIFFAIN,1773356400000,1773442800000,corto,3,-0.002712007503473377,0.0029,-0.005612007503473376
SOL,1773360000000,1773446400000,corto,1,0.0026704106140298814,0.0013,0.0013704106140298815
LINK,1773360000000,1773446400000,corto,1,0.0032318759206987372,0.0013,0.0019318759206987373
BCH,1773360000000,1773446400000,corto,1,0.0023041484848501884,0.0013,0.0010041484848501885
ADA,1773360000000,1773446400000,corto,1,0.005855813027042472,0.0013,0.004555813027042472
ANIME,1773360000000,1773446400000,corto,4,0.007550461930207929,0.0049,0.0026504619302079296
DOOD,1773360000000,1773446400000,corto,4,-0.11912913992384365,0.0049,-0.12402913992384365
FET,1773381600000,1773468000000,largo,2,-0.007801516869856013,0.0019,-0.009701516869856014
ACE,1773385200000,1773471600000,corto,3,0.0006740815893938135,0.0029,-0.0022259184106061865
STBL,1773388800000,1773475200000,corto,4,-0.0042761835556359646,0.0049,-0.009176183555635965
ALGO,1773396000000,1773482400000,corto,2,0.002200293165318687,0.0019,0.000300293165318687
MELANIA,1773396000000,1773482400000,corto,2,0.013069891142793708,0.0019,0.011169891142793707
GOAT,1773399600000,1773486000000,corto,4,-0.0018401260807406948,0.0049,-0.0067401260807406944
MOODENG,1773399600000,1773486000000,corto,2,-0.014020755730828418,0.0019,-0.015920755730828417
KAITO,1773399600000,1773486000000,largo,3,0.006795993323064763,0.0029,0.003895993323064763
AVAX,1773410400000,1773496800000,largo,1,-0.0021663945343961674,0.0013,-0.0034663945343961673
ORDI,1773410400000,1773496800000,largo,4,-0.004206021596185973,0.0049,-0.009106021596185973
USTC,1773410400000,1773496800000,largo,4,-0.004700121046558012,0.0049,-0.00960012104655801
WIF,1773410400000,1773496800000,largo,1,0.0018838691725048733,0.0013,0.0005838691725048733
POPCAT,1773410400000,1773496800000,largo,2,-0.001937028217795262,0.0019,-0.003837028217795262
BRETT,1773410400000,1773496800000,largo,2,-0.009326282372325037,0.0019,-0.011226282372325038
RENDER,1773410400000,1773496800000,largo,1,0.002908116808210759,0.0013,0.0016081168082107589
LAYER,1773410400000,1773496800000,largo,3,-0.0013578557667464327,0.0029,-0.0042578557667464325
PAXG,1773410400000,1773496800000,largo,1,-0.00015920714873725902,0.0013,-0.001459207148737259
PUMP,1773410400000,1773496800000,largo,1,-0.006583969086352196,0.0013,-0.007883969086352196
WLFI,1773410400000,1773496800000,largo,1,0.0008602973335644347,0.0013,-0.0004397026664355652
AERO,1773410400000,1773496800000,largo,2,-0.0028235601731711507,0.0019,-0.004723560173171151
DASH,1773410400000,1773496800000,largo,3,-0.007276122743671971,0.0029,-0.01017612274367197
MAV,1773414000000,1773500400000,corto,4,0.002308528999164759,0.0049,-0.002591471000835241
TAO,1773414000000,1773500400000,largo,1,-0.005630933742060409,0.0013,-0.006930933742060409
PROVE,1773417600000,1773504000000,corto,4,-0.0013626042986401863,0.0049,-0.006262604298640186
DYM,1773421200000,1773507600000,largo,3,-0.008843303958579555,0.0029,-0.011743303958579554
GRASS,1773421200000,1773507600000,largo,2,-0.003994593289306026,0.0019,-0.005894593289306025
APEX,1773424800000,1773511200000,largo,3,-0.007805023921497386,0.0029,-0.010705023921497386
ALT,1773450000000,1773536400000,corto,3,-0.002684565370668983,0.0029,-0.005584565370668983
IP,1773450000000,1773536400000,corto,2,0.0012725182793915247,0.0019,-0.0006274817206084753
ZEN,1773468000000,1773554400000,largo,3,-0.01968922814681166,0.0029,-0.02258922814681166
BSV,1773471600000,1773558000000,corto,3,-0.0012479066346378122,0.0029,-0.004147906634637812
SCR,1773471600000,1773558000000,corto,3,0.0020663536223999436,0.0029,-0.0008336463776000562
HEMI,1773478800000,1773565200000,corto,4,-0.009414492431225146,0.0049,-0.014314492431225146
BCH,1773486000000,1773572400000,corto,1,-0.0002563226261471528,0.0013,-0.0015563226261471527
MNT,1773486000000,1773572400000,corto,2,0.006405692920185058,0.0019,0.004505692920185058
TRX,1773489600000,1773576000000,corto,1,-0.0009409867611932505,0.0013,-0.0022409867611932503
FIL,1773511200000,1773597600000,corto,3,0.007086466125854757,0.0029,0.004186466125854757
INIT,1773511200000,1773597600000,corto,2,0.0007573778023663415,0.0019,-0.0011426221976336584
EIGEN,1773525600000,1773612000000,corto,3,0.005628532683097162,0.0029,0.002728532683097162
ZEREBRO,1773525600000,1773612000000,corto,4,-0.014824161208259603,0.0049,-0.0197241612082596
AVAX,1773529200000,1773615600000,corto,1,0.0027906621335222815,0.0013,0.0014906621335222816
ADA,1773529200000,1773615600000,corto,1,0.0029183079761029053,0.0013,0.0016183079761029054
AERO,1773529200000,1773615600000,corto,2,0.0034253687707201464,0.0019,0.0015253687707201464
YGG,1773532800000,1773619200000,corto,4,0.008790775592260889,0.0049,0.0038907755922608887
NEAR,1773536400000,1773622800000,corto,1,-0.009848675813970635,0.0013,-0.011148675813970634
VIRTUAL,1773536400000,1773622800000,corto,2,0.0005455936793246231,0.0019,-0.001354406320675377
SNX,1773540000000,1773626400000,corto,4,-0.0007818975487096692,0.0049,-0.005681897548709669
DOT,1773540000000,1773626400000,corto,1,-0.001386289817910866,0.0013,-0.002686289817910866
ARK,1773540000000,1773626400000,corto,4,-0.0,0.0049,-0.0049
FET,1773540000000,1773626400000,corto,2,-0.00422596795007067,0.0019,-0.00612596795007067
HBAR,1773540000000,1773626400000,corto,2,0.0011256919503094532,0.0019,-0.0007743080496905468
S,1773540000000,1773626400000,corto,3,-0.0022890753944546293,0.0029,-0.005189075394454629
ZRO,1773558000000,1773644400000,corto,1,0.007956076826871435,0.0013,0.006656076826871435
NEO,1773558000000,1773644400000,corto,4,-0.0046994062070520055,0.0049,-0.009599406207052005
BERA,1773558000000,1773644400000,corto,2,0.0010462949590275099,0.0019,-0.0008537050409724901
LINEA,1773561600000,1773648000000,corto,3,0.0017231480426822157,0.0029,-0.001176851957317784
GAS,1773568800000,1773655200000,corto,4,0.003844310356789516,0.0049,-0.0010556896432104839
CAKE,1773572400000,1773658800000,largo,3,-0.0022473404924223837,0.0029,-0.0051473404924223835
CFX,1773579600000,1773666000000,corto,2,-0.0030495537421564487,0.0019,-0.004949553742156449
REZ,1773594000000,1773680400000,corto,4,-0.006756782462879687,0.0049,-0.011656782462879687
MAV,1773597600000,1773684000000,corto,4,-0.005588259505130233,0.0049,-0.010488259505130233
DYM,1773597600000,1773684000000,corto,3,-0.004053511833182637,0.0029,-0.0069535118331826365
SCR,1773604800000,1773691200000,corto,4,-0.0055096558109697,0.0049,-0.0104096558109697
MNT,1773608400000,1773694800000,corto,2,-0.0018780687567986356,0.0019,-0.003778068756798636
ETH,1773612000000,1773698400000,corto,1,0.0013573703038476832,0.0013,0.00005737030384768329
SOL,1773612000000,1773698400000,corto,1,-0.001860504327840462,0.0013,-0.003160504327840462
BNB,1773612000000,1773698400000,corto,1,-0.002293309249242484,0.0013,-0.003593309249242484
XRP,1773612000000,1773698400000,corto,1,-0.015013442888275308,0.0013,-0.01631344288827531
PAXG,1773612000000,1773698400000,corto,1,0.00020043293581094464,0.0013,-0.0010995670641890552
ME,1773619200000,1773705600000,corto,4,-0.0030816665374081144,0.0049,-0.007981666537408115
MON,1773626400000,1773712800000,corto,1,0.009382875149197759,0.0013,0.008082875149197758
BTC,1773630000000,1773716400000,corto,1,0.009654159248165305,0.0013,0.008354159248165304
AVAX,1773630000000,1773716400000,corto,1,0.011819673470393022,0.0013,0.010519673470393023
WLD,1773630000000,1773716400000,corto,1,0.014447455634201625,0.0013,0.013147455634201624
RUNE,1773630000000,1773716400000,corto,4,0.009734308179567757,0.0049,0.004834308179567757
DOT,1773630000000,1773716400000,corto,1,0.005037794029957293,0.0013,0.0037377940299572927
ADA,1773630000000,1773716400000,corto,1,0.01909638858491791,0.0013,0.017796388584917913
FIL,1773630000000,1773716400000,corto,3,0.004196371365196224,0.0029,0.0012963713651962241
kBONK,1773630000000,1773716400000,corto,2,0.013875346493617068,0.0019,0.011975346493617067
MOODENG,1773630000000,1773716400000,corto,3,0.014376659587907886,0.0029,0.011476659587907886
UNI,1773633600000,1773720000000,largo,2,-0.009357830304715816,0.0019,-0.011257830304715817
PUMP,1773633600000,1773720000000,corto,1,0.011488876968888175,0.0013,0.010188876968888174
APEX,1773633600000,1773720000000,corto,3,0.006571540232116766,0.0029,0.003671540232116766
KAS,1773637200000,1773723600000,corto,3,-0.005332275692730616,0.0029,-0.008232275692730617
BABY,1773637200000,1773723600000,corto,4,0.01222224939970747,0.0049,0.00732224939970747
SKY,1773637200000,1773723600000,largo,2,-0.0062568055545310485,0.0019,-0.00815680555453105
WLFI,1773640800000,1773727200000,largo,2,-0.0004800998699927716,0.0019,-0.0023800998699927715
TURBO,1773644400000,1773730800000,corto,2,-0.0027586224390796607,0.0019,-0.004658622439079661
kNEIRO,1773644400000,1773730800000,corto,4,-0.007399966495907293,0.0049,-0.012299966495907293
BIGTIME,1773651600000,1773738000000,corto,4,-0.0025795670873226617,0.0049,-0.007479567087322662
BLUR,1773651600000,1773738000000,corto,4,-0.006837967446870542,0.0049,-0.011737967446870542
ANIME,1773651600000,1773738000000,corto,4,0.08411007494889668,0.0049,0.07921007494889667
DOOD,1773651600000,1773738000000,corto,3,0.010395704363679953,0.0029,0.007495704363679953
CC,1773655200000,1773741600000,corto,3,0.006198767185221068,0.0029,0.003298767185221068
SKR,1773655200000,1773741600000,corto,3,0.006841038110361918,0.0029,0.003941038110361918
AZTEC,1773666000000,1773752400000,corto,3,0.004379240428162926,0.0029,0.0014792404281629258
SOPH,1773669600000,1773756000000,corto,4,-0.005049159354514515,0.0049,-0.009949159354514514
BIO,1773673200000,1773759600000,corto,3,0.0029835481798307444,0.0029,0.00008354817983074461
TIA,1773676800000,1773763200000,corto,2,0.0017837842567668559,0.0019,-0.00011621574323314411
FET,1773676800000,1773763200000,corto,1,0.002657779923212632,0.0013,0.0013577799232126321
IO,1773676800000,1773763200000,corto,3,0.000591291143637132,0.0029,-0.002308708856362868
ZEN,1773680400000,1773766800000,corto,2,-0.012145471239947712,0.0019,-0.014045471239947713
ENS,1773680400000,1773766800000,corto,4,-0.0024593375133126604,0.0049,-0.00735933751331266
ZEC,1773680400000,1773766800000,corto,1,-0.03769478790860883,0.0013,-0.03899478790860883
XMR,1773680400000,1773766800000,corto,1,-0.008528952179492424,0.0013,-0.009828952179492423
IMX,1773698400000,1773784800000,corto,3,0.000892907029580136,0.0029,-0.0020070929704198636
RENDER,1773698400000,1773784800000,corto,1,0.008308391901766061,0.0013,0.007008391901766061
BSV,1773705600000,1773792000000,corto,4,0.014256926320551503,0.0049,0.009356926320551504
ZETA,1773712800000,1773799200000,corto,3,-0.0068965790590602375,0.0029,-0.009796579059060237
XRP,1773716400000,1773802800000,largo,1,0.007634870197335529,0.0013,0.006334870197335529
XLM,1773716400000,1773802800000,largo,2,0.007227233051511389,0.0019,0.00532723305151139
ASTER,1773716400000,1773802800000,largo,1,0.004654903007013432,0.0013,0.0033549030070134317
ZORA,1773730800000,1773817200000,corto,3,-0.0015221990254237025,0.0029,-0.004422199025423702
POLYX,1773734400000,1773820800000,corto,4,-0.004180321171062089,0.0049,-0.009080321171062089
WCT,1773734400000,1773820800000,largo,4,0.0007876231068208902,0.0049,-0.00411237689317911
HYPER,1773741600000,1773828000000,corto,4,0.012530704618550262,0.0049,0.007630704618550262
CC,1773745200000,1773831600000,largo,2,-0.001540574335976156,0.0019,-0.003440574335976156
FTT,1773763200000,1773849600000,corto,4,-0.01618250980464838,0.0049,-0.021082509804648382
ZEREBRO,1773766800000,1773853200000,largo,3,-0.005822639471082756,0.0029,-0.008722639471082757
GRIFFAIN,1773766800000,1773853200000,largo,2,0.014252539579863346,0.0019,0.012352539579863346
kBONK,1773781200000,1773867600000,corto,1,-0.006174865248884127,0.0013,-0.007474865248884127
CHILLGUY,1773788400000,1773874800000,largo,4,-0.02904596344567414,0.0049,-0.03394596344567414
IP,1773792000000,1773878400000,corto,2,0.013935105782778952,0.0019,0.012035105782778952
REZ,1773806400000,1773892800000,corto,2,-0.01712322538966799,0.0019,-0.01902322538966799
IO,1773828000000,1773914400000,largo,4,-0.0005500045972364027,0.0049,-0.005450004597236402
ATOM,1773831600000,1773918000000,largo,2,-0.0018461209565324348,0.0019,-0.0037461209565324348
SOL,1773831600000,1773918000000,largo,1,-0.002219707218593469,0.0013,-0.003519707218593469
AVAX,1773831600000,1773918000000,largo,1,0.00051345192755609,0.0013,-0.0007865480724439099
BNB,1773831600000,1773918000000,largo,1,-0.002745997148855625,0.0013,-0.004045997148855625
APE,1773831600000,1773918000000,largo,4,0.00021388086917168518,0.0049,-0.004686119130828315
OP,1773831600000,1773918000000,largo,2,0.001965280684953823,0.0019,0.00006528068495382307
LTC,1773831600000,1773918000000,largo,1,-0.00041538364888715935,0.0013,-0.0017153836488871593
ARB,1773831600000,1773918000000,largo,2,0.0005973715828780433,0.0019,-0.0013026284171219567
INJ,1773831600000,1773918000000,largo,2,-0.0033277900926745796,0.0019,-0.005227790092674579
LDO,1773831600000,1773918000000,largo,2,-0.004239203905116573,0.0019,-0.006139203905116573
LINK,1773831600000,1773918000000,largo,1,-0.003557433179549953,0.0013,-0.004857433179549953
SNX,1773831600000,1773918000000,largo,4,-0.003158017307732744,0.0049,-0.008058017307732744
APT,1773831600000,1773918000000,largo,2,0.002700178190578657,0.0019,0.0008001781905786572
SEI,1773831600000,1773918000000,largo,2,-0.0014704274709730744,0.0019,-0.0033704274709730744
DOT,1773831600000,1773918000000,largo,2,0.006193181241074775,0.0019,0.004293181241074775
TRB,1773831600000,1773918000000,largo,4,0.0019471756411351118,0.0049,-0.002952824358864888
BLUR,1773831600000,1773918000000,largo,3,-0.004716506231325765,0.0029,-0.007616506231325764
TIA,1773831600000,1773918000000,largo,2,0.002899925095523005,0.0019,0.0009999250955230051
ADA,1773831600000,1773918000000,largo,1,-0.0034199505471836163,0.0013,-0.004719950547183617
GAS,1773831600000,1773918000000,largo,4,-0.0006324310860934325,0.0049,-0.005532431086093433
ORDI,1773831600000,1773918000000,largo,4,-0.00008076239707183555,0.0049,-0.004980762397071835
FIL,1773831600000,1773918000000,largo,2,-0.000253035046703803,0.0019,-0.002153035046703803
PYTH,1773831600000,1773918000000,largo,2,-0.002410643055583438,0.0019,-0.004310643055583438
SUSHI,1773831600000,1773918000000,largo,4,0.00875961357871459,0.0049,0.0038596135787145897
GMT,1773831600000,1773918000000,largo,4,-0.0016436858782351903,0.0049,-0.00654368587823519
SUPER,1773831600000,1773918000000,largo,4,-0.005518826148788068,0.0049,-0.010418826148788068
USTC,1773831600000,1773918000000,largo,4,-0.0026917916657114146,0.0049,-0.0075917916657114145
RSR,1773831600000,1773918000000,largo,4,-0.004277427847778998,0.0049,-0.009177427847778998
GALA,1773831600000,1773918000000,largo,4,-0.0011908307450705863,0.0049,-0.006090830745070586
ACE,1773831600000,1773918000000,largo,4,-0.0035398267051240623,0.0049,-0.008439826705124063
ETC,1773831600000,1773918000000,largo,2,0.0014332296695387374,0.0019,-0.00046677033046126255
ONDO,1773831600000,1773918000000,largo,2,-0.003952650156424307,0.0019,-0.005852650156424307
DYM,1773831600000,1773918000000,largo,3,0.0055256793206631466,0.0029,0.0026256793206631468
STRK,1773831600000,1773918000000,largo,2,-0.0038525088925310783,0.0019,-0.0057525088925310785
AR,1773831600000,1773918000000,largo,2,-0.009516375054660174,0.0019,-0.011416375054660175
ETHFI,1773831600000,1773918000000,largo,2,0.00018169925189885254,0.0019,-0.0017183007481011475
MEW,1773831600000,1773918000000,largo,4,-0.006535970979785533,0.0049,-0.011435970979785534
MOODENG,1773831600000,1773918000000,largo,2,-0.009347898462514638,0.0019,-0.011247898462514639
PNUT,1773831600000,1773918000000,largo,3,-0.0036003639251778585,0.0029,-0.006500363925177858
SAND,1773831600000,1773918000000,largo,3,-0.0002665568145279945,0.0029,-0.003166556814527994
ME,1773831600000,1773918000000,largo,3,-0.002392239655900671,0.0029,-0.005292239655900671
MOVE,1773831600000,1773918000000,largo,3,-0.0026937338911092235,0.0029,-0.005593733891109223
S,1773831600000,1773918000000,largo,3,-0.0017240804512440365,0.0029,-0.004624080451244036
LAYER,1773831600000,1773918000000,largo,3,0.0053315216112376235,0.0029,0.0024315216112376237
KAITO,1773831600000,1773918000000,largo,3,-0.0025750846933167175,0.0029,-0.005475084693316717
PAXG,1773831600000,1773918000000,largo,1,-0.005513793053224519,0.0013,-0.006813793053224519
NXPC,1773831600000,1773918000000,corto,3,0.00027647221630343344,0.0029,-0.0026235277836965665
LINEA,1773831600000,1773918000000,largo,2,0.0003074558056500746,0.0019,-0.0015925441943499255
AVNT,1773831600000,1773918000000,largo,2,0.002585779660555663,0.0019,0.000685779660555663
ICP,1773831600000,1773918000000,largo,2,0.0007912331781231356,0.0019,-0.0011087668218768645
AXS,1773831600000,1773918000000,largo,3,-0.001430073850451359,0.0029,-0.004330073850451359
DASH,1773831600000,1773918000000,largo,2,0.00044127845386053674,0.0019,-0.0014587215461394631
TAO,1773835200000,1773921600000,largo,1,-0.012642495872571038,0.0013,-0.013942495872571039
SPX,1773835200000,1773921600000,largo,2,-0.014297145870884216,0.0019,-0.016197145870884215
MELANIA,1773835200000,1773921600000,largo,3,-0.012168389277605076,0.0029,-0.015068389277605076
SKR,1773835200000,1773921600000,largo,3,-0.025217178355025106,0.0029,-0.028117178355025106
MNT,1773842400000,1773928800000,largo,1,-0.0027518911188298715,0.0013,-0.0040518911188298715
EIGEN,1773842400000,1773928800000,largo,2,-0.003650590755657063,0.0019,-0.005550590755657063
SKY,1773842400000,1773928800000,largo,1,0.0007664383984556186,0.0013,-0.0005335616015443814
CC,1773860400000,1773946800000,corto,2,-0.003853304155399952,0.0019,-0.005753304155399952
STABLE,1773860400000,1773946800000,corto,2,0.012576502679862003,0.0019,0.010676502679862003
VVV,1773867600000,1773954000000,corto,1,-0.005354524598312938,0.0013,-0.006654524598312938
SOPH,1773903600000,1773990000000,largo,3,-0.0014270818602861635,0.0029,-0.0043270818602861635
CRV,1773921600000,1774008000000,largo,1,0.0015302872274319682,0.0013,0.00023028722743196825
CELO,1773921600000,1774008000000,corto,3,0.006114836416573121,0.0029,0.003214836416573121
TRX,1773932400000,1774018800000,largo,1,0.006351295676495734,0.0013,0.005051295676495734
TAO,1773950400000,1774036800000,corto,1,0.008735962375134741,0.0013,0.007435962375134741
MORPHO,1773950400000,1774036800000,corto,1,-0.002265796176322631,0.0013,-0.003565796176322631
ATOM,1773957600000,1774044000000,largo,2,-0.0005479452191891604,0.0019,-0.0024479452191891603
FOGO,1773964800000,1774051200000,largo,4,-0.005335242959631937,0.0049,-0.010235242959631937
ZETA,1773968400000,1774054800000,corto,4,-0.006015878137747072,0.0049,-0.010915878137747071
NIL,1773968400000,1774054800000,corto,4,0.01864614162697708,0.0049,0.01374614162697708
PYTH,1774004400000,1774090800000,largo,2,0.0010519795717269726,0.0019,-0.0008480204282730274
XAI,1774008000000,1774094400000,corto,4,-0.012797249601470644,0.0049,-0.017697249601470642
ZRO,1774011600000,1774098000000,largo,1,-0.0002970738250297784,0.0013,-0.0015970738250297783
XPL,1774015200000,1774101600000,largo,1,0.011225013675730618,0.0013,0.009925013675730617
MEGA,1774018800000,1774105200000,corto,4,0.002408274290460692,0.0049,-0.0024917257095393077
WLD,1774022400000,1774108800000,corto,1,0.008916773175721015,0.0013,0.007616773175721015
KAS,1774029600000,1774116000000,corto,2,0.0016877641137197409,0.0019,-0.0002122358862802591
POL,1774029600000,1774116000000,largo,2,0.0011652951491874096,0.0019,-0.0007347048508125904
ZEREBRO,1774029600000,1774116000000,largo,4,0.005653417971099981,0.0049,0.000753417971099981
TST,1774029600000,1774116000000,largo,4,0.006194141232495347,0.0049,0.0012941412324953471
LIT,1774036800000,1774123200000,largo,1,0.0013857455217666022,0.0013,0.00008574552176660228
ANIME,1774051200000,1774137600000,corto,2,0.03126790956201948,0.0019,0.029367909562019484
VINE,1774051200000,1774137600000,corto,4,0.0006647931831578942,0.0049,-0.004235206816842105
GRIFFAIN,1774054800000,1774141200000,corto,3,-0.002472189145389073,0.0029,-0.005372189145389073
BERA,1774054800000,1774141200000,corto,2,0.006166863798031948,0.0019,0.004266863798031948
NXPC,1774054800000,1774141200000,corto,3,-0.004179842691908742,0.0029,-0.0070798426919087415
PEOPLE,1774069200000,1774155600000,corto,4,0.009366009148962372,0.0049,0.004466009148962372
SOPH,1774087200000,1774173600000,corto,4,0.0015595413654373065,0.0049,-0.0033404586345626933
BANANA,1774105200000,1774191600000,corto,4,-0.0017185281236439406,0.0049,-0.006618528123643941
FIL,1774105200000,1774191600000,corto,2,-0.0012033626839650076,0.0019,-0.0031033626839650076
STRK,1774105200000,1774191600000,corto,2,-0.006648223932880476,0.0019,-0.008548223932880477
AR,1774105200000,1774191600000,corto,2,-0.0035771814213987124,0.0019,-0.005477181421398712
POPCAT,1774105200000,1774191600000,corto,3,-0.0028104360817435173,0.0029,-0.0057104360817435175
REZ,1774105200000,1774191600000,largo,2,0.0022916079922592975,0.0019,0.0003916079922592975
ZK,1774105200000,1774191600000,corto,2,-0.0005023022290627847,0.0019,-0.0024023022290627846
kNEIRO,1774105200000,1774191600000,corto,4,-0.0008100445967445674,0.0049,-0.005710044596744567
USTC,1774112400000,1774198800000,corto,4,0.003178305461813747,0.0049,-0.0017216945381862527
SKY,1774119600000,1774206000000,corto,2,0.01813206115951553,0.0019,0.016232061159515532
MEME,1774123200000,1774209600000,corto,3,0.0036832454162965163,0.0029,0.0007832454162965165
TURBO,1774123200000,1774209600000,corto,3,0.02367493302826871,0.0029,0.02077493302826871
STBL,1774130400000,1774216800000,corto,3,0.0027088772075511804,0.0029,-0.0001911227924488194
BTC,1774134000000,1774220400000,largo,1,-0.006963652750934444,0.0013,-0.008263652750934443
ETH,1774134000000,1774220400000,largo,1,-0.0044238180115719694,0.0013,-0.005723818011571969
DYDX,1774134000000,1774220400000,largo,2,0.0,0.0019,-0.0019
SOL,1774134000000,1774220400000,largo,1,-0.006305081711222259,0.0013,-0.007605081711222259
AVAX,1774134000000,1774220400000,largo,1,-0.0024251026496776478,0.0013,-0.0037251026496776477
BNB,1774134000000,1774220400000,largo,1,-0.0056249301783580915,0.0013,-0.0069249301783580915
APE,1774134000000,1774220400000,largo,4,-0.002387857180994669,0.0049,-0.007287857180994669
OP,1774134000000,1774220400000,largo,2,-0.0020940588753306853,0.0019,-0.0039940588753306855
LTC,1774134000000,1774220400000,largo,1,-0.00345262322168586,0.0013,-0.00475262322168586
ARB,1774134000000,1774220400000,largo,2,-0.0033464704410205237,0.0019,-0.0052464704410205235
DOGE,1774134000000,1774220400000,largo,1,-0.004308943002184739,0.0013,-0.005608943002184739
INJ,1774134000000,1774220400000,largo,2,-0.0034219341890214766,0.0019,-0.005321934189021477
SUI,1774134000000,1774220400000,largo,1,-0.006785736389517992,0.0013,-0.008085736389517992
kPEPE,1774134000000,1774220400000,largo,1,-0.005786524445284005,0.0013,-0.007086524445284005
CRV,1774134000000,1774220400000,largo,2,-0.006637498440942072,0.0019,-0.008537498440942072
LDO,1774134000000,1774220400000,largo,2,-0.005409145076104689,0.0019,-0.007309145076104689
LINK,1774134000000,1774220400000,largo,1,-0.0036213804256303712,0.0013,-0.004921380425630371
STX,1774134000000,1774220400000,largo,3,-0.0023761703012700245,0.0029,-0.005276170301270025
GMX,1774134000000,1774220400000,largo,4,-0.0032184897675378637,0.0049,-0.008118489767537863
XRP,1774134000000,1774220400000,largo,1,-0.004469764488770823,0.0013,-0.005769764488770823
BCH,1774134000000,1774220400000,largo,1,-0.004763795685362577,0.0013,-0.006063795685362577
APT,1774134000000,1774220400000,largo,2,0.0003233281269749079,0.0019,-0.001576671873025092
AAVE,1774134000000,1774220400000,largo,2,-0.004038891509287393,0.0019,-0.005938891509287393
COMP,1774134000000,1774220400000,largo,3,-0.003478642490401459,0.0029,-0.006378642490401459
WLD,1774134000000,1774220400000,largo,1,-0.0021429275384511758,0.0013,-0.0034429275384511757
YGG,1774134000000,1774220400000,largo,4,-0.0025644154367408982,0.0049,-0.007464415436740898
kSHIB,1774134000000,1774220400000,largo,2,-0.002104525504915498,0.0019,-0.004004525504915498
UNI,1774134000000,1774220400000,largo,2,0.00037490447584802994,0.0019,-0.00152509552415197
SEI,1774134000000,1774220400000,largo,2,-0.006842531121316051,0.0019,-0.00874253112131605
RUNE,1774134000000,1774220400000,largo,4,-0.003681504618280659,0.0049,-0.00858150461828066
TRB,1774134000000,1774220400000,largo,4,-0.005145753090279956,0.0049,-0.010045753090279955
ARK,1774134000000,1774220400000,largo,4,-0.002617085575164294,0.0049,-0.007517085575164294
BIGTIME,1774134000000,1774220400000,largo,4,-0.0017422986905262538,0.0049,-0.006642298690526254
BLUR,1774134000000,1774220400000,largo,4,-0.0040015194258159,0.0049,-0.0089015194258159
TIA,1774134000000,1774220400000,largo,3,-0.003617566732313205,0.0029,-0.006517566732313205
BSV,1774134000000,1774220400000,largo,4,-0.0017204305318825118,0.0049,-0.006620430531882512
ADA,1774134000000,1774220400000,largo,2,-0.006013438801746347,0.0019,-0.007913438801746346
MINA,1774134000000,1774220400000,largo,3,0.011314655876934927,0.0029,0.008414655876934928
POLYX,1774134000000,1774220400000,largo,3,-0.0055773604573454115,0.0029,-0.008477360457345411
GAS,1774134000000,1774220400000,largo,4,-0.006121110263101623,0.0049,-0.011021110263101623
PENDLE,1774134000000,1774220400000,largo,3,-0.004376374599798777,0.0029,-0.007276374599798777
NEAR,1774134000000,1774220400000,largo,2,-0.007048349329932222,0.0019,-0.008948349329932222
ORDI,1774134000000,1774220400000,largo,4,-0.0015179445612255077,0.0049,-0.006417944561225507
NEO,1774134000000,1774220400000,largo,4,0.00026998360977807087,0.0049,-0.004630016390221929
ZEN,1774134000000,1774220400000,largo,3,-0.00018455632711457314,0.0029,-0.003084556327114573
PYTH,1774134000000,1774220400000,largo,3,-0.013748679251269599,0.0029,-0.0166486792512696
SUSHI,1774134000000,1774220400000,largo,4,-0.0029396346628225625,0.0049,-0.007839634662822562
IMX,1774134000000,1774220400000,largo,3,-0.0032053364195834383,0.0029,-0.006105336419583439
kBONK,1774134000000,1774220400000,largo,1,-0.0024604581832741363,0.0013,-0.0037604581832741363
GMT,1774134000000,1774220400000,largo,4,-0.002808582544476495,0.0049,-0.007708582544476495
SUPER,1774134000000,1774220400000,largo,4,-0.006128336720970486,0.0049,-0.011028336720970486
JUP,1774134000000,1774220400000,largo,2,-0.0031405417071447158,0.0019,-0.005040541707144716
kLUNC,1774134000000,1774220400000,largo,4,-0.00021645607379081557,0.0049,-0.005116456073790816
GALA,1774134000000,1774220400000,largo,4,-0.0055637518747728605,0.0049,-0.01046375187477286
JTO,1774134000000,1774220400000,largo,2,-0.006686596347029877,0.0019,-0.008586596347029877
ACE,1774134000000,1774220400000,largo,4,0.0,0.0049,-0.0049
MAV,1774134000000,1774220400000,largo,4,-0.010062411252291653,0.0049,-0.014962411252291653
WIF,1774134000000,1774220400000,largo,2,-0.0038398930123493004,0.0019,-0.005739893012349301
CAKE,1774134000000,1774220400000,largo,3,-0.010510008677994766,0.0029,-0.013410008677994766
ENS,1774134000000,1774220400000,largo,4,-0.0040076112882632365,0.0049,-0.008907611288263236
ETC,1774134000000,1774220400000,largo,4,-0.004205084637325729,0.0049,-0.00910508463732573
MANTA,1774134000000,1774220400000,largo,4,-0.0029727003038144827,0.0049,-0.007872700303814482
UMA,1774134000000,1774220400000,largo,4,-0.0008261651828228148,0.0049,-0.005726165182822814
ONDO,1774134000000,1774220400000,largo,2,-0.003417137813757907,0.0019,-0.005317137813757907
ALT,1774134000000,1774220400000,largo,3,-0.007607937207924167,0.0029,-0.010507937207924166
DYM,1774134000000,1774220400000,largo,4,-0.007532375551073645,0.0049,-0.012432375551073644
W,1774134000000,1774220400000,largo,3,-0.006131227054936408,0.0029,-0.009031227054936409
kFLOKI,1774134000000,1774220400000,largo,4,-0.003112953095740473,0.0049,-0.008012953095740473
ENA,1774134000000,1774220400000,largo,2,-0.0039048441357017183,0.0019,-0.005804844135701718
MNT,1774134000000,1774220400000,largo,3,-0.005194379300186232,0.0029,-0.008094379300186232
MERL,1774134000000,1774220400000,largo,2,0.003406220499897516,0.0019,0.001506220499897516
HBAR,1774134000000,1774220400000,largo,3,-0.004368726913415148,0.0029,-0.007268726913415148
EIGEN,1774134000000,1774220400000,largo,3,-0.005880797488253965,0.0029,-0.008780797488253965
BRETT,1774134000000,1774220400000,largo,3,-0.006692111194014816,0.0029,-0.009592111194014815
IO,1774134000000,1774220400000,largo,4,-0.0025166986470982738,0.0049,-0.007416698647098274
MEW,1774134000000,1774220400000,largo,4,0.0,0.0049,-0.0049
RENDER,1774134000000,1774220400000,largo,2,-0.008292126721041891,0.0019,-0.010192126721041892
POL,1774134000000,1774220400000,largo,3,-0.0014003704042201382,0.0029,-0.004300370404220138
SCR,1774134000000,1774220400000,largo,4,0.007662872745569097,0.0049,0.0027628727455690973
GOAT,1774134000000,1774220400000,largo,4,-0.005282125126417133,0.0049,-0.010182125126417134
MOODENG,1774134000000,1774220400000,largo,3,-0.004528664309529846,0.0029,-0.007428664309529846
PNUT,1774134000000,1774220400000,largo,4,-0.004316553464974098,0.0049,-0.009216553464974098
XLM,1774134000000,1774220400000,largo,3,-0.006269613013595485,0.0029,-0.009169613013595486
SAND,1774134000000,1774220400000,largo,3,-0.002924339721544969,0.0029,-0.005824339721544969
IOTA,1774134000000,1774220400000,largo,4,-0.0034523677755070674,0.0049,-0.008352367775507068
ALGO,1774134000000,1774220400000,largo,3,-0.0032831926673462693,0.0029,-0.006183192667346269
ME,1774134000000,1774220400000,largo,4,-0.003781795185141186,0.0049,-0.008681795185141186
MOVE,1774134000000,1774220400000,largo,4,-0.003952985486593035,0.0049,-0.008852985486593034
VIRTUAL,1774134000000,1774220400000,largo,2,-0.0026457053156819605,0.0019,-0.00454570531568196
PENGU,1774134000000,1774220400000,largo,2,-0.004478287824695979,0.0019,-0.006378287824695979
USUAL,1774134000000,1774220400000,largo,4,-0.002266718008690921,0.0049,-0.00716671800869092
FARTCOIN,1774134000000,1774220400000,largo,1,-0.010304085989057942,0.0013,-0.011604085989057943
BIO,1774134000000,1774220400000,largo,4,-0.004756576585185758,0.0049,-0.009656576585185758
SPX,1774134000000,1774220400000,largo,2,-0.006490036142030902,0.0019,-0.008390036142030903
S,1774134000000,1774220400000,largo,4,-0.0033036667440600517,0.0049,-0.008203666744060052
MORPHO,1774134000000,1774220400000,largo,2,-0.004434331331312484,0.0019,-0.006334331331312484
TRUMP,1774134000000,1774220400000,largo,1,-0.005468678181134115,0.0013,-0.006768678181134115
MELANIA,1774134000000,1774220400000,largo,3,0.0010572688209531233,0.0029,-0.0018427311790468765
TST,1774134000000,1774220400000,largo,4,0.005467482182133394,0.0049,0.0005674821821333945
IP,1774134000000,1774220400000,largo,2,-0.012008795383312638,0.0019,-0.013908795383312638
NIL,1774134000000,1774220400000,largo,4,-0.00868530296871907,0.0049,-0.013585302968719069
PROMPT,1774134000000,1774220400000,largo,4,0.003910340089289646,0.0049,-0.0009896599107103539
WCT,1774134000000,1774220400000,largo,4,-0.016015681849657577,0.0049,-0.02091568184965758
HYPER,1774134000000,1774220400000,largo,4,-0.005328502522329544,0.0049,-0.010228502522329545
ZORA,1774134000000,1774220400000,largo,4,0.0003822142994676063,0.0049,-0.004517785700532393
DOOD,1774134000000,1774220400000,largo,4,-0.00421462773329172,0.0049,-0.00911462773329172
SYRUP,1774134000000,1774220400000,largo,3,-0.008941677354680197,0.0029,-0.011841677354680197
PUMP,1774134000000,1774220400000,largo,1,-0.005094831286708772,0.0013,-0.006394831286708772
XPL,1774134000000,1774220400000,largo,1,-0.004625628924831531,0.0013,-0.005925628924831531
WLFI,1774134000000,1774220400000,largo,1,-0.007938057384432944,0.0013,-0.009238057384432945
LINEA,1774134000000,1774220400000,largo,4,-0.0026516422563706327,0.0049,-0.007551642256370632
ASTER,1774134000000,1774220400000,largo,1,-0.002552783919271852,0.0013,-0.003852783919271852
AVNT,1774134000000,1774220400000,largo,3,-0.002751830254167607,0.0029,-0.005651830254167607
0G,1774134000000,1774220400000,largo,4,0.033147320006069826,0.0049,0.028247320006069825
HEMI,1774134000000,1774220400000,largo,3,-0.004624285697113903,0.0029,-0.0075242856971139025
2Z,1774134000000,1774220400000,largo,4,-0.00045883997718275523,0.0049,-0.0053588399771827555
ZEC,1774134000000,1774220400000,largo,1,-0.00518861507967991,0.0013,-0.00648861507967991
MON,1774134000000,1774220400000,largo,2,-0.018327842021884953,0.0019,-0.02022784202188495
MET,1774134000000,1774220400000,largo,3,-0.0024727131183301444,0.0029,-0.005372713118330144
ICP,1774134000000,1774220400000,largo,2,-0.004986266164320198,0.0019,-0.0068862661643201975
AERO,1774134000000,1774220400000,largo,3,-0.0014703242262648632,0.0029,-0.004370324226264863
FOGO,1774134000000,1774220400000,largo,4,-0.00219149578968365,0.0049,-0.00709149578968365
XMR,1774134000000,1774220400000,largo,2,-0.006449323679906983,0.0019,-0.008349323679906984
AXS,1774134000000,1774220400000,largo,3,-0.005250806592238695,0.0029,-0.008150806592238696
DASH,1774134000000,1774220400000,largo,3,-0.00409556886473697,0.0029,-0.00699556886473697
SKR,1774134000000,1774220400000,largo,4,-0.002070842802221457,0.0049,-0.006970842802221457
AZTEC,1774134000000,1774220400000,largo,3,-0.0015727910447488138,0.0029,-0.004472791044748813
NXPC,1774144800000,1774231200000,corto,3,-0.0008549785921203737,0.0029,-0.0037549785921203735
RESOLV,1774144800000,1774231200000,largo,3,0.015971914036208686,0.0029,0.013071914036208686
ZETA,1774155600000,1774242000000,corto,2,0.024364056123707567,0.0019,0.022464056123707568
PAXG,1774173600000,1774260000000,largo,1,0.003203819257647067,0.0013,0.001903819257647067
APEX,1774180800000,1774267200000,corto,3,0.000998253140047388,0.0029,-0.0019017468599526119
GRASS,1774184400000,1774270800000,largo,2,-0.0049662705010179616,0.0019,-0.006866270501017961
TRX,1774213200000,1774299600000,largo,1,0.003054540663431881,0.0013,0.0017545406634318812
MEME,1774224000000,1774310400000,corto,2,0.005194816877103911,0.0019,0.003294816877103911
XLM,1774238400000,1774324800000,corto,2,0.006370027909773163,0.0019,0.004470027909773164
KAITO,1774238400000,1774324800000,corto,3,-0.01873212399093727,0.0029,-0.02163212399093727
BNB,1774245600000,1774332000000,largo,1,0.003016497754641179,0.0013,0.001716497754641179
UNI,1774245600000,1774332000000,largo,2,0.004939529001461345,0.0019,0.003039529001461345
ACE,1774245600000,1774332000000,largo,4,0.0007785130794138837,0.0049,-0.004121486920586117
MANTA,1774245600000,1774332000000,largo,4,0.014259950375159114,0.0049,0.009359950375159114
MNT,1774245600000,1774332000000,largo,2,0.007684642329759899,0.0019,0.0057846423297598995
ZEC,1774245600000,1774332000000,largo,1,0.017022434367254896,0.0013,0.015722434367254897
FTT,1774260000000,1774346400000,corto,1,0.007421608942975664,0.0013,0.006121608942975664
BTC,1774263600000,1774350000000,corto,1,0.0015734318100982484,0.0013,0.00027343181009824844
ETH,1774263600000,1774350000000,corto,1,-0.002173361009010959,0.0013,-0.003473361009010959
ATOM,1774263600000,1774350000000,corto,2,-0.002126469743663395,0.0019,-0.004026469743663395
DYDX,1774263600000,1774350000000,corto,3,0.0038396975420442207,0.0029,0.0009396975420442209
SOL,1774263600000,1774350000000,corto,1,0.0008718396367411225,0.0013,-0.0004281603632588774
AVAX,1774263600000,1774350000000,corto,1,0.0015593361853985797,0.0013,0.0002593361853985797
APE,1774263600000,1774350000000,corto,3,0.0018787649887263868,0.0029,-0.001021235011273613
OP,1774263600000,1774350000000,corto,2,-0.0026948336385009598,0.0019,-0.00459483363850096
LTC,1774263600000,1774350000000,corto,1,0.0018485786467930298,0.0013,0.0005485786467930298
ARB,1774263600000,1774350000000,corto,1,-0.00020622808899663139,0.0013,-0.0015062280889966313
DOGE,1774263600000,1774350000000,corto,1,-0.0004353851368825051,0.0013,-0.001735385136882505
INJ,1774263600000,1774350000000,corto,2,0.00006537443208291929,0.0019,-0.0018346255679170807
SUI,1774263600000,1774350000000,corto,1,0.0004928148741090969,0.0013,-0.000807185125890903
kPEPE,1774263600000,1774350000000,corto,1,0.007571381539260745,0.0013,0.006271381539260745
LDO,1774263600000,1774350000000,corto,3,0.0014680530452783021,0.0029,-0.0014319469547216977
LINK,1774263600000,1774350000000,corto,1,-0.0006926856999263309,0.0013,-0.001992685699926331
STX,1774263600000,1774350000000,corto,3,0.004346842968747493,0.0029,0.001446842968747493
CFX,1774263600000,1774350000000,corto,3,0.001987827270087331,0.0029,-0.0009121727299126687
GMX,1774263600000,1774350000000,corto,3,-0.001209489990829893,0.0029,-0.004109489990829893
SNX,1774263600000,1774350000000,corto,3,-0.003910628845259117,0.0029,-0.006810628845259117
XRP,1774263600000,1774350000000,corto,1,-0.0010551863382766795,0.0013,-0.0023551863382766797
APT,1774263600000,1774350000000,corto,1,0.005673774085907825,0.0013,0.004373774085907825
AAVE,1774263600000,1774350000000,corto,1,0.0010838151349941622,0.0013,-0.0002161848650058377
COMP,1774263600000,1774350000000,corto,3,-0.0015243504752015973,0.0029,-0.004424350475201597
YGG,1774263600000,1774350000000,corto,4,0.00455795238817083,0.0049,-0.00034204761182916963
kSHIB,1774263600000,1774350000000,corto,2,0.007992865323730709,0.0019,0.006092865323730709
SEI,1774263600000,1774350000000,corto,2,0.004493357729888374,0.0019,0.002593357729888374
RUNE,1774263600000,1774350000000,corto,4,0.00064595621706121,0.0049,-0.00425404378293879
ZRO,1774263600000,1774350000000,corto,1,0.012695236843587131,0.0013,0.01139523684358713
DOT,1774263600000,1774350000000,corto,2,0.006215859687595386,0.0019,0.004315859687595386
BANANA,1774263600000,1774350000000,corto,3,-0.002462641866954738,0.0029,-0.005362641866954738
TRB,1774263600000,1774350000000,corto,4,0.004077543593305928,0.0049,-0.0008224564066940717
ARK,1774263600000,1774350000000,corto,4,-0.0009330534850003056,0.0049,-0.005833053485000305
BIGTIME,1774263600000,1774350000000,corto,4,0.0036160839557276606,0.0049,-0.0012839160442723392
BLUR,1774263600000,1774350000000,corto,4,0.005433505837338176,0.0049,0.0005335058373381763
TIA,1774263600000,1774350000000,corto,2,0.0047898802584146576,0.0019,0.0028898802584146578
BSV,1774263600000,1774350000000,corto,3,0.009933624881061006,0.0029,0.007033624881061006
ADA,1774263600000,1774350000000,corto,1,-0.00041737019444454046,0.0013,-0.0017173701944445405
TON,1774263600000,1774350000000,corto,2,0.0033868997114798833,0.0019,0.0014868997114798833
MINA,1774263600000,1774350000000,corto,3,-0.004204365631531631,0.0029,-0.0071043656315316304
POLYX,1774263600000,1774350000000,corto,3,-0.056660578460726564,0.0029,-0.059560578460726564
GAS,1774263600000,1774350000000,corto,4,-0.010723963362975642,0.0049,-0.015623963362975642
PENDLE,1774263600000,1774350000000,corto,2,0.0027434859457509436,0.0019,0.0008434859457509436
NEAR,1774263600000,1774350000000,corto,1,0.009030443246076214,0.0013,0.007730443246076214
ORDI,1774263600000,1774350000000,corto,4,0.004408900509583126,0.0049,-0.0004910994904168738
NEO,1774263600000,1774350000000,corto,3,-0.006930880814329175,0.0029,-0.009830880814329174
ZEN,1774263600000,1774350000000,corto,4,0.0056271592051209,0.0049,0.0007271592051209001
FIL,1774263600000,1774350000000,corto,2,0.0015758719801316446,0.0019,-0.00032412801986835536
SUSHI,1774263600000,1774350000000,corto,4,0.0028845443952748495,0.0049,-0.0020154556047251504
IMX,1774263600000,1774350000000,corto,3,0.008747724143301447,0.0029,0.005847724143301447
kBONK,1774263600000,1774350000000,corto,1,0.004183056379833508,0.0013,0.0028830563798335077
GMT,1774263600000,1774350000000,corto,1,0.0020639842208515936,0.0013,0.0007639842208515936
SUPER,1774263600000,1774350000000,corto,4,0.0017262530975562934,0.0049,-0.0031737469024437064
kLUNC,1774263600000,1774350000000,corto,4,0.004651527798110353,0.0049,-0.00024847220188964694
RSR,1774263600000,1774350000000,corto,4,0.01017820491575604,0.0049,0.00527820491575604
GALA,1774263600000,1774350000000,corto,3,-0.00031206116652063076,0.0029,-0.0032120611665206306
JTO,1774263600000,1774350000000,corto,2,0.00564507397854588,0.0019,0.0037450739785458804
MAV,1774263600000,1774350000000,corto,4,0.00007354833967927986,0.0049,-0.00482645166032072
CAKE,1774263600000,1774350000000,corto,2,-0.0026114282406018417,0.0019,-0.004511428240601842
PEOPLE,1774263600000,1774350000000,corto,4,0.0032597450705115993,0.0049,-0.0016402549294884006
ENS,1774263600000,1774350000000,corto,4,0.002094584303676814,0.0049,-0.0028054156963231856
ETC,1774263600000,1774350000000,corto,3,0.0054854382827325965,0.0029,0.0025854382827325967
XAI,1774263600000,1774350000000,corto,4,0.00398010475662681,0.0049,-0.0009198952433731901
UMA,1774263600000,1774350000000,corto,4,0.002157140137895023,0.0049,-0.0027428598621049767
ONDO,1774263600000,1774350000000,corto,3,-0.00655535358267589,0.0029,-0.00945535358267589
DYM,1774263600000,1774350000000,corto,4,0.009052869873350291,0.0049,0.004152869873350291
W,1774263600000,1774350000000,corto,4,0.007250787053695855,0.0049,0.002350787053695855
STRK,1774263600000,1774350000000,corto,2,0.0029976858529161634,0.0019,0.0010976858529161634
kFLOKI,1774263600000,1774350000000,corto,4,0.00450489355685552,0.0049,-0.00039510644314447955
ETHFI,1774263600000,1774350000000,corto,1,-0.005369594036670995,0.0013,-0.006669594036670995
ENA,1774263600000,1774350000000,corto,2,-0.0052159462416390325,0.0019,-0.007115946241639032
HBAR,1774263600000,1774350000000,corto,2,0.00014914719790712458,0.0019,-0.0017508528020928754
EIGEN,1774263600000,1774350000000,corto,3,0.0010172940856974727,0.0029,-0.001882705914302527
IO,1774263600000,1774350000000,corto,3,0.009832562828862502,0.0029,0.006932562828862503
ZK,1774263600000,1774350000000,corto,3,-0.002580788297879533,0.0029,-0.005480788297879533
MEW,1774263600000,1774350000000,corto,4,-0.0016116038943416128,0.0049,-0.006511603894341612
RENDER,1774263600000,1774350000000,corto,2,0.007967256199034593,0.0019,0.0060672561990345935
POL,1774263600000,1774350000000,corto,2,0.008974667011232812,0.0019,0.007074667011232812
CELO,1774263600000,1774350000000,corto,3,-0.011305336890601723,0.0029,-0.014205336890601723
kNEIRO,1774263600000,1774350000000,corto,4,0.003824705857648101,0.0049,-0.001075294142351899
GOAT,1774263600000,1774350000000,corto,3,-0.002662014645431868,0.0029,-0.005562014645431868
MOODENG,1774263600000,1774350000000,corto,2,0.010169056867002176,0.0019,0.008269056867002175
PNUT,1774263600000,1774350000000,corto,3,0.0074627212015896,0.0029,0.0045627212015896005
SAND,1774263600000,1774350000000,corto,3,0.0025420222134228667,0.0029,-0.00035797778657713306
IOTA,1774263600000,1774350000000,corto,4,-0.004958223156408416,0.0049,-0.009858223156408417
ALGO,1774263600000,1774350000000,corto,3,0.005869942053033702,0.0029,0.002969942053033702
ME,1774263600000,1774350000000,corto,4,0.008822206445606318,0.0049,0.0039222064456063185
MOVE,1774263600000,1774350000000,corto,3,0.0031265241634172687,0.0029,0.00022652416341726895
VIRTUAL,1774263600000,1774350000000,corto,2,0.009196146967800686,0.0019,0.007296146967800686
PENGU,1774263600000,1774350000000,corto,2,0.001287645932259037,0.0019,-0.0006123540677409631
USUAL,1774263600000,1774350000000,corto,4,0.008908744889109555,0.0049,0.004008744889109555
AIXBT,1774263600000,1774350000000,corto,3,0.008454571911495607,0.0029,0.005554571911495608
ZEREBRO,1774263600000,1774350000000,corto,4,-0.0007411250617151478,0.0049,-0.005641125061715147
BIO,1774263600000,1774350000000,corto,4,0.0050848957262468325,0.0049,0.00018489572624683266
SPX,1774263600000,1774350000000,corto,2,0.00510282775984326,0.0019,0.0032028277598432605
S,1774263600000,1774350000000,corto,4,0.006427507060134876,0.0049,0.0015275070601348762
MORPHO,1774263600000,1774350000000,corto,1,-0.013841668105965604,0.0013,-0.015141668105965605
TRUMP,1774263600000,1774350000000,corto,1,0.0025088741589789202,0.0013,0.0012088741589789203
BERA,1774263600000,1774350000000,corto,2,0.00607178494052264,0.0019,0.00417178494052264
LAYER,1774263600000,1774350000000,corto,4,0.0027299011854137346,0.0049,-0.0021700988145862653
IP,1774263600000,1774350000000,corto,2,0.007321257258346376,0.0019,0.005421257258346376
NIL,1774263600000,1774350000000,corto,4,-0.0033660065440711687,0.0049,-0.00826600654407117
BABY,1774263600000,1774350000000,corto,3,0.008170984395886953,0.0029,0.005270984395886953
HYPER,1774263600000,1774350000000,corto,1,0.003811632842928472,0.0013,0.002511632842928472
INIT,1774263600000,1774350000000,corto,2,-0.0046459541868374265,0.0019,-0.006545954186837426
SYRUP,1774263600000,1774350000000,corto,3,0.0017096213079745583,0.0029,-0.0011903786920254415
PUMP,1774263600000,1774350000000,corto,1,0.005530987551533757,0.0013,0.004230987551533757
PROVE,1774263600000,1774350000000,corto,4,0.005881422045538455,0.0049,0.000981422045538455
LINEA,1774263600000,1774350000000,corto,4,0.0073659260183290675,0.0049,0.0024659260183290677
AVNT,1774263600000,1774350000000,corto,2,0.002729690654083634,0.0019,0.0008296906540836339
2Z,1774263600000,1774350000000,corto,3,0.010550191043578844,0.0029,0.007650191043578844
MET,1774263600000,1774350000000,corto,2,0.013593655079016565,0.0019,0.011693655079016565
ICP,1774263600000,1774350000000,corto,2,0.0011642412957479026,0.0019,-0.0007357587042520974
AERO,1774263600000,1774350000000,corto,2,0.005361784303532018,0.0019,0.003461784303532018
AXS,1774263600000,1774350000000,corto,2,0.006517549933970505,0.0019,0.004617549933970505
SKR,1774263600000,1774350000000,corto,2,0.008599772894913371,0.0019,0.006699772894913371
FOGO,1774267200000,1774353600000,corto,3,0.005183435337212063,0.0029,0.0022834353372120633
STABLE,1774278000000,1774364400000,corto,1,0.00528288238315152,0.0013,0.00398288238315152
KAS,1774335600000,1774422000000,corto,2,-0.009018369374537713,0.0019,-0.010918369374537714
GAS,1774353600000,1774440000000,corto,3,0.0034341765198617506,0.0029,0.0005341765198617508
AVAX,1774382400000,1774468800000,corto,1,0.0037762246461750877,0.0013,0.002476224646175088
GMX,1774382400000,1774468800000,corto,4,0.0013789090419711995,0.0049,-0.0035210909580288005
AAVE,1774382400000,1774468800000,corto,1,0.0032995972327370697,0.0013,0.0019995972327370697
WLD,1774382400000,1774468800000,corto,2,0.007825010975000747,0.0019,0.005925010975000747
ENS,1774382400000,1774468800000,corto,4,0.004878857090925278,0.0049,-0.000021142909074721786
IOTA,1774382400000,1774468800000,corto,4,0.0037078152003148295,0.0049,-0.0011921847996851703
FARTCOIN,1774382400000,1774468800000,corto,1,-0.0014659688489258187,0.0013,-0.0027659688489258187
XPL,1774382400000,1774468800000,corto,1,-0.002080329582919583,0.0013,-0.003380329582919583
ZEC,1774382400000,1774468800000,corto,1,0.015467547897852773,0.0013,0.014167547897852774
ICP,1774382400000,1774468800000,corto,2,0.00712933748683949,0.0019,0.00522933748683949
HEMI,1774404000000,1774490400000,largo,3,-0.0023135662359428304,0.0029,-0.005213566235942831
JTO,1774407600000,1774494000000,corto,1,-0.009013854866519002,0.0013,-0.010313854866519003
AIXBT,1774425600000,1774512000000,corto,2,-0.0003224376312649022,0.0019,-0.002222437631264902
PENDLE,1774436400000,1774522800000,corto,2,0.002878646557491865,0.0019,0.000978646557491865
IO,1774447200000,1774533600000,corto,3,-0.0,0.0029,-0.0029
CHILLGUY,1774447200000,1774533600000,largo,4,-0.0037581849456206286,0.0049,-0.008658184945620628
NXPC,1774450800000,1774537200000,corto,4,-0.002870357575893514,0.0049,-0.007770357575893514
DYDX,1774454400000,1774540800000,corto,3,-0.0013831260849513473,0.0029,-0.004283126084951347
GRIFFAIN,1774454400000,1774540800000,corto,2,0.02307727986414257,0.0019,0.02117727986414257
CC,1774454400000,1774540800000,corto,2,0.013409250197006272,0.0019,0.011509250197006271
PROVE,1774461600000,1774548000000,corto,4,0.01707038618784752,0.0049,0.012170386187847519
ZK,1774468800000,1774555200000,largo,2,0.008790782394927275,0.0019,0.006890782394927276
SUPER,1774476000000,1774562400000,corto,4,0.010647618236496108,0.0049,0.005747618236496109
ARK,1774490400000,1774576800000,largo,4,-0.002517534147510697,0.0049,-0.007417534147510696
SOL,1774501200000,1774587600000,largo,1,-0.0007320602010672032,0.0013,-0.0020320602010672033
BNB,1774501200000,1774587600000,largo,1,0.0005740345216148356,0.0013,-0.0007259654783851643
LDO,1774501200000,1774587600000,largo,2,-0.0015008466892934627,0.0019,-0.0034008466892934625
MEME,1774501200000,1774587600000,corto,3,0.003552401604367883,0.0029,0.0006524016043678834
ENS,1774501200000,1774587600000,largo,4,-0.0004640092197674006,0.0049,-0.005364009219767401
LAYER,1774501200000,1774587600000,largo,4,-0.003433673390404999,0.0049,-0.008333673390405
PAXG,1774501200000,1774587600000,largo,1,0.0019092762906395856,0.0013,0.0006092762906395857
W,1774515600000,1774602000000,largo,3,0.001929881589649654,0.0029,-0.0009701184103503458
GOAT,1774515600000,1774602000000,largo,4,-0.0015584580656409182,0.0049,-0.006458458065640918
NIL,1774515600000,1774602000000,largo,3,-0.015560175372807343,0.0029,-0.018460175372807343
CELO,1774519200000,1774605600000,largo,4,-0.02579461389567832,0.0049,-0.03069461389567832
APEX,1774519200000,1774605600000,largo,3,-0.011155614295029566,0.0029,-0.014055614295029566
DYM,1774522800000,1774609200000,corto,4,-0.005487484046308003,0.0049,-0.010387484046308003
OP,1774548000000,1774634400000,largo,2,0.003782923178538112,0.0019,0.001882923178538112
STABLE,1774551600000,1774638000000,corto,2,0.0019034572520350125,0.0019,3.4572520350125476e-6
GALA,1774555200000,1774641600000,corto,3,0.002359684223180039,0.0029,-0.0005403157768199608
AXS,1774566000000,1774652400000,corto,3,-0.0066084520589274436,0.0029,-0.009508452058927443
RESOLV,1774573200000,1774659600000,corto,2,-0.0007135212575283284,0.0019,-0.0026135212575283282
BCH,1774587600000,1774674000000,corto,1,-0.0013307002924690821,0.0013,-0.002630700292469082
JTO,1774594800000,1774681200000,corto,2,-0.007963104177286157,0.0019,-0.009863104177286157
AIXBT,1774594800000,1774681200000,corto,3,-0.01856083252842016,0.0029,-0.02146083252842016
BNB,1774598400000,1774684800000,largo,1,-0.0024963505894975203,0.0013,-0.0037963505894975202
CRV,1774598400000,1774684800000,largo,1,-0.004128217682781585,0.0013,-0.005428217682781585
BTC,1774605600000,1774692000000,largo,1,-0.0012832611687419576,0.0013,-0.002583261168741958
ETH,1774605600000,1774692000000,largo,1,-0.0015520567863890075,0.0013,-0.0028520567863890072
SOL,1774605600000,1774692000000,largo,1,-0.0005904575012032874,0.0013,-0.0018904575012032873
AVAX,1774605600000,1774692000000,largo,1,-0.000147855806737332,0.0013,-0.001447855806737332
LTC,1774605600000,1774692000000,largo,2,0.0031408870477445715,0.0019,0.0012408870477445715
ARB,1774605600000,1774692000000,largo,2,0.004115461011341215,0.0019,0.0022154610113412155
DOGE,1774605600000,1774692000000,largo,1,0.0012414241716499088,0.0013,-0.00005857582835009116
SUI,1774605600000,1774692000000,largo,1,0.00043082435504192295,0.0013,-0.000869175644958077
kPEPE,1774605600000,1774692000000,largo,1,-0.003909191566758731,0.0013,-0.005209191566758731
LDO,1774605600000,1774692000000,largo,2,0.0056516931954480746,0.0019,0.0037516931954480748
LINK,1774605600000,1774692000000,largo,1,-0.0017244316289702414,0.0013,-0.0030244316289702415
STX,1774605600000,1774692000000,largo,3,-0.00004478581186222666,0.0029,-0.0029447858118622264
CFX,1774605600000,1774692000000,largo,3,-0.00338451774787595,0.0029,-0.00628451774787595
SNX,1774605600000,1774692000000,largo,3,-0.007713497516827978,0.0029,-0.010613497516827977
AAVE,1774605600000,1774692000000,largo,1,-0.00416658675015101,0.0013,-0.00546658675015101
COMP,1774605600000,1774692000000,largo,4,0.0036045768685457114,0.0049,-0.0012954231314542884
UNI,1774605600000,1774692000000,largo,2,-0.00017766196896189747,0.0019,-0.0020776619689618974
RUNE,1774605600000,1774692000000,largo,4,-0.0021792021597895482,0.0049,-0.007079202159789548
TRB,1774605600000,1774692000000,largo,4,0.0005347951193709295,0.0049,-0.004365204880629071
BIGTIME,1774605600000,1774692000000,largo,4,-0.001415546262431832,0.0049,-0.0063155462624318315
BLUR,1774605600000,1774692000000,largo,4,0.0002304678507550179,0.0049,-0.0046695321492449815
TIA,1774605600000,1774692000000,largo,2,0.0006376374072911137,0.0019,-0.0012623625927088863
BSV,1774605600000,1774692000000,largo,4,-0.0006641821579169451,0.0049,-0.005564182157916945
ADA,1774605600000,1774692000000,largo,1,0.004117890356666722,0.0013,0.002817890356666722
TON,1774605600000,1774692000000,largo,2,-0.0002421796177325824,0.0019,-0.0021421796177325822
MINA,1774605600000,1774692000000,largo,3,-0.002249634674357315,0.0029,-0.005149634674357315
GAS,1774605600000,1774692000000,largo,4,0.0023938527243719376,0.0049,-0.0025061472756280623
ORDI,1774605600000,1774692000000,largo,4,0.0033102853037562355,0.0049,-0.0015897146962437643
NEO,1774605600000,1774692000000,largo,3,0.003783612700109172,0.0029,0.0008836127001091722
ZEN,1774605600000,1774692000000,largo,3,-0.0005411046396473428,0.0029,-0.0034411046396473424
FIL,1774605600000,1774692000000,largo,2,0.0019879631151407027,0.0019,0.00008796311514070267
PYTH,1774605600000,1774692000000,largo,2,-0.00304438626418641,0.0019,-0.00494438626418641
IMX,1774605600000,1774692000000,largo,3,-0.00034363080644654386,0.0029,-0.0032436308064465436
GMT,1774605600000,1774692000000,largo,4,0.0007106960043287772,0.0049,-0.004189303995671223
USTC,1774605600000,1774692000000,largo,4,-0.0036141896129397583,0.0049,-0.008514189612939758
kLUNC,1774605600000,1774692000000,largo,4,-0.002962477479329796,0.0049,-0.007862477479329796
ACE,1774605600000,1774692000000,largo,1,-0.0016977932770942247,0.0013,-0.0029977932770942246
CAKE,1774605600000,1774692000000,largo,3,-0.0013164632925922154,0.0029,-0.004216463292592215
PEOPLE,1774605600000,1774692000000,largo,4,-0.00046725333768100186,0.0049,-0.005367253337681002
ENS,1774605600000,1774692000000,largo,4,-0.001008983578983595,0.0049,-0.005908983578983595
ETC,1774605600000,1774692000000,largo,2,0.00014746362590621322,0.0019,-0.0017525363740937868
MANTA,1774605600000,1774692000000,largo,4,-0.0030831667425611333,0.0049,-0.007983166742561134
W,1774605600000,1774692000000,largo,3,0.00599801864855363,0.0029,0.00309801864855363
STRK,1774605600000,1774692000000,largo,3,0.0014596411874851854,0.0029,-0.0014403588125148144
kFLOKI,1774605600000,1774692000000,largo,4,-0.0016469159857246196,0.0049,-0.0065469159857246195
TNSR,1774605600000,1774692000000,largo,4,-0.0005254860867110682,0.0049,-0.005425486086711068
POPCAT,1774605600000,1774692000000,largo,3,0.00006316919871977304,0.0029,-0.002836830801280227
TURBO,1774605600000,1774692000000,largo,2,-0.0074836644871729965,0.0019,-0.009383664487172996
BRETT,1774605600000,1774692000000,largo,3,-0.0014750473870071186,0.0029,-0.004375047387007118
MOODENG,1774605600000,1774692000000,largo,3,-0.004100592018905631,0.0029,-0.0070005920189056305
PNUT,1774605600000,1774692000000,largo,3,-0.0012951692006067234,0.0029,-0.004195169200606723
SAND,1774605600000,1774692000000,largo,3,-0.000719595428356469,0.0029,-0.003619595428356469
ME,1774605600000,1774692000000,largo,3,-0.001539172229368914,0.0029,-0.0044391722293689135
MOVE,1774605600000,1774692000000,largo,3,0.00033785686452347834,0.0029,-0.0025621431354765213
USUAL,1774605600000,1774692000000,largo,3,-0.004116926358267394,0.0029,-0.007016926358267394
SPX,1774605600000,1774692000000,largo,2,-0.0020124780388521674,0.0019,-0.003912478038852168
S,1774605600000,1774692000000,largo,3,0.0008281977430008729,0.0029,-0.002071802256999127
ANIME,1774605600000,1774692000000,largo,3,0.0012964565342264247,0.0029,-0.0016035434657735751
BERA,1774605600000,1774692000000,largo,2,-0.00837229523757724,0.0019,-0.01027229523757724
LAYER,1774605600000,1774692000000,largo,3,0.00010387721722287301,0.0029,-0.002796122782777127
ZORA,1774605600000,1774692000000,largo,4,0.003813419670646333,0.0049,-0.001086580329353667
PUMP,1774605600000,1774692000000,largo,1,0.00639723030773505,0.0013,0.0050972303077350505
LINEA,1774605600000,1774692000000,largo,3,-0.0006695681535723495,0.0029,-0.0035695681535723492
ASTER,1774605600000,1774692000000,largo,1,-0.0015275144567662745,0.0013,-0.0028275144567662747
AVNT,1774605600000,1774692000000,largo,2,-0.0004504166430026666,0.0019,-0.0023504166430026664
2Z,1774605600000,1774692000000,largo,3,-0.0004734339110143176,0.0029,-0.0033734339110143173
AZTEC,1774605600000,1774692000000,largo,3,-0.0007494245840823834,0.0029,-0.0036494245840823832
HEMI,1774623600000,1774710000000,largo,3,0.003790276173780827,0.0029,0.0008902761737808271
NIL,1774681200000,1774767600000,corto,3,0.012902600537415205,0.0029,0.010002600537415205
CC,1774681200000,1774767600000,corto,2,0.0019131438779604157,0.0019,0.000013143877960415705
AVNT,1774695600000,1774782000000,corto,2,0.0014442631068882347,0.0019,-0.0004557368931117653
ETH,1774702800000,1774789200000,corto,1,0.007373443984823365,0.0013,0.006073443984823365
AVAX,1774702800000,1774789200000,corto,1,0.006444903585272748,0.0013,0.005144903585272748
LTC,1774702800000,1774789200000,corto,2,0.00502476212612198,0.0019,0.0031247621261219806
ARB,1774702800000,1774789200000,corto,2,0.0006788098461808102,0.0019,-0.0012211901538191898
DOGE,1774702800000,1774789200000,corto,1,0.006459649790956632,0.0013,0.005159649790956632
LINK,1774702800000,1774789200000,corto,1,0.0074725154690313935,0.0013,0.0061725154690313935
TRB,1774702800000,1774789200000,corto,4,0.0034141378332580075,0.0049,-0.0014858621667419923
ADA,1774702800000,1774789200000,corto,1,0.008937127630377514,0.0013,0.007637127630377514
ORDI,1774702800000,1774789200000,corto,4,0.0020803003133710776,0.0049,-0.0028196996866289223
kBONK,1774702800000,1774789200000,corto,2,0.006871668304873941,0.0019,0.0049716683048739415
GALA,1774702800000,1774789200000,corto,4,0.006442398803403826,0.0049,0.0015423988034038265
AR,1774702800000,1774789200000,corto,2,0.00041744939032435625,0.0019,-0.0014825506096756438
POPCAT,1774702800000,1774789200000,corto,3,0.006164914235410281,0.0029,0.0032649142354102814
MOODENG,1774702800000,1774789200000,corto,3,0.004142489137662601,0.0029,0.0012424891376626012
PNUT,1774702800000,1774789200000,corto,3,0.0015793633185559,0.0029,-0.0013206366814440997
PENGU,1774702800000,1774789200000,corto,2,0.004624838799200706,0.0019,0.002724838799200706
ZORA,1774702800000,1774789200000,corto,2,-0.001323995873002916,0.0019,-0.003223995873002916
AERO,1774702800000,1774789200000,corto,3,0.007495797347580977,0.0029,0.0045957973475809774
WCT,1774706400000,1774792800000,largo,4,0.0044269714667107525,0.0049,-0.0004730285332892473
UMA,1774713600000,1774800000000,corto,4,-0.002592518735507285,0.0049,-0.007492518735507285
GOAT,1774713600000,1774800000000,corto,4,0.014189029524279303,0.0049,0.009289029524279303
AIXBT,1774713600000,1774800000000,corto,2,-0.0015655580497028058,0.0019,-0.0034655580497028058
HEMI,1774713600000,1774800000000,corto,3,0.007134394113874092,0.0029,0.004234394113874092
FIL,1774731600000,1774818000000,largo,2,0.0007265249646921703,0.0019,-0.0011734750353078298
INJ,1774738800000,1774825200000,largo,3,0.0033281473631921504,0.0029,0.00042814736319215065
SUI,1774738800000,1774825200000,largo,1,0.007282074946868364,0.0013,0.005982074946868364
XMR,1774738800000,1774825200000,largo,1,0.002201903088481708,0.0013,0.000901903088481708
BSV,1774742400000,1774828800000,corto,4,-0.007280246885029298,0.0049,-0.012180246885029299
STABLE,1774778400000,1774864800000,largo,2,-0.012665311834404103,0.0019,-0.014565311834404104
PAXG,1774782000000,1774868400000,corto,1,-0.005387884824483335,0.0013,-0.006687884824483335
KAS,1774789200000,1774875600000,largo,3,-0.010823077102022387,0.0029,-0.013723077102022387
TST,1774789200000,1774875600000,largo,4,-0.0004886391497178216,0.0049,-0.005388639149717821
BCH,1774792800000,1774879200000,largo,1,0.0063256836516734265,0.0013,0.0050256836516734266
PROVE,1774796400000,1774882800000,corto,3,0.0022635277152343873,0.0029,-0.0006364722847656125
BANANA,1774810800000,1774897200000,corto,1,-0.008504395866987787,0.0013,-0.009804395866987788
MET,1774810800000,1774897200000,corto,3,-0.002199253140663112,0.0029,-0.005099253140663112
DYDX,1774814400000,1774900800000,corto,3,-0.01116623842629561,0.0029,-0.01406623842629561
UNI,1774814400000,1774900800000,corto,2,0.0021610415982518017,0.0019,0.00026104159825180166
kFLOKI,1774814400000,1774900800000,corto,4,0.0030090475329827672,0.0049,-0.0018909524670172326
USUAL,1774814400000,1774900800000,corto,4,0.0054709007109011165,0.0049,0.0005709007109011167
SOPH,1774814400000,1774900800000,corto,3,0.004662013105811301,0.0029,0.0017620131058113013
BTC,1774821600000,1774908000000,largo,1,-0.00034453574150114004,0.0013,-0.00164453574150114
ETH,1774821600000,1774908000000,largo,1,-0.0013277928627124424,0.0013,-0.0026277928627124426
ATOM,1774821600000,1774908000000,largo,3,-0.0015556755366246881,0.0029,-0.004455675536624688
SOL,1774821600000,1774908000000,largo,1,-0.004063110308155071,0.0013,-0.005363110308155071
BNB,1774821600000,1774908000000,largo,1,-0.0019782400121058186,0.0013,-0.0032782400121058185
APE,1774821600000,1774908000000,largo,4,-0.004603679263416101,0.0049,-0.0095036792634161
LTC,1774821600000,1774908000000,largo,1,-0.001327586885463797,0.0013,-0.0026275868854637972
ARB,1774821600000,1774908000000,largo,2,-0.004830927269665692,0.0019,-0.006730927269665692
DOGE,1774821600000,1774908000000,largo,1,-0.002446880352685856,0.0013,-0.003746880352685856
kPEPE,1774821600000,1774908000000,largo,1,-0.0008999550629907513,0.0013,-0.0021999550629907515
CRV,1774821600000,1774908000000,largo,1,-0.005764236291916284,0.0013,-0.007064236291916284
LDO,1774821600000,1774908000000,largo,2,-0.0017549362072204898,0.0019,-0.00365493620722049
APT,1774821600000,1774908000000,largo,2,-0.005920151331593515,0.0019,-0.007820151331593516
kSHIB,1774821600000,1774908000000,largo,2,0.0003352329900653962,0.0019,-0.0015647670099346038
TRB,1774821600000,1774908000000,largo,4,-0.0017404114440660197,0.0049,-0.00664041144406602
PENDLE,1774821600000,1774908000000,largo,2,-0.0024175147199578433,0.0019,-0.004317514719957843
ORDI,1774821600000,1774908000000,largo,4,-0.003960757720874136,0.0049,-0.008860757720874135
ZEN,1774821600000,1774908000000,largo,4,-0.005548602385696483,0.0049,-0.010448602385696483
FIL,1774821600000,1774908000000,largo,2,-0.0038477324501760275,0.0019,-0.005747732450176028
SUSHI,1774821600000,1774908000000,largo,4,-0.005018246905553531,0.0049,-0.00991824690555353
kBONK,1774821600000,1774908000000,largo,2,-0.0010300430095268594,0.0019,-0.0029300430095268596
GMT,1774821600000,1774908000000,largo,4,-0.002503913671274505,0.0049,-0.0074039136712745045
WIF,1774821600000,1774908000000,largo,2,-0.002688625380318366,0.0019,-0.004588625380318366
CAKE,1774821600000,1774908000000,largo,1,-0.001661069966300232,0.0013,-0.002961069966300232
ENS,1774821600000,1774908000000,largo,4,-0.0003061656380003802,0.0049,-0.00520616563800038
ETC,1774821600000,1774908000000,largo,2,0.000690692940455558,0.0019,-0.001209307059544442
ALT,1774821600000,1774908000000,largo,4,-0.0011305823702861377,0.0049,-0.006030582370286137
STRK,1774821600000,1774908000000,largo,3,-0.004418920138035447,0.0029,-0.007318920138035446
HBAR,1774821600000,1774908000000,largo,2,-0.00411949373468094,0.0019,-0.00601949373468094
BRETT,1774821600000,1774908000000,largo,3,-0.004020105916665887,0.0029,-0.006920105916665887
POL,1774821600000,1774908000000,largo,2,0.0005122141385004277,0.0019,-0.0013877858614995723
kNEIRO,1774821600000,1774908000000,largo,4,-0.0016024217797233945,0.0049,-0.006502421779723395
MOODENG,1774821600000,1774908000000,largo,4,0.0012563904260786925,0.0049,-0.003643609573921307
PNUT,1774821600000,1774908000000,largo,3,-0.0038476384520706344,0.0029,-0.006747638452070635
SAND,1774821600000,1774908000000,largo,3,-0.001945920263770333,0.0029,-0.004845920263770333
VIRTUAL,1774821600000,1774908000000,largo,2,-0.0037106367658194714,0.0019,-0.005610636765819472
PENGU,1774821600000,1774908000000,largo,2,-0.002494933463213667,0.0019,-0.004394933463213667
FARTCOIN,1774821600000,1774908000000,largo,1,0.0018117535127356353,0.0013,0.0005117535127356354
AIXBT,1774821600000,1774908000000,largo,3,-0.003966548272118249,0.0029,-0.006866548272118249
BIO,1774821600000,1774908000000,largo,4,-0.0021543993970263254,0.0049,-0.007054399397026325
SPX,1774821600000,1774908000000,largo,2,-0.0023475077987364693,0.0019,-0.0042475077987364695
S,1774821600000,1774908000000,largo,4,-0.00486812346821843,0.0049,-0.00976812346821843
HYPER,1774821600000,1774908000000,largo,4,-0.0000587181821017983,0.0049,-0.004958718182101798
PUMP,1774821600000,1774908000000,largo,1,-0.0048048140485402345,0.0013,-0.006104814048540234
LINEA,1774821600000,1774908000000,largo,3,-0.0003373250158483594,0.0029,-0.003237325015848359
STBL,1774821600000,1774908000000,largo,2,-0.0006042584501765319,0.0019,-0.002504258450176532
ZEC,1774821600000,1774908000000,largo,1,-0.010045507256619311,0.0013,-0.01134550725661931
ICP,1774821600000,1774908000000,largo,2,-0.0024041683811991646,0.0019,-0.004304168381199165
AERO,1774821600000,1774908000000,largo,3,-0.007457683476223468,0.0029,-0.010357683476223468
DASH,1774821600000,1774908000000,largo,4,-0.007592344997323594,0.0049,-0.012492344997323594
ARK,1774828800000,1774915200000,corto,4,0.0042887842722178155,0.0049,-0.0006112157277821844
GAS,1774828800000,1774915200000,corto,4,0.019990544237444924,0.0049,0.015090544237444924
NEO,1774828800000,1774915200000,corto,4,0.008209129546949086,0.0049,0.003309129546949086
PEOPLE,1774828800000,1774915200000,corto,4,0.0025936146813285467,0.0049,-0.002306385318671453
IOTA,1774828800000,1774915200000,corto,4,-0.008141405269907982,0.0049,-0.013041405269907982
MON,1774832400000,1774918800000,corto,1,-0.006074229689106035,0.0013,-0.007374229689106035
SEI,1774836000000,1774922400000,corto,2,0.0036650812899858796,0.0019,0.0017650812899858797
DOOD,1774839600000,1774926000000,corto,3,0.00167644632725226,0.0029,-0.0012235536727477397
VVV,1774854000000,1774940400000,corto,1,-0.000485319106832289,0.0013,-0.001785319106832289
TRX,1774872000000,1774958400000,largo,1,0.0020921836072648344,0.0013,0.0007921836072648345
SKY,1774879200000,1774965600000,corto,2,0.007364936328587669,0.0019,0.005464936328587669
ASTER,1774879200000,1774965600000,corto,1,0.012530430293247491,0.0013,0.011230430293247492
ZRO,1774890000000,1774976400000,largo,1,0.002944385987586444,0.0013,0.001644385987586444
CC,1774911600000,1774998000000,largo,1,-0.012714687577154602,0.0013,-0.014014687577154603
YGG,1774915200000,1775001600000,corto,3,0.00850681545770276,0.0029,0.0056068154577027605
CELO,1774933200000,1775019600000,corto,3,-0.008806518177516542,0.0029,-0.011706518177516542
ZEC,1774951200000,1775037600000,corto,1,0.002131982544914083,0.0013,0.0008319825449140832
ZEN,1774954800000,1775041200000,corto,3,0.0009535032970611119,0.0029,-0.001946496702938888
NEO,1774962000000,1775048400000,corto,3,0.00032879715338672224,0.0029,-0.0025712028466132776
PROMPT,1774965600000,1775052000000,corto,2,-0.010419312656137686,0.0019,-0.012319312656137687
HBAR,1774972800000,1775059200000,corto,2,0.0020907995697835055,0.0019,0.0001907995697835055
XPL,1774972800000,1775059200000,corto,1,-0.051219617803163524,0.0013,-0.052519617803163526
LIT,1774972800000,1775059200000,corto,1,-0.013146190286044137,0.0013,-0.014446190286044137
STABLE,1774980000000,1775066400000,corto,2,0.026215203166823343,0.0019,0.024315203166823344
GRIFFAIN,1774987200000,1775073600000,corto,2,-0.002297226668496286,0.0019,-0.004197226668496286
BLUR,1775001600000,1775088000000,corto,4,-0.011577876810067422,0.0049,-0.016477876810067422
MINA,1775001600000,1775088000000,corto,4,0.012971629399168304,0.0049,0.008071629399168305
IP,1775001600000,1775088000000,corto,2,-0.0015973026734460666,0.0019,-0.0034973026734460666
BERA,1775012400000,1775098800000,corto,2,0.006986695731868741,0.0019,0.005086695731868741
AVAX,1775023200000,1775109600000,corto,1,0.0001838003014903926,0.0013,-0.0011161996985096074
KAS,1775041200000,1775127600000,corto,3,0.0022598879674374786,0.0029,-0.0006401120325625212
ACE,1775044800000,1775131200000,largo,4,0.0026281224062694084,0.0049,-0.0022718775937305914
IOTA,1775044800000,1775131200000,corto,4,0.008996950334496212,0.0049,0.004096950334496212
APE,1775048400000,1775134800000,largo,3,-0.007225464961041959,0.0029,-0.010125464961041959
MORPHO,1775048400000,1775134800000,largo,1,-0.0037782168034908477,0.0013,-0.005078216803490848
TAO,1775052000000,1775138400000,corto,1,-0.012248969647340126,0.0013,-0.013548969647340127
HEMI,1775052000000,1775138400000,corto,2,0.06818025370500495,0.0019,0.06628025370500495
MET,1775052000000,1775138400000,corto,3,-0.015130312277984162,0.0029,-0.018030312277984163
GAS,1775055600000,1775142000000,corto,3,-0.0013968256239401875,0.0029,-0.0042968256239401875
NEO,1775055600000,1775142000000,corto,3,-0.0032230286866806643,0.0029,-0.0061230286866806646
HYPER,1775059200000,1775145600000,corto,4,0.0065428084383955115,0.0049,0.0016428084383955117
JUP,1775062800000,1775149200000,largo,2,-0.01892720839763685,0.0019,-0.02082720839763685
FARTCOIN,1775062800000,1775149200000,largo,1,-0.011162789937687816,0.0013,-0.012462789937687815
RSR,1775070000000,1775156400000,corto,4,-0.006906104796411996,0.0049,-0.011806104796411997
BSV,1775088000000,1775174400000,corto,4,-0.009128750634422889,0.0049,-0.014028750634422889
ETH,1775091600000,1775178000000,largo,1,-0.0013168485332602383,0.0013,-0.0026168485332602382
BNB,1775091600000,1775178000000,largo,1,0.0007192889625252453,0.0013,-0.0005807110374747547
LTC,1775091600000,1775178000000,largo,1,-0.0019294146106734857,0.0013,-0.0032294146106734856
ARB,1775091600000,1775178000000,largo,1,0.0013194064585852236,0.0013,0.00001940645858522364
INJ,1775091600000,1775178000000,largo,2,0.004716134262799523,0.0019,0.002816134262799523
LINK,1775091600000,1775178000000,largo,1,0.0,0.0013,-0.0013
STX,1775091600000,1775178000000,largo,3,0.001080954164706992,0.0029,-0.0018190458352930078
XRP,1775091600000,1775178000000,largo,1,-0.0015224178931968404,0.0013,-0.00282241789319684
APT,1775091600000,1775178000000,largo,1,0.0013969734518666176,0.0013,0.00009697345186661767
AAVE,1775091600000,1775178000000,largo,1,0.0013454460805491456,0.0013,0.00004544608054914568
YGG,1775091600000,1775178000000,largo,3,-0.0006175471811144355,0.0029,-0.0035175471811144353
kSHIB,1775091600000,1775178000000,largo,2,-0.001702417843920411,0.0019,-0.003602417843920411
TRB,1775091600000,1775178000000,largo,4,-0.0011639452205851842,0.0049,-0.006063945220585184
FTT,1775091600000,1775178000000,largo,4,-0.0014676521910170685,0.0049,-0.006367652191017068
BIGTIME,1775091600000,1775178000000,largo,3,-0.002784694428499752,0.0029,-0.005684694428499752
TIA,1775091600000,1775178000000,largo,2,-0.004224168489015068,0.0019,-0.006124168489015068
TON,1775091600000,1775178000000,largo,2,-0.003737107282168418,0.0019,-0.005637107282168418
PENDLE,1775091600000,1775178000000,largo,2,-0.002217295808647446,0.0019,-0.004117295808647446
NEAR,1775091600000,1775178000000,largo,1,0.001205753311183029,0.0013,-0.000094246688816971
ZEN,1775091600000,1775178000000,largo,2,-0.0009295427121721061,0.0019,-0.002829542712172106
FIL,1775091600000,1775178000000,largo,2,0.00166019716347503,0.0019,-0.00023980283652497007
PYTH,1775091600000,1775178000000,largo,3,-0.006395065635778449,0.0029,-0.009295065635778449
SUSHI,1775091600000,1775178000000,largo,4,-0.00176173870406733,0.0049,-0.00666173870406733
IMX,1775091600000,1775178000000,largo,3,-0.0010673986984773875,0.0029,-0.0039673986984773875
kLUNC,1775091600000,1775178000000,largo,4,-0.0004984768865332864,0.0049,-0.005398476886533286
JTO,1775091600000,1775178000000,largo,2,0.003022826537912064,0.0019,0.001122826537912064
WIF,1775091600000,1775178000000,largo,2,-0.005029629469582685,0.0019,-0.006929629469582685
CAKE,1775091600000,1775178000000,largo,2,-0.0001503759401329762,0.0019,-0.0020503759401329764
ENS,1775091600000,1775178000000,largo,3,-0.0007976650592445638,0.0029,-0.0036976650592445634
ETC,1775091600000,1775178000000,largo,2,-0.0013365157120751258,0.0019,-0.003236515712075126
MANTA,1775091600000,1775178000000,largo,4,0.0003288932770971405,0.0049,-0.004571106722902859
ONDO,1775091600000,1775178000000,largo,1,-0.00031065548556772314,0.0013,-0.001610655485567723
ALT,1775091600000,1775178000000,largo,3,0.00411218607275461,0.0029,0.0012121860727546101
ZETA,1775091600000,1775178000000,largo,4,-0.0021505384632285844,0.0049,-0.007050538463228584
DYM,1775091600000,1775178000000,largo,4,-0.005964688480054308,0.0049,-0.010864688480054308
MAVIA,1775091600000,1775178000000,largo,4,-0.006460898282399984,0.0049,-0.011360898282399983
kFLOKI,1775091600000,1775178000000,largo,4,-0.003102537486790487,0.0049,-0.008002537486790487
MNT,1775091600000,1775178000000,largo,3,0.0012476422667917863,0.0029,-0.0016523577332082135
MEW,1775091600000,1775178000000,largo,4,0.0036496390875495523,0.0049,-0.0012503609124504475
POL,1775091600000,1775178000000,largo,2,0.0013332461048642516,0.0019,-0.0005667538951357484
kNEIRO,1775091600000,1775178000000,largo,4,0.001844338405505939,0.0049,-0.003055661594494061
XLM,1775091600000,1775178000000,largo,1,0.002021749807967313,0.0013,0.0007217498079673131
SAND,1775091600000,1775178000000,largo,3,-0.004707806409016754,0.0029,-0.007607806409016754
ME,1775091600000,1775178000000,largo,4,0.0064777554446888656,0.0049,0.0015777554446888657
MOVE,1775091600000,1775178000000,largo,4,-0.0001134108308558357,0.0049,-0.005013410830855836
PENGU,1775091600000,1775178000000,largo,2,-0.0004821988359928681,0.0019,-0.002382198835992868
BIO,1775091600000,1775178000000,largo,4,-0.00012294074271689042,0.0049,-0.005022940742716891
S,1775091600000,1775178000000,largo,2,-0.00045726388532444084,0.0019,-0.002357263885324441
PAXG,1775091600000,1775178000000,largo,1,-0.0009649923013357446,0.0013,-0.0022649923013357445
ZORA,1775091600000,1775178000000,largo,3,0.0007898043849797863,0.0029,-0.0021101956150202136
SOPH,1775091600000,1775178000000,largo,3,0.002995508979798371,0.0029,0.00009550897979837113
SKY,1775091600000,1775178000000,largo,2,0.0033456399091870708,0.0019,0.0014456399091870708
AVNT,1775091600000,1775178000000,largo,2,-0.0004026899744345143,0.0019,-0.002302689974434514
AERO,1775091600000,1775178000000,largo,2,-0.0019878172624449527,0.0019,-0.003887817262444953
LIT,1775091600000,1775178000000,largo,1,-0.00850789432165522,0.0013,-0.00980789432165522
0G,1775095200000,1775181600000,largo,4,0.001048951145130938,0.0049,-0.003851048854869062
UNI,1775102400000,1775188800000,largo,1,0.00169502206444054,0.0013,0.00039502206444054
RESOLV,1775109600000,1775196000000,corto,3,0.0040618410563027065,0.0029,0.0011618410563027067
STABLE,1775120400000,1775206800000,corto,1,0.001093339555543161,0.0013,-0.00020666044445683896
KAITO,1775127600000,1775214000000,largo,2,0.00959306330588521,0.0019,0.00769306330588521
REZ,1775131200000,1775217600000,corto,2,-0.0065185416002419535,0.0019,-0.008418541600241953
ATOM,1775138400000,1775224800000,corto,2,0.0006475730953643292,0.0019,-0.0012524269046356707
GOAT,1775138400000,1775224800000,corto,3,-0.0032392030442786645,0.0029,-0.006139203044278664
CHILLGUY,1775138400000,1775224800000,corto,4,-0.03104292187038429,0.0049,-0.03594292187038429
APEX,1775138400000,1775224800000,corto,3,0.005396505376520494,0.0029,0.002496505376520494
HEMI,1775142000000,1775228400000,largo,1,0.016513767229442623,0.0013,0.015213767229442624
PROMPT,1775156400000,1775242800000,corto,3,-0.006844492143892201,0.0029,-0.0097444921438922
STBL,1775156400000,1775242800000,corto,2,-0.0019875641853563286,0.0019,-0.003887564185356329
CC,1775156400000,1775242800000,corto,1,-0.0028715023320231626,0.0013,-0.004171502332023163
XPL,1775160000000,1775246400000,corto,1,-0.012248467884287764,0.0013,-0.013548467884287763
MON,1775160000000,1775246400000,corto,1,-0.0031606431368470466,0.0013,-0.004460643136847046
APE,1775185200000,1775271600000,corto,3,0.0016119750180242992,0.0029,-0.0012880249819757006
GAS,1775188800000,1775275200000,corto,4,0.00204973371295414,0.0049,-0.00285026628704586
PURR,1775192400000,1775278800000,corto,4,0.0035067087973931297,0.0049,-0.0013932912026068701
ALT,1775206800000,1775293200000,corto,4,0.011194146743152587,0.0049,0.006294146743152587
MANTA,1775214000000,1775300400000,largo,4,-0.004879978200701998,0.0049,-0.009779978200701998
ZK,1775228400000,1775314800000,largo,2,-0.0092184757644943,0.0019,-0.0111184757644943
GMX,1775235600000,1775322000000,largo,4,0.005216565249472311,0.0049,0.0003165652494723113
USTC,1775246400000,1775332800000,corto,4,-0.010678279359221754,0.0049,-0.015578279359221753
kLUNC,1775246400000,1775332800000,corto,4,-0.0012089574215994943,0.0049,-0.006108957421599494
HEMI,1775253600000,1775340000000,corto,1,-0.0289944548707687,0.0013,-0.0302944548707687
POLYX,1775260800000,1775347200000,corto,3,-0.000291553691677181,0.0029,-0.0031915536916771806
CAKE,1775289600000,1775376000000,corto,3,-0.0001430717507269635,0.0029,-0.0030430717507269633
MELANIA,1775289600000,1775376000000,largo,4,0.009621185683957778,0.0049,0.004721185683957779
RUNE,1775293200000,1775379600000,largo,4,0.004141562189261689,0.0049,-0.0007584378107383105
BERA,1775293200000,1775379600000,corto,2,-0.008574516630481767,0.0019,-0.010474516630481767
RSR,1775300400000,1775386800000,corto,4,0.008293067570760834,0.0049,0.003393067570760834
ETC,1775307600000,1775394000000,largo,2,0.0011709810964920125,0.0019,-0.0007290189035079875
ZETA,1775311200000,1775397600000,corto,3,0.0018183659924923237,0.0029,-0.001081634007507676
ENS,1775322000000,1775408400000,corto,4,-0.0018129084008091723,0.0049,-0.006712908400809172
TRUMP,1775322000000,1775408400000,corto,2,-0.004836640732592368,0.0019,-0.006736640732592368
YZY,1775329200000,1775415600000,corto,4,-0.00027361860777215253,0.0049,-0.0051736186077721525
FOGO,1775343600000,1775430000000,corto,4,0.0026260519293040303,0.0049,-0.0022739480706959695
ZORA,1775347200000,1775433600000,largo,3,-0.0008464414697370888,0.0029,-0.0037464414697370887
MNT,1775350800000,1775437200000,largo,3,-0.00938834769905216,0.0029,-0.01228834769905216
ORDI,1775354400000,1775440800000,largo,4,0.01030849855178437,0.0049,0.005408498551784369
AERO,1775358000000,1775444400000,corto,4,0.003524676357980296,0.0049,-0.0013753236420197038
BCH,1775361600000,1775448000000,largo,2,0.0036447560532690392,0.0019,0.0017447560532690392
GOAT,1775361600000,1775448000000,largo,4,0.0006003482199884596,0.0049,-0.00429965178001154
DYDX,1775365200000,1775451600000,largo,3,0.0008725581047087521,0.0029,-0.002027441895291248
XRP,1775365200000,1775451600000,largo,1,0.00014933174073900437,0.0013,-0.0011506682592609956
BANANA,1775365200000,1775451600000,largo,4,0.0,0.0049,-0.0049
ACE,1775368800000,1775455200000,largo,2,0.0008722198546859192,0.0019,-0.001027780145314081
IO,1775372400000,1775458800000,corto,3,-0.0006176016665688189,0.0029,-0.0035176016665688188
CELO,1775376000000,1775462400000,corto,3,0.0012315701750699785,0.0029,-0.0016684298249300213
TST,1775376000000,1775462400000,corto,3,-0.008202369978672675,0.0029,-0.011102369978672675
MAVIA,1775379600000,1775466000000,corto,4,-0.007416597655049619,0.0049,-0.012316597655049619
REZ,1775379600000,1775466000000,corto,2,0.002574740372469001,0.0019,0.0006747403724690008
ME,1775379600000,1775466000000,corto,4,-0.0073137309605435935,0.0049,-0.012213730960543593
BNB,1775390400000,1775476800000,largo,1,-0.0017034511400161585,0.0013,-0.0030034511400161583
TON,1775390400000,1775476800000,largo,3,-0.0007978299449852034,0.0029,-0.003697829944985203
GAS,1775390400000,1775476800000,largo,2,-0.008415848156893689,0.0019,-0.01031584815689369
CAKE,1775390400000,1775476800000,largo,2,-0.003548446930858199,0.0019,-0.005448446930858199
PAXG,1775390400000,1775476800000,largo,2,-0.0009221630737454954,0.0019,-0.0028221630737454953
BIGTIME,1775394000000,1775480400000,corto,3,-0.0022197567383130316,0.0029,-0.005119756738313032
USUAL,1775394000000,1775480400000,largo,4,-0.004033890100936193,0.0049,-0.008933890100936193
MET,1775394000000,1775480400000,corto,3,-0.01685704342872304,0.0029,-0.019757043428723038
USTC,1775397600000,1775484000000,corto,4,0.006249346919783036,0.0049,0.0013493469197830357
kLUNC,1775397600000,1775484000000,corto,4,0.00040641045305166135,0.0049,-0.004493589546948338
XAI,1775397600000,1775484000000,corto,4,-0.0021691982475453135,0.0049,-0.007069198247545313
AVNT,1775397600000,1775484000000,corto,3,0.016117775885455533,0.0029,0.013217775885455533
MON,1775397600000,1775484000000,corto,1,0.0068633497605218715,0.0013,0.005563349760521872
BTC,1775401200000,1775487600000,corto,1,-0.004371294053858544,0.0013,-0.005671294053858544
SAGA,1775401200000,1775487600000,largo,2,-0.007445042849110442,0.0019,-0.009345042849110443
S,1775404800000,1775491200000,largo,4,-0.0035615248006539706,0.0049,-0.00846152480065397
SCR,1775408400000,1775494800000,corto,4,-0.004118056608917548,0.0049,-0.009018056608917548
JTO,1775412000000,1775498400000,corto,2,0.013104140663274729,0.0019,0.011204140663274728
AVAX,1775426400000,1775512800000,corto,1,0.017245931203905596,0.0013,0.015945931203905597
OP,1775426400000,1775512800000,corto,2,0.013203302674515246,0.0019,0.011303302674515245
ARB,1775426400000,1775512800000,corto,2,0.012600092581816883,0.0019,0.010700092581816882
DOGE,1775426400000,1775512800000,corto,1,0.011124858211421016,0.0013,0.009824858211421015
INJ,1775426400000,1775512800000,corto,3,0.008067235425594043,0.0029,0.005167235425594044
SUI,1775426400000,1775512800000,corto,1,0.017427784699015535,0.0013,0.016127784699015536
kPEPE,1775426400000,1775512800000,corto,1,0.02963179760637123,0.0013,0.02833179760637123
APT,1775426400000,1775512800000,corto,1,0.015404973442695178,0.0013,0.014104973442695179
kSHIB,1775426400000,1775512800000,corto,2,0.015512115356302168,0.0019,0.013612115356302168
UNI,1775426400000,1775512800000,corto,1,0.011597219463317057,0.0013,0.010297219463317058
FIL,1775426400000,1775512800000,corto,2,0.019818463824647758,0.0019,0.01791846382464776
kBONK,1775426400000,1775512800000,corto,2,0.018480302781883215,0.0019,0.016580302781883216
WIF,1775426400000,1775512800000,corto,2,0.02241852131429629,0.0019,0.020518521314296292
ONDO,1775426400000,1775512800000,corto,2,0.014928536515272078,0.0019,0.013028536515272077
TAO,1775426400000,1775512800000,corto,1,0.010517159196656002,0.0013,0.009217159196656003
kFLOKI,1775426400000,1775512800000,corto,4,0.01571988090531899,0.0049,0.010819880905318989
POPCAT,1775426400000,1775512800000,corto,2,0.01501523431708716,0.0019,0.013115234317087159
TURBO,1775426400000,1775512800000,corto,4,0.01440354119152447,0.0049,0.00950354119152447
MEW,1775426400000,1775512800000,corto,4,0.014084739881738972,0.0049,0.009184739881738973
MOODENG,1775426400000,1775512800000,corto,4,0.023814554112291508,0.0049,0.01891455411229151
GRASS,1775426400000,1775512800000,corto,3,0.01793060563245218,0.0029,0.01503060563245218
PNUT,1775426400000,1775512800000,corto,4,0.01626446825318612,0.0049,0.011364468253186119
XLM,1775426400000,1775512800000,corto,2,0.004990094162669743,0.0019,0.003090094162669743
VIRTUAL,1775426400000,1775512800000,corto,1,0.01635154414392972,0.0013,0.015051544143929722
PENGU,1775426400000,1775512800000,corto,2,0.0180950574878931,0.0019,0.0161950574878931
TRUMP,1775426400000,1775512800000,corto,1,0.010748086033420286,0.0013,0.009448086033420285
ICP,1775426400000,1775512800000,corto,3,0.011113868206439602,0.0029,0.008213868206439602
APE,1775430000000,1775516400000,corto,3,0.00252510204512054,0.0029,-0.0003748979548794597
CFX,1775430000000,1775516400000,corto,4,0.0036202978249130235,0.0049,-0.0012797021750869764
ADA,1775430000000,1775516400000,corto,1,0.005758796027142268,0.0013,0.004458796027142268
AZTEC,1775430000000,1775516400000,corto,4,0.007146149745972084,0.0049,0.002246149745972084
FET,1775433600000,1775520000000,corto,1,0.0042940370104051825,0.0013,0.0029940370104051825
kNEIRO,1775433600000,1775520000000,corto,4,-0.00018173557523894692,0.0049,-0.005081735575238947
SPX,1775433600000,1775520000000,corto,2,-0.00939519017500178,0.0019,-0.01129519017500178
SOPH,1775433600000,1775520000000,corto,4,0.004095897787382323,0.0049,-0.000804102212617677
SKY,1775433600000,1775520000000,corto,3,0.012955932051583702,0.0029,0.010055932051583703
ALT,1775437200000,1775523600000,corto,4,0.00959278960066664,0.0049,0.004692789600666641
STX,1775466000000,1775552400000,corto,3,-0.003780199965319281,0.0029,-0.006680199965319281
SUPER,1775473200000,1775559600000,corto,4,0.01805226134666194,0.0049,0.013152261346661939
CC,1775476800000,1775563200000,corto,3,0.012815906892053721,0.0029,0.009915906892053721
TON,1775480400000,1775566800000,largo,2,-0.004659726395826734,0.0019,-0.0065597263958267335
GMX,1775491200000,1775577600000,largo,3,-0.001464733032324481,0.0029,-0.004364733032324481
AAVE,1775491200000,1775577600000,largo,1,0.00892450203381636,0.0013,0.00762450203381636
MORPHO,1775494800000,1775581200000,corto,2,-0.01418118163131858,0.0019,-0.01608118163131858
NIL,1775494800000,1775581200000,corto,4,-0.009936082212350069,0.0049,-0.014836082212350069
MAV,1775498400000,1775584800000,corto,4,0.0014757971981966338,0.0049,-0.003424202801803366
REZ,1775498400000,1775584800000,corto,2,0.005504866863859511,0.0019,0.003604866863859511
MELANIA,1775512800000,1775599200000,largo,4,0.017353417155425432,0.0049,0.012453417155425433
VVV,1775512800000,1775599200000,largo,1,0.013442481552966278,0.0013,0.012142481552966277
HYPER,1775516400000,1775602800000,corto,3,-0.01396130733466387,0.0029,-0.016861307334663872
BIGTIME,1775520000000,1775606400000,corto,4,0.013939666592204185,0.0049,0.009039666592204185
CELO,1775520000000,1775606400000,largo,4,-0.013678601769538827,0.0049,-0.01857860176953883
GRIFFAIN,1775523600000,1775610000000,corto,2,0.024078369502792015,0.0019,0.022178369502792016
ANIME,1775523600000,1775610000000,largo,2,-0.0006443991201400891,0.0019,-0.002544399120140089
ETC,1775534400000,1775620800000,largo,2,0.0041242382963434495,0.0019,0.0022242382963434497
TURBO,1775534400000,1775620800000,corto,4,-0.0,0.0049,-0.0049
LAYER,1775545200000,1775631600000,corto,4,0.0034347638710980127,0.0049,-0.0014652361289019871
ALT,1775552400000,1775638800000,corto,4,-0.0055385217546425934,0.0049,-0.010438521754642594
BNB,1775556000000,1775642400000,largo,1,-0.00014715620657859314,0.0013,-0.001447156206578593
BSV,1775559600000,1775646000000,corto,4,0.007853366216992713,0.0049,0.0029533662169927127
2Z,1775563200000,1775649600000,largo,3,-0.003587151474158799,0.0029,-0.006487151474158799
ATOM,1775574000000,1775660400000,corto,2,-0.023615378722297777,0.0019,-0.025515378722297775
ZEREBRO,1775574000000,1775660400000,corto,4,-0.003908471217723022,0.0049,-0.008808471217723022
WLD,1775581200000,1775667600000,corto,1,0.0022932771944532996,0.0013,0.0009932771944532997
ZRO,1775581200000,1775667600000,corto,1,0.0075416253934569785,0.0013,0.006241625393456979
IMX,1775581200000,1775667600000,corto,4,0.004259931718797042,0.0049,-0.0006400682812029582
ACE,1775581200000,1775667600000,corto,4,0.021225286615281592,0.0049,0.01632528661528159
PEOPLE,1775581200000,1775667600000,corto,3,-0.0,0.0029,-0.0029
MANTA,1775581200000,1775667600000,corto,4,0.008741716583571799,0.0049,0.0038417165835717988
CHILLGUY,1775581200000,1775667600000,corto,4,0.023757357665250656,0.0049,0.01885735766525066
SEI,1775588400000,1775674800000,corto,2,0.0006827778542135772,0.0019,-0.0012172221457864229
BANANA,1775588400000,1775674800000,corto,4,-0.00046741258775103773,0.0049,-0.005367412587751037
PENGU,1775588400000,1775674800000,corto,2,-0.005037794029957081,0.0019,-0.006937794029957081
OP,1775595600000,1775682000000,corto,2,-0.010607662744474411,0.0019,-0.012507662744474412
DOT,1775595600000,1775682000000,corto,1,-0.0054602319747029384,0.0013,-0.006760231974702938
TIA,1775595600000,1775682000000,corto,2,-0.006222507086571572,0.0019,-0.008122507086571572
ADA,1775595600000,1775682000000,corto,1,-0.00596356499732454,0.0013,-0.00726356499732454
MINA,1775595600000,1775682000000,corto,4,-0.0018175770050512005,0.0049,-0.0067175770050512005
NEAR,1775595600000,1775682000000,corto,1,-0.0035634781583886556,0.0013,-0.0048634781583886556
ZEN,1775595600000,1775682000000,corto,3,-0.019847525812659323,0.0029,-0.022747525812659323
kBONK,1775595600000,1775682000000,corto,2,-0.001704158558304265,0.0019,-0.003604158558304265
STRK,1775595600000,1775682000000,corto,2,-0.003893969275595438,0.0019,-0.005793969275595438
HBAR,1775595600000,1775682000000,corto,2,-0.004276988833719022,0.0019,-0.006176988833719021
EIGEN,1775595600000,1775682000000,corto,2,-0.0036540844556427372,0.0019,-0.005554084455642737
ZK,1775595600000,1775682000000,corto,2,-0.009101764456075724,0.0019,-0.011001764456075725
PNUT,1775595600000,1775682000000,corto,3,-0.004021294596958451,0.0029,-0.006921294596958451
SAND,1775595600000,1775682000000,corto,3,-0.006783039313087033,0.0029,-0.009683039313087033
IOTA,1775595600000,1775682000000,corto,3,-0.00603667917686144,0.0029,-0.00893667917686144
S,1775595600000,1775682000000,corto,3,-0.0024661509736501885,0.0029,-0.005366150973650188
TRUMP,1775595600000,1775682000000,corto,1,0.0018224162176573952,0.0013,0.0005224162176573953
WLFI,1775595600000,1775682000000,corto,2,0.005464523463275484,0.0019,0.003564523463275484
ZEC,1775595600000,1775682000000,corto,1,-0.02040824053481596,0.0013,-0.02170824053481596
MON,1775595600000,1775682000000,corto,1,-0.025024154097968584,0.0013,-0.026324154097968584
ICP,1775595600000,1775682000000,corto,2,-0.007819028228938674,0.0019,-0.009719028228938675
AXS,1775595600000,1775682000000,corto,3,-0.0017047242924320208,0.0029,-0.004604724292432021
DASH,1775595600000,1775682000000,corto,3,-0.010460605413196225,0.0029,-0.013360605413196225
BTC,1775599200000,1775685600000,corto,1,0.006847035392985344,0.0013,0.005547035392985344
ETH,1775599200000,1775685600000,corto,1,0.011266189213321648,0.0013,0.009966189213321649
APE,1775599200000,1775685600000,corto,3,0.003827109578924541,0.0029,0.0009271095789245413
DOGE,1775599200000,1775685600000,corto,1,0.008620234048818546,0.0013,0.007320234048818546
SUI,1775599200000,1775685600000,corto,1,0.012060545709586434,0.0013,0.010760545709586435
LINK,1775599200000,1775685600000,corto,1,0.00866762450025845,0.0013,0.00736762450025845
STX,1775599200000,1775685600000,corto,3,0.0063500855142793935,0.0029,0.0034500855142793937
XRP,1775599200000,1775685600000,corto,1,0.006527728839272661,0.0013,0.005227728839272661
COMP,1775599200000,1775685600000,corto,3,0.002860445319102612,0.0029,-0.000039554680897387756
UNI,1775599200000,1775685600000,corto,1,0.00875676279731426,0.0013,0.007456762797314259
PENDLE,1775599200000,1775685600000,corto,2,0.011575441733343841,0.0019,0.00967544173334384
MEME,1775599200000,1775685600000,corto,3,0.007812539736793625,0.0029,0.004912539736793625
ORDI,1775599200000,1775685600000,corto,4,0.009347979205020887,0.0049,0.004447979205020887
NEO,1775599200000,1775685600000,corto,3,0.00481178909990058,0.0029,0.0019117890999005805
SUSHI,1775599200000,1775685600000,corto,4,0.003861204817508786,0.0049,-0.0010387951824912139
GALA,1775599200000,1775685600000,corto,3,0.014244332783385522,0.0029,0.011344332783385522
JTO,1775599200000,1775685600000,corto,2,0.008964149667332793,0.0019,0.007064149667332793
WIF,1775599200000,1775685600000,corto,2,-0.008465982837283417,0.0019,-0.010365982837283417
CAKE,1775599200000,1775685600000,corto,3,0.005852100244924468,0.0029,0.002952100244924468
ENS,1775599200000,1775685600000,corto,3,0.004066953830267849,0.0029,0.0011669538302678494
XLM,1775599200000,1775685600000,corto,1,0.004738596767608175,0.0013,0.0034385967676081753
MORPHO,1775599200000,1775685600000,corto,1,0.014496396013077858,0.0013,0.013196396013077857
PAXG,1775599200000,1775685600000,corto,1,0.0012746432725097648,0.0013,-0.000025356727490235187
AERO,1775599200000,1775685600000,corto,3,0.009703901121121678,0.0029,0.006803901121121678
SAGA,1775602800000,1775689200000,corto,3,0.01618277316305586,0.0029,0.013282773163055862
APEX,1775602800000,1775689200000,corto,4,0.007260187465162451,0.0049,0.002360187465162451
KAITO,1775649600000,1775736000000,largo,2,0.00430789242164753,0.0019,0.0024078924216475303
SOPH,1775656800000,1775743200000,largo,3,0.008247708948020653,0.0029,0.005347708948020653
XMR,1775656800000,1775743200000,largo,1,0.008201957749082,0.0013,0.006901957749082001
MNT,1775671200000,1775757600000,largo,2,-0.0023151638471760752,0.0019,-0.004215163847176075
PURR,1775671200000,1775757600000,largo,2,0.0006048920830161923,0.0019,-0.0012951079169838077
BLUR,1775682000000,1775768400000,corto,2,-0.005878859727750637,0.0019,-0.007778859727750637
FARTCOIN,1775685600000,1775772000000,corto,1,0.023562809195662122,0.0013,0.022262809195662123
CC,1775692800000,1775779200000,corto,3,-0.005310269141041696,0.0029,-0.008210269141041695
SUPER,1775700000000,1775786400000,corto,2,-0.0010957981456432401,0.0019,-0.00299579814564324
DYM,1775714400000,1775800800000,corto,3,0.026215093448854015,0.0029,0.023315093448854015
GOAT,1775721600000,1775808000000,corto,3,0.005076297796578437,0.0029,0.0021762977965784375
TON,1775743200000,1775829600000,corto,2,0.008115534202299362,0.0019,0.006215534202299362
SOL,1775746800000,1775833200000,corto,1,0.009953036134471151,0.0013,0.008653036134471152
DOGE,1775746800000,1775833200000,corto,1,0.007989361588529871,0.0013,0.006689361588529871
XRP,1775746800000,1775833200000,corto,1,0.00783969698273854,0.0013,0.00653969698273854
APT,1775746800000,1775833200000,corto,2,-0.003037740389497265,0.0019,-0.004937740389497265
kSHIB,1775746800000,1775833200000,corto,2,0.009891940832840163,0.0019,0.007991940832840163
DOT,1775746800000,1775833200000,corto,2,0.007853942541258695,0.0019,0.005953942541258695
ADA,1775746800000,1775833200000,corto,1,0.005739460680357082,0.0013,0.004439460680357082
kBONK,1775746800000,1775833200000,corto,1,0.0068936800957586355,0.0013,0.005593680095758636
HBAR,1775746800000,1775833200000,corto,2,0.005807386524511767,0.0019,0.003907386524511767
XLM,1775746800000,1775833200000,corto,2,0.016155440222285256,0.0019,0.014255440222285256
PENGU,1775746800000,1775833200000,corto,2,0.009043127374552403,0.0019,0.007143127374552403
IP,1775746800000,1775833200000,corto,3,0.00987483939475112,0.0029,0.006974839394751121
ZORA,1775746800000,1775833200000,corto,2,0.016320231672486762,0.0019,0.014420231672486761
LIT,1775746800000,1775833200000,corto,1,0.015983291774811278,0.0013,0.014683291774811279
PEOPLE,1775754000000,1775840400000,corto,3,0.0015959379520879306,0.0029,-0.0013040620479120692
TURBO,1775754000000,1775840400000,corto,4,-0.004759647252987913,0.0049,-0.009659647252987912
ZEN,1775757600000,1775844000000,corto,2,0.010741036114011898,0.0019,0.008841036114011897
MERL,1775757600000,1775844000000,corto,3,0.013596640885903559,0.0029,0.01069664088590356
ZEC,1775757600000,1775844000000,corto,1,-0.0,0.0013,-0.0013
DASH,1775757600000,1775844000000,corto,1,0.024272869757192842,0.0013,0.022972869757192843
DYDX,1775775600000,1775862000000,largo,2,0.003397336875504416,0.0019,0.0014973368755044159
PYTH,1775775600000,1775862000000,largo,2,-0.003526674100467924,0.0019,-0.005426674100467924
TAO,1775775600000,1775862000000,largo,1,0.0034186739329116955,0.0013,0.0021186739329116955
MINA,1775779200000,1775865600000,corto,3,0.0023788711585734394,0.0029,-0.0005211288414265604
BERA,1775779200000,1775865600000,largo,2,-0.008187615519582152,0.0019,-0.010087615519582153
NEO,1775790000000,1775876400000,corto,4,0.005171970364271296,0.0049,0.00027197036427129614
CFX,1775797200000,1775883600000,corto,3,-0.003128050096905538,0.0029,-0.0060280500969055375
AZTEC,1775797200000,1775883600000,corto,4,0.0027966830943963166,0.0049,-0.0021033169056036832
ETHFI,1775800800000,1775887200000,largo,2,0.000748902212491956,0.0019,-0.001151097787508044
PUMP,1775811600000,1775898000000,corto,1,-0.007109682668767097,0.0013,-0.008409682668767097
COMP,1775815200000,1775901600000,corto,2,-0.018779894651596275,0.0019,-0.020679894651596274
TRX,1775822400000,1775908800000,largo,2,0.0006921504130343194,0.0019,-0.0012078495869656805
BANANA,1775822400000,1775908800000,corto,4,0.0002886086198566433,0.0049,-0.004611391380143356
USTC,1775822400000,1775908800000,corto,4,0.009781493299322597,0.0049,0.004881493299322597
STBL,1775822400000,1775908800000,corto,3,-0.02453568402325085,0.0029,-0.02743568402325085
HEMI,1775822400000,1775908800000,corto,3,0.014245255136048804,0.0029,0.011345255136048804
APEX,1775826000000,1775912400000,largo,3,0.00014764506154105482,0.0029,-0.002752354938458945
WLD,1775833200000,1775919600000,corto,1,-0.030485207638602994,0.0013,-0.03178520763860299
ETC,1775833200000,1775919600000,largo,2,0.0017773725991864747,0.0019,-0.00012262740081352532
TRB,1775840400000,1775926800000,corto,4,-0.0029860053290766265,0.0049,-0.007886005329076627
WCT,1775844000000,1775930400000,corto,4,-0.002850153847879538,0.0049,-0.007750153847879538
SKR,1775844000000,1775930400000,corto,4,-0.005754031699286731,0.0049,-0.01065403169928673
AVNT,1775847600000,1775934000000,corto,2,-0.005345407464836156,0.0019,-0.007245407464836155
OP,1775865600000,1775952000000,largo,2,-0.0018376727989343024,0.0019,-0.0037376727989343024
ANIME,1775865600000,1775952000000,largo,3,-0.0010837759812300945,0.0029,-0.003983775981230094
VVV,1775872800000,1775959200000,corto,1,-0.006483146055095125,0.0013,-0.007783146055095125
MET,1775905200000,1775991600000,corto,2,-0.0014750352995217908,0.0019,-0.003375035299521791
MELANIA,1775908800000,1775995200000,largo,3,-0.0032821154332656325,0.0029,-0.006182115433265632
AERO,1775912400000,1775998800000,largo,1,-0.008084118399959024,0.0013,-0.009384118399959025
SEI,1775923200000,1776009600000,corto,2,-0.0027079789825267403,0.0019,-0.00460797898252674
DOT,1775923200000,1776009600000,corto,2,-0.004397043156332372,0.0019,-0.006297043156332372
VIRTUAL,1775923200000,1776009600000,corto,2,-0.0030707696395541246,0.0019,-0.004970769639554125
PUMP,1775923200000,1776009600000,corto,1,-0.002812941376614436,0.0013,-0.004112941376614436
ETH,1775930400000,1776016800000,corto,1,0.0008634598005169633,0.0013,-0.00043654019948303666
LINK,1775930400000,1776016800000,corto,1,0.0012545049772630125,0.0013,-0.00004549502273698742
SNX,1775930400000,1776016800000,corto,3,0.008087245202756336,0.0029,0.005187245202756336
YGG,1775930400000,1776016800000,corto,4,-0.007760086614431961,0.0049,-0.012660086614431961
RUNE,1775930400000,1776016800000,corto,4,0.003407334220680672,0.0049,-0.001492665779319328
ETC,1775930400000,1776016800000,corto,3,0.0034115745269715945,0.0029,0.0005115745269715947
ALT,1775930400000,1776016800000,corto,4,0.007826650428111911,0.0049,0.0029266504281119116
ASTER,1775930400000,1776016800000,corto,1,0.0006651951988396392,0.0013,-0.0006348048011603607
DYDX,1775934000000,1776020400000,corto,2,-0.002265250955167671,0.0019,-0.004165250955167671
kPEPE,1775934000000,1776020400000,corto,1,0.0034512545042148426,0.0013,0.0021512545042148426
IO,1775934000000,1776020400000,corto,3,0.009095969555582362,0.0029,0.006195969555582362
SCR,1775934000000,1776020400000,corto,4,0.0035083651937269844,0.0049,-0.0013916348062730155
GOAT,1775934000000,1776020400000,corto,4,-0.0016078724884037783,0.0049,-0.006507872488403778
PENGU,1775934000000,1776020400000,corto,1,0.0016856949819585776,0.0013,0.0003856949819585776
FARTCOIN,1775934000000,1776020400000,corto,1,0.006446268943387314,0.0013,0.005146268943387314
APEX,1775934000000,1776020400000,corto,4,0.004154188647906741,0.0049,-0.0007458113520932589
POLYX,1775952000000,1776038400000,corto,4,-0.0016279170435727463,0.0049,-0.006527917043572746
BLAST,1775952000000,1776038400000,corto,2,0.030335996609139264,0.0019,0.028435996609139265
BTC,1775955600000,1776042000000,largo,1,0.0005059519734650592,0.0013,-0.0007940480265349407
SOL,1775955600000,1776042000000,largo,1,0.0020074586848228644,0.0013,0.0007074586848228644
AVAX,1775955600000,1776042000000,largo,1,0.003915960052964053,0.0013,0.002615960052964053
BNB,1775955600000,1776042000000,largo,1,0.0004363294692303159,0.0013,-0.000863670530769684
APE,1775955600000,1776042000000,largo,4,0.003992958916484337,0.0049,-0.0009070410835156631
OP,1775955600000,1776042000000,largo,2,-0.0015814692351407934,0.0019,-0.003481469235140793
LTC,1775955600000,1776042000000,largo,1,0.0014322785904760209,0.0013,0.00013227859047602094
DOGE,1775955600000,1776042000000,largo,1,0.0005145638090536016,0.0013,-0.0007854361909463984
INJ,1775955600000,1776042000000,largo,2,0.004334521217610315,0.0019,0.0024345212176103154
SUI,1775955600000,1776042000000,largo,1,0.004547138903458934,0.0013,0.0032471389034589336
CRV,1775955600000,1776042000000,largo,1,0.005594287571439179,0.0013,0.004294287571439179
LDO,1775955600000,1776042000000,largo,2,-0.0021211601513685388,0.0019,-0.0040211601513685385
STX,1775955600000,1776042000000,largo,3,0.0037123230528959576,0.0029,0.0008123230528959578
CFX,1775955600000,1776042000000,largo,2,0.005868279161235338,0.0019,0.003968279161235338
XRP,1775955600000,1776042000000,largo,1,0.0003755868588752576,0.0013,-0.0009244131411247423
BCH,1775955600000,1776042000000,largo,2,0.0013674732172925213,0.0019,-0.0005325267827074787
APT,1775955600000,1776042000000,largo,2,0.0039129421410654605,0.0019,0.0020129421410654607
AAVE,1775955600000,1776042000000,largo,1,0.014166844528804309,0.0013,0.012866844528804308
WLD,1775955600000,1776042000000,largo,1,0.02566888197459769,0.0013,0.02436888197459769
kSHIB,1775955600000,1776042000000,largo,3,0.0015526614005119835,0.0029,-0.0013473385994880163
UNI,1775955600000,1776042000000,largo,2,0.0028570040614721765,0.0019,0.0009570040614721765
ZRO,1775955600000,1776042000000,largo,1,0.011100039109090193,0.0013,0.009800039109090192
BANANA,1775955600000,1776042000000,largo,4,-0.0017418264054015725,0.0049,-0.0066418264054015725
ARK,1775955600000,1776042000000,largo,4,0.0037784187800372847,0.0049,-0.0011215812199627151
BIGTIME,1775955600000,1776042000000,largo,4,0.0009009378552805971,0.0049,-0.0039990621447194025
TIA,1775955600000,1776042000000,largo,2,0.004210246610431814,0.0019,0.0023102466104318146
BSV,1775955600000,1776042000000,largo,3,-0.0007852889612380529,0.0029,-0.003685288961238053
ADA,1775955600000,1776042000000,largo,1,0.0011334300061077122,0.0013,-0.0001665699938922878
MINA,1775955600000,1776042000000,largo,3,-0.00042587926966567623,0.0029,-0.003325879269665676
PENDLE,1775955600000,1776042000000,largo,2,0.008631782311193966,0.0019,0.006731782311193966
FET,1775955600000,1776042000000,largo,2,0.0073638986600391,0.0019,0.005463898660039101
NEAR,1775955600000,1776042000000,largo,1,0.015060854362924949,0.0013,0.01376085436292495
ORDI,1775955600000,1776042000000,largo,4,0.001158335690417271,0.0049,-0.003741664309582729
NEO,1775955600000,1776042000000,largo,3,-0.0018384385808262905,0.0029,-0.00473843858082629
FIL,1775955600000,1776042000000,largo,2,0.003878419458367689,0.0019,0.0019784194583676888
PYTH,1775955600000,1776042000000,largo,2,0.0033415943982376788,0.0019,0.0014415943982376788
SUSHI,1775955600000,1776042000000,largo,4,0.005193726755081209,0.0049,0.0002937267550812087
IMX,1775955600000,1776042000000,largo,4,0.002642386825814897,0.0049,-0.002257613174185103
kBONK,1775955600000,1776042000000,largo,2,0.00631691870684443,0.0019,0.00441691870684443
GMT,1775955600000,1776042000000,largo,3,-0.00019029495775794398,0.0029,-0.0030902949577579436
JUP,1775955600000,1776042000000,largo,2,0.008169373321230706,0.0019,0.006269373321230706
GALA,1775955600000,1776042000000,largo,3,0.0013731550389696069,0.0029,-0.001526844961030393
JTO,1775955600000,1776042000000,largo,2,0.010667724764013883,0.0019,0.008767724764013883
ACE,1775955600000,1776042000000,largo,4,0.0,0.0049,-0.0049
WIF,1775955600000,1776042000000,largo,2,0.002320798552088909,0.0019,0.0004207985520889091
CAKE,1775955600000,1776042000000,largo,3,0.005896123617690888,0.0029,0.002996123617690888
PEOPLE,1775955600000,1776042000000,largo,4,0.006377185292989207,0.0049,0.0014771852929892073
ENS,1775955600000,1776042000000,largo,4,0.0011602689555268316,0.0049,-0.0037397310444731682
UMA,1775955600000,1776042000000,largo,4,-0.0018119319401858165,0.0049,-0.006711931940185816
ONDO,1775955600000,1776042000000,largo,2,0.004285808311242668,0.0019,0.0023858083112426685
ZETA,1775955600000,1776042000000,largo,4,-0.001202887073670672,0.0049,-0.0061028870736706715
DYM,1775955600000,1776042000000,largo,4,0.004087596932316763,0.0049,-0.0008124030676832372
W,1775955600000,1776042000000,largo,2,0.0024519832472868455,0.0019,0.0005519832472868455
STRK,1775955600000,1776042000000,largo,2,0.002110023390238378,0.0019,0.000210023390238378
AR,1775955600000,1776042000000,largo,2,0.004790715192903126,0.0019,0.002890715192903126
kFLOKI,1775955600000,1776042000000,largo,3,-0.00036037335068734064,0.0029,-0.0032603733506873403
ENA,1775955600000,1776042000000,largo,1,0.017945583033014283,0.0013,0.016645583033014284
MNT,1775955600000,1776042000000,largo,3,0.0011082324827965848,0.0029,-0.001791767517203415
MERL,1775955600000,1776042000000,largo,3,0.004689040519559776,0.0029,0.0017890405195597758
HBAR,1775955600000,1776042000000,largo,2,0.0008529781722440246,0.0019,-0.0010470218277559753
POPCAT,1775955600000,1776042000000,largo,2,0.005691897469394873,0.0019,0.0037918974693948735
EIGEN,1775955600000,1776042000000,largo,3,0.006489315439749868,0.0029,0.0035893154397498685
TURBO,1775955600000,1776042000000,largo,4,0.00298062813813772,0.0049,-0.00191937186186228
BRETT,1775955600000,1776042000000,largo,3,0.013704836167358772,0.0029,0.010804836167358773
RENDER,1775955600000,1776042000000,largo,1,0.011160947653315254,0.0013,0.009860947653315254
CELO,1775955600000,1776042000000,largo,4,0.0007456509309090041,0.0049,-0.004154349069090996
kNEIRO,1775955600000,1776042000000,largo,4,0.0039229722208386246,0.0049,-0.0009770277791613753
MOODENG,1775955600000,1776042000000,largo,3,0.0028842428862114653,0.0029,-0.000015757113788534508
PNUT,1775955600000,1776042000000,largo,4,0.0032158345586615865,0.0049,-0.0016841654413384134
XLM,1775955600000,1776042000000,largo,2,0.0018513626023272606,0.0019,-0.000048637397672739386
SAND,1775955600000,1776042000000,largo,3,0.0018754120428917968,0.0029,-0.001024587957108203
IOTA,1775955600000,1776042000000,largo,3,-0.0007500709260126451,0.0029,-0.003650070926012645
HYPE,1775955600000,1776042000000,largo,1,0.019395160631000486,0.0013,0.018095160631000487
ME,1775955600000,1776042000000,largo,4,0.0011882365988617487,0.0049,-0.003711763401138251
MOVE,1775955600000,1776042000000,largo,3,-0.006834410624027164,0.0029,-0.009734410624027164
BIO,1775955600000,1776042000000,largo,4,0.004130103960679207,0.0049,-0.0007698960393207931
SPX,1775955600000,1776042000000,largo,1,0.0076563259078553615,0.0013,0.0063563259078553615
S,1775955600000,1776042000000,largo,4,0.0034540644229213574,0.0049,-0.0014459355770786424
MORPHO,1775955600000,1776042000000,largo,2,0.014275926981147885,0.0019,0.012375926981147884
ANIME,1775955600000,1776042000000,largo,4,-0.0015560745609568875,0.0049,-0.006456074560956888
VINE,1775955600000,1776042000000,largo,3,0.00018405472612471202,0.0029,-0.002715945273875288
BERA,1775955600000,1776042000000,largo,2,0.003699891237578179,0.0019,0.0017998912375781792
LAYER,1775955600000,1776042000000,largo,3,0.001818490151416902,0.0029,-0.0010815098485830977
IP,1775955600000,1776042000000,largo,3,0.008227113454901557,0.0029,0.005327113454901557
NIL,1775955600000,1776042000000,largo,4,-0.0020880680681331413,0.0049,-0.0069880680681331415
PAXG,1775955600000,1776042000000,largo,2,0.005033281398941847,0.0019,0.0031332813989418474
PROMPT,1775955600000,1776042000000,largo,4,-0.002017763613983155,0.0049,-0.006917763613983155
WCT,1775955600000,1776042000000,largo,4,0.006873138839627602,0.0049,0.001973138839627602
HYPER,1775955600000,1776042000000,largo,4,-0.0017164882405520676,0.0049,-0.006616488240552067
ZORA,1775955600000,1776042000000,largo,4,0.003424037148516397,0.0049,-0.0014759628514836027
DOOD,1775955600000,1776042000000,largo,4,0.002057613894680384,0.0049,-0.002842386105319616
SOPH,1775955600000,1776042000000,largo,3,-0.002424831450009428,0.0029,-0.005324831450009428
PROVE,1775955600000,1776042000000,largo,4,-0.0013643187345225467,0.0049,-0.006264318734522547
XPL,1775955600000,1776042000000,largo,1,0.0005524208008535152,0.0013,-0.0007475791991464847
LINEA,1775955600000,1776042000000,largo,3,0.000968210500034861,0.0029,-0.001931789499965139
0G,1775955600000,1776042000000,largo,4,0.0027090115625647516,0.0049,-0.0021909884374352482
2Z,1775955600000,1776042000000,largo,3,0.0047790124796699635,0.0029,0.0018790124796699637
ZEC,1775955600000,1776042000000,largo,1,-0.005380194147472542,0.0013,-0.0066801941474725415
ICP,1775955600000,1776042000000,largo,2,0.002230207838029864,0.0019,0.00033020783802986393
AXS,1775955600000,1776042000000,largo,3,0.0023144943906100134,0.0029,-0.0005855056093899864
SKR,1775955600000,1776042000000,largo,4,-0.0001844621396692021,0.0049,-0.005084462139669202
AZTEC,1775955600000,1776042000000,largo,3,-0.0013699972785700663,0.0029,-0.004269997278570066
RESOLV,1775959200000,1776045600000,corto,3,0.014396963931566508,0.0029,0.011496963931566509
BABY,1775962800000,1776049200000,largo,2,-0.004748582579023991,0.0019,-0.006648582579023991
CHILLGUY,1775995200000,1776081600000,largo,2,0.06280672550349863,0.0019,0.06090672550349863
TNSR,1776002400000,1776088800000,corto,4,-0.004028202828604788,0.0049,-0.008928202828604789
STABLE,1776045600000,1776132000000,corto,2,0.00011129041244581471,0.0019,-0.0017887095875541853
USTC,1776049200000,1776135600000,corto,4,-0.008888947417245994,0.0049,-0.013788947417245994
DOT,1776052800000,1776139200000,largo,1,-0.008344507698269854,0.0013,-0.009644507698269855
GOAT,1776060000000,1776146400000,corto,2,-0.0019397350652407537,0.0019,-0.0038397350652407537
TST,1776063600000,1776150000000,corto,4,-0.005801321564086667,0.0049,-0.010701321564086666
ALT,1776070800000,1776157200000,corto,4,-0.006131406069986788,0.0049,-0.011031406069986788
NIL,1776070800000,1776157200000,corto,4,-0.02350701757419286,0.0049,-0.02840701757419286
LINEA,1776070800000,1776157200000,corto,3,0.0021081170282863837,0.0029,-0.0007918829717136161
ME,1776078000000,1776164400000,corto,4,-0.0017602195039662166,0.0049,-0.006660219503966216
DOOD,1776078000000,1776164400000,corto,4,-0.0009834454160929256,0.0049,-0.005883445416092925
VVV,1776085200000,1776171600000,corto,1,-0.05173198709035277,0.0013,-0.05303198709035277
WCT,1776085200000,1776171600000,corto,4,-0.005035856069873467,0.0049,-0.009935856069873468
APEX,1776085200000,1776171600000,corto,4,0.0017262338929334257,0.0049,-0.003173766107066574
CHILLGUY,1776088800000,1776175200000,largo,1,-0.02595527760967893,0.0013,-0.02725527760967893
SYRUP,1776088800000,1776175200000,corto,4,0.005974658741161534,0.0049,0.001074658741161534
FARTCOIN,1776092400000,1776178800000,largo,1,0.004903720935935857,0.0013,0.003603720935935857
ZEC,1776092400000,1776178800000,largo,1,0.004534778958779183,0.0013,0.0032347789587791834
LIT,1776092400000,1776178800000,largo,1,-0.032121907591025976,0.0013,-0.03342190759102598
STBL,1776096000000,1776182400000,corto,2,0.03449384591997107,0.0019,0.03259384591997107
CAKE,1776099600000,1776186000000,corto,2,0.002194427038166578,0.0019,0.00029442703816657807
MERL,1776099600000,1776186000000,corto,3,0.004435430516145513,0.0029,0.0015354305161455134
kPEPE,1776106800000,1776193200000,corto,1,-0.0025171318002975003,0.0013,-0.0038171318002975002
kSHIB,1776106800000,1776193200000,corto,2,-0.00411876333077287,0.0019,-0.00601876333077287
ORDI,1776106800000,1776193200000,corto,4,-0.011842788515787451,0.0049,-0.01674278851578745
FIL,1776106800000,1776193200000,corto,3,-0.006502282841246333,0.0029,-0.009402282841246333
kBONK,1776106800000,1776193200000,corto,2,-0.005169751303772478,0.0019,-0.007069751303772478
ENS,1776106800000,1776193200000,corto,4,-0.0021451189348655904,0.0049,-0.007045118934865591
ETC,1776106800000,1776193200000,corto,2,-0.0021486175037292127,0.0019,-0.004048617503729213
kNEIRO,1776106800000,1776193200000,corto,4,-0.02153003853755813,0.0049,-0.026430038537558133
MOODENG,1776106800000,1776193200000,corto,3,-0.007306242779887191,0.0029,-0.01020624277988719
PNUT,1776106800000,1776193200000,corto,3,-0.014648922975725204,0.0029,-0.017548922975725204
SAND,1776106800000,1776193200000,corto,3,-0.005553595807503534,0.0029,-0.008453595807503534
MELANIA,1776110400000,1776196800000,largo,3,-0.006680984116763489,0.0029,-0.009580984116763488
BTC,1776117600000,1776204000000,corto,1,0.003265551365643996,0.0013,0.0019655513656439963
ETH,1776117600000,1776204000000,corto,1,0.0037967083316045223,0.0013,0.0024967083316045223
SOL,1776117600000,1776204000000,corto,1,0.0034684051418569844,0.0013,0.0021684051418569845
SUI,1776117600000,1776204000000,corto,1,0.0033749682715559287,0.0013,0.0020749682715559287
LDO,1776117600000,1776204000000,corto,2,0.0074863909383926465,0.0019,0.005586390938392647
LINK,1776117600000,1776204000000,corto,1,0.0040819099648103565,0.0013,0.0027819099648103566
STX,1776117600000,1776204000000,corto,3,0.0023707497198549874,0.0029,-0.0005292502801450124
BCH,1776117600000,1776204000000,corto,1,0.0006423933962624241,0.0013,-0.0006576066037375758
UNI,1776117600000,1776204000000,corto,1,0.0006411695151207721,0.0013,-0.0006588304848792278
SEI,1776117600000,1776204000000,corto,2,0.0021880036308830203,0.0019,0.0002880036308830203
BANANA,1776117600000,1776204000000,corto,4,0.002723352264397812,0.0049,-0.002176647735602188
TIA,1776117600000,1776204000000,corto,2,0.0025910573868945432,0.0019,0.0006910573868945432
ADA,1776117600000,1776204000000,corto,1,0.0032924241540224757,0.0013,0.0019924241540224758
FET,1776117600000,1776204000000,corto,1,0.006405605804802065,0.0013,0.005105605804802065
WIF,1776117600000,1776204000000,corto,2,0.00005200884151487203,0.0019,-0.001847991158485128
STRK,1776117600000,1776204000000,corto,2,-0.0024821607531536278,0.0019,-0.0043821607531536275
BOME,1776117600000,1776204000000,corto,3,0.004889985294191792,0.0029,0.001989985294191792
IO,1776117600000,1776204000000,corto,3,0.007188961976812097,0.0029,0.004288961976812097
MOVE,1776117600000,1776204000000,corto,3,0.001714201690636402,0.0029,-0.0011857983093635977
S,1776117600000,1776204000000,corto,3,-0.0003686273587816398,0.0029,-0.0032686273587816395
ASTER,1776117600000,1776204000000,corto,2,0.0026463793148798643,0.0019,0.0007463793148798643
AERO,1776117600000,1776204000000,corto,2,0.0036863865680544228,0.0019,0.0017863865680544228
AXS,1776117600000,1776204000000,corto,2,0.003918893144846512,0.0019,0.0020188931448465123
ALGO,1776121200000,1776207600000,corto,2,-0.0028846621222374208,0.0019,-0.004784662122237421
SUPER,1776132000000,1776218400000,corto,3,0.025241981885993657,0.0029,0.022341981885993657
GRIFFAIN,1776139200000,1776225600000,largo,2,0.017468284393857218,0.0019,0.015568284393857218
COMP,1776142800000,1776229200000,largo,3,-0.0031099892776093553,0.0029,-0.006009989277609355
CC,1776142800000,1776229200000,corto,2,-0.020423662670795498,0.0019,-0.022323662670795497
BABY,1776146400000,1776232800000,corto,3,0.005068156865848297,0.0029,0.0021681568658482968
BIO,1776157200000,1776243600000,corto,3,-0.0765745502862108,0.0029,-0.0794745502862108
DOGE,1776171600000,1776258000000,corto,1,0.0012951497922291616,0.0013,-4.850207770838331e-6
AZTEC,1776171600000,1776258000000,corto,3,0.003348419418104809,0.0029,0.00044841941810480927
PROMPT,1776175200000,1776261600000,corto,4,-0.004551807337099981,0.0049,-0.009451807337099981
BLUR,1776178800000,1776265200000,corto,2,-0.012794577585457016,0.0019,-0.014694577585457017
SCR,1776178800000,1776265200000,corto,4,0.006398884258278585,0.0049,0.001498884258278585
NIL,1776182400000,1776268800000,corto,4,0.00121666563781059,0.0049,-0.00368333436218941
HEMI,1776182400000,1776268800000,corto,3,-0.006639352645203098,0.0029,-0.009539352645203097
USUAL,1776189600000,1776276000000,largo,4,0.0031250025431352807,0.0049,-0.0017749974568647192
0G,1776196800000,1776283200000,corto,3,-0.002618417689909603,0.0029,-0.005518417689909603
PURR,1776207600000,1776294000000,corto,3,0.017800589002342507,0.0029,0.014900589002342507
DOOD,1776211200000,1776297600000,corto,4,-0.014580289985967618,0.0049,-0.019480289985967618
BIGTIME,1776214800000,1776301200000,corto,4,0.002061777676651294,0.0049,-0.002838222323348706
CHILLGUY,1776236400000,1776322800000,largo,3,-0.04742958782592616,0.0029,-0.05032958782592616
USTC,1776247200000,1776333600000,corto,3,-0.005164016448478864,0.0029,-0.008064016448478864
kLUNC,1776247200000,1776333600000,corto,4,0.0024274381652966154,0.0049,-0.0024725618347033844
BIO,1776247200000,1776333600000,corto,2,0.019151293068625803,0.0019,0.017251293068625804
MAV,1776250800000,1776337200000,corto,4,-0.00043235231209908496,0.0049,-0.005332352312099085
TRX,1776254400000,1776340800000,corto,1,0.0026011000481617873,0.0013,0.0013011000481617874
WLFI,1776254400000,1776340800000,corto,1,-0.0006928635336070737,0.0013,-0.0019928635336070736
PYTH,1776261600000,1776348000000,corto,3,0.00411229097229597,0.0029,0.0012122909722959698
DYM,1776261600000,1776348000000,corto,3,0.029960918702942586,0.0029,0.027060918702942586
TNSR,1776261600000,1776348000000,corto,4,0.004281583168432316,0.0049,-0.0006184168315676837
GOAT,1776261600000,1776348000000,corto,3,0.011790851411304072,0.0029,0.008890851411304072
MORPHO,1776261600000,1776348000000,corto,1,-0.02964672442763008,0.0013,-0.03094672442763008
SKY,1776261600000,1776348000000,corto,2,-0.0023427412696886986,0.0019,-0.004242741269688699
ATOM,1776265200000,1776351600000,largo,2,-0.009458997388377598,0.0019,-0.011358997388377598
BANANA,1776268800000,1776355200000,corto,4,0.003158562322729582,0.0049,-0.001741437677270418
ORDI,1776268800000,1776355200000,corto,2,0.04356096653040828,0.0019,0.04166096653040828
STBL,1776268800000,1776355200000,corto,2,0.0202309630749973,0.0019,0.018330963074997302
BLUR,1776272400000,1776358800000,corto,3,0.017406642641907534,0.0029,0.014506642641907534
GRASS,1776272400000,1776358800000,corto,2,0.02060644665836635,0.0019,0.018706446658366353
INJ,1776290400000,1776376800000,largo,1,0.0007912899904403748,0.0013,-0.0005087100095596251
ALT,1776297600000,1776384000000,corto,3,0.026078650444494,0.0029,0.023178650444494
MOODENG,1776297600000,1776384000000,corto,4,-0.002323037826105588,0.0049,-0.007223037826105588
USUAL,1776297600000,1776384000000,corto,4,0.0034328904293209187,0.0049,-0.0014671095706790811
WCT,1776297600000,1776384000000,corto,2,0.012427816622753657,0.0019,0.010527816622753657
FOGO,1776297600000,1776384000000,corto,4,-0.014085822054937696,0.0049,-0.018985822054937696
TRB,1776304800000,1776391200000,corto,4,-0.02566098454466881,0.0049,-0.03056098454466881
kFLOKI,1776304800000,1776391200000,corto,4,0.006325450260072076,0.0049,0.0014254502600720758
VINE,1776304800000,1776391200000,corto,3,-0.025223988591074283,0.0029,-0.028123988591074282
DOOD,1776304800000,1776391200000,corto,4,0.008607492429740815,0.0049,0.0037074924297408156
YZY,1776304800000,1776391200000,corto,3,-0.002810151448441353,0.0029,-0.005710151448441353
PNUT,1776315600000,1776402000000,largo,2,-0.11165011550712,0.0019,-0.11355011550712
ZEREBRO,1776319200000,1776405600000,corto,3,0.009446969541320694,0.0029,0.006546969541320695
ANIME,1776319200000,1776405600000,corto,3,-0.01135085966868948,0.0029,-0.01425085966868948
2Z,1776319200000,1776405600000,corto,4,0.0268647051198944,0.0049,0.0219647051198944
SAGA,1776333600000,1776420000000,corto,3,0.00841627003115863,0.0029,0.00551627003115863
SCR,1776337200000,1776423600000,corto,4,-0.023598099235469048,0.0049,-0.028498099235469046
IP,1776340800000,1776427200000,corto,3,-0.0007658625484644376,0.0029,-0.0036658625484644373
BABY,1776340800000,1776427200000,corto,3,-0.009243710813493034,0.0029,-0.012143710813493034
ETH,1776344400000,1776430800000,largo,1,0.026637166706086332,0.0013,0.025337166706086333
ASTER,1776344400000,1776430800000,largo,2,0.014355770517723111,0.0019,0.01245577051772311
AVNT,1776344400000,1776430800000,largo,2,0.015432617688038474,0.0019,0.013532617688038474
OP,1776351600000,1776438000000,corto,2,0.009248965760190256,0.0019,0.007348965760190256
LTC,1776351600000,1776438000000,corto,1,0.008066548372113756,0.0013,0.006766548372113756
CRV,1776351600000,1776438000000,corto,1,0.005060760712150157,0.0013,0.0037607607121501567
LINK,1776351600000,1776438000000,corto,1,0.006420239604473108,0.0013,0.005120239604473108
SNX,1776351600000,1776438000000,corto,3,0.0007392765069995584,0.0029,-0.0021607234930004415
APT,1776351600000,1776438000000,corto,1,0.009002761615690082,0.0013,0.007702761615690082
AAVE,1776351600000,1776438000000,corto,1,-0.0019750124491253744,0.0013,-0.0032750124491253744
UNI,1776351600000,1776438000000,corto,1,0.00028511148051948325,0.0013,-0.0010148885194805166
TIA,1776351600000,1776438000000,corto,1,0.023361175167825786,0.0013,0.022061175167825787
FET,1776351600000,1776438000000,corto,1,0.002394003537388442,0.0013,0.001094003537388442
NEAR,1776351600000,1776438000000,corto,1,0.012659287140927157,0.0013,0.011359287140927158
ZEN,1776351600000,1776438000000,corto,3,0.002862184534564008,0.0029,-0.0000378154654359919
JUP,1776351600000,1776438000000,corto,2,0.004048804209745721,0.0019,0.0021488042097457215
ENS,1776351600000,1776438000000,corto,4,0.006404040094143014,0.0049,0.0015040400941430145
ETC,1776351600000,1776438000000,corto,2,0.007394777862747548,0.0019,0.005494777862747548
STRK,1776351600000,1776438000000,corto,2,0.01500966265056529,0.0019,0.013109662650565288
ENA,1776351600000,1776438000000,corto,1,-0.0030792941960613575,0.0013,-0.004379294196061357
MERL,1776351600000,1776438000000,corto,2,0.03802636625263137,0.0019,0.036126366252631374
IO,1776351600000,1776438000000,corto,3,0.005545852702318702,0.0029,0.002645852702318702
XLM,1776351600000,1776438000000,corto,2,-0.0003433279960482152,0.0019,-0.002243327996048215
SAND,1776351600000,1776438000000,corto,3,0.008314048621072403,0.0029,0.005414048621072403
NIL,1776351600000,1776438000000,corto,3,0.0003271880731384629,0.0029,-0.0025728119268615367
REZ,1776355200000,1776441600000,corto,3,-0.0014506772369999538,0.0029,-0.004350677236999953
kNEIRO,1776355200000,1776441600000,corto,2,-0.015268976151411585,0.0019,-0.017168976151411584
TURBO,1776358800000,1776445200000,corto,2,0.0016380020042384695,0.0019,-0.00026199799576153045
GRIFFAIN,1776358800000,1776445200000,corto,2,0.021651184217692406,0.0019,0.019751184217692407
SOL,1776362400000,1776448800000,corto,1,0.00645441379834996,0.0013,0.00515441379834996
BNB,1776362400000,1776448800000,corto,1,0.003588203353791365,0.0013,0.002288203353791365
PYTH,1776362400000,1776448800000,corto,2,0.005037276135807889,0.0019,0.003137276135807889
RSR,1776362400000,1776448800000,corto,4,0.016567074147101776,0.0049,0.011667074147101776
CAKE,1776362400000,1776448800000,corto,2,0.01277172559826158,0.0019,0.01087172559826158
MNT,1776362400000,1776448800000,corto,2,0.004198930194990881,0.0019,0.0022989301949908813
SKY,1776362400000,1776448800000,corto,2,-0.004401594731043471,0.0019,-0.006301594731043471
MET,1776362400000,1776448800000,corto,3,0.002386477765053094,0.0029,-0.0005135222349469059
AERO,1776362400000,1776448800000,corto,1,0.033822674641902244,0.0013,0.03252267464190224
DASH,1776362400000,1776448800000,corto,2,0.004285663087059696,0.0019,0.002385663087059696
TST,1776369600000,1776456000000,corto,1,0.01849546792527107,0.0013,0.01719546792527107
BIGTIME,1776384000000,1776470400000,corto,3,0.009520074808031718,0.0029,0.006620074808031718
kLUNC,1776384000000,1776470400000,corto,3,0.011045502970970662,0.0029,0.008145502970970662
ZETA,1776384000000,1776470400000,corto,4,0.03653530281826237,0.0049,0.03163530281826237
LAYER,1776384000000,1776470400000,corto,4,0.010524211601834149,0.0049,0.005624211601834149
STABLE,1776384000000,1776470400000,corto,2,0.008694859339467346,0.0019,0.006794859339467346
USTC,1776398400000,1776484800000,largo,3,-0.00867185329980136,0.0029,-0.011571853299801359
MEGA,1776402000000,1776488400000,largo,3,0.006155268493431931,0.0029,0.003255268493431931
GMX,1776405600000,1776492000000,corto,4,-0.012964270751186446,0.0049,-0.017864270751186448
BANANA,1776409200000,1776495600000,corto,4,0.010675124623531464,0.0049,0.005775124623531464
YZY,1776420000000,1776506400000,largo,4,0.007923680312823941,0.0049,0.003023680312823941
MELANIA,1776423600000,1776510000000,corto,2,0.010937962156625744,0.0019,0.009037962156625744
MAVIA,1776427200000,1776513600000,corto,4,0.004378769995847648,0.0049,-0.0005212300041523522
PAXG,1776427200000,1776513600000,corto,1,0.0007513775608137889,0.0013,-0.0005486224391862111
ETHFI,1776441600000,1776528000000,corto,2,-0.0003076639103738188,0.0019,-0.0022076639103738188
DYM,1776445200000,1776531600000,corto,3,0.004487666469388017,0.0029,0.001587666469388017
IO,1776452400000,1776538800000,corto,3,-0.009141846742259154,0.0029,-0.012041846742259154
BIO,1776474000000,1776560400000,corto,1,0.02745460015910002,0.0013,0.02615460015910002
IP,1776474000000,1776560400000,largo,1,0.06699761990468876,0.0013,0.06569761990468877
GAS,1776477600000,1776564000000,corto,4,0.0029195361399630415,0.0049,-0.0019804638600369583
CHILLGUY,1776481200000,1776567600000,largo,2,0.018406107827550585,0.0019,0.016506107827550586
YGG,1776488400000,1776574800000,corto,3,0.007431971314658948,0.0029,0.004531971314658948
ACE,1776488400000,1776574800000,corto,3,0.0016488049901837822,0.0029,-0.0012511950098162176
RESOLV,1776488400000,1776574800000,corto,3,0.003985361408262257,0.0029,0.0010853614082622573
COMP,1776492000000,1776578400000,largo,2,0.00912381187217775,0.0019,0.007223811872177749
USTC,1776492000000,1776578400000,corto,3,0.0007797271350211566,0.0029,-0.002120272864978843
2Z,1776492000000,1776578400000,corto,3,0.0015124019821738763,0.0029,-0.0013875980178261235
BIGTIME,1776510000000,1776596400000,largo,2,0.01393299786432461,0.0019,0.012032997864324609
INIT,1776510000000,1776596400000,corto,2,-0.0076612730821383115,0.0019,-0.009561273082138312
APE,1776513600000,1776600000000,corto,3,-0.023633485082660558,0.0029,-0.026533485082660558
UMA,1776513600000,1776600000000,corto,3,-0.006863995571170303,0.0029,-0.009763995571170303
ZEREBRO,1776513600000,1776600000000,largo,2,0.03208194459730035,0.0019,0.03018194459730035
FOGO,1776517200000,1776603600000,corto,3,-0.0018226798432307107,0.0029,-0.0047226798432307105
SCR,1776531600000,1776618000000,corto,2,0.022775792775596115,0.0019,0.020875792775596116
LTC,1776535200000,1776621600000,largo,1,-0.00018306301079933738,0.0013,-0.0014830630107993373
AAVE,1776535200000,1776621600000,largo,1,-0.007442411469890864,0.0013,-0.008742411469890864
TNSR,1776535200000,1776621600000,largo,3,0.0028913149331210018,0.0029,-8.685066878998029e-6
MERL,1776535200000,1776621600000,largo,2,-0.0023164993523917964,0.0019,-0.004216499352391797
MOVE,1776538800000,1776625200000,corto,3,-0.00341966639510467,0.0029,-0.006319666395104669
BANANA,1776549600000,1776636000000,corto,3,0.01297601969343323,0.0029,0.01007601969343323
ZRO,1776564000000,1776650400000,largo,1,-0.01707476697365512,0.0013,-0.01837476697365512
ORDI,1776564000000,1776650400000,largo,1,-0.022831763262739394,0.0013,-0.024131763262739393
BOME,1776567600000,1776654000000,corto,2,0.01959100947716975,0.0019,0.017691009477169752
GRIFFAIN,1776567600000,1776654000000,corto,2,-0.00006019925956710481,0.0019,-0.001960199259567105
BLUR,1776574800000,1776661200000,corto,2,0.026895770267494817,0.0019,0.02499577026749482
BLAST,1776574800000,1776661200000,corto,4,0.017769470511975295,0.0049,0.012869470511975295
TRX,1776585600000,1776672000000,corto,1,0.002879357013795883,0.0013,0.0015793570137958833
NIL,1776596400000,1776682800000,corto,3,-0.008849270790972046,0.0029,-0.011749270790972046
BABY,1776600000000,1776686400000,largo,3,0.002233023389472858,0.0029,-0.000666976610527142
kFLOKI,1776603600000,1776690000000,corto,3,0.002769070948364951,0.0029,-0.00013092905163504878
MORPHO,1776607200000,1776693600000,largo,1,-0.004905134399258732,0.0013,-0.006205134399258732
APEX,1776614400000,1776700800000,largo,4,-0.0037842321408357465,0.0049,-0.008684232140835746
KAS,1776618000000,1776704400000,largo,3,0.00933740425823772,0.0029,0.00643740425823772
MNT,1776618000000,1776704400000,largo,2,0.02324221269851467,0.0019,0.021342212698514672
GRASS,1776618000000,1776704400000,largo,3,0.01182420990066782,0.0029,0.00892420990066782
PURR,1776618000000,1776704400000,largo,3,0.008680516748325618,0.0029,0.005780516748325618
HYPE,1776618000000,1776704400000,largo,1,0.012143825016292326,0.0013,0.010843825016292327
SYRUP,1776618000000,1776704400000,largo,3,0.004055739189283796,0.0029,0.0011557391892837963
ASTER,1776618000000,1776704400000,largo,1,0.0018841822631994597,0.0013,0.0005841822631994598
ZEC,1776618000000,1776704400000,largo,1,0.013243964722105811,0.0013,0.01194396472210581
SUPER,1776625200000,1776711600000,corto,3,-0.0032633554469397403,0.0029,-0.00616335544693974
PAXG,1776639600000,1776726000000,largo,1,-0.0013518996245812048,0.0013,-0.0026518996245812046
REZ,1776668400000,1776754800000,corto,4,0.0005337603542789638,0.0049,-0.004366239645721036
MERL,1776682800000,1776769200000,largo,1,-0.0037132528048524974,0.0013,-0.005013252804852497
STBL,1776686400000,1776772800000,corto,3,-0.003724843021158333,0.0029,-0.006624843021158333
CC,1776690000000,1776776400000,corto,3,0.001138914135101615,0.0029,-0.0017610858648983848
IP,1776729600000,1776816000000,corto,2,0.00805971620479388,0.0019,0.00615971620479388
UMA,1776747600000,1776834000000,corto,4,-0.00873799970715127,0.0049,-0.01363799970715127
BIO,1776751200000,1776837600000,corto,1,-0.0036333761778480824,0.0013,-0.004933376177848082
MEGA,1776751200000,1776837600000,corto,3,-0.0198513522526692,0.0029,-0.0227513522526692
RUNE,1776758400000,1776844800000,corto,3,0.011085499054643089,0.0029,0.00818549905464309
STABLE,1776762000000,1776848400000,largo,2,-0.005225957174927598,0.0019,-0.007125957174927598
XMR,1776765600000,1776852000000,corto,1,0.016066914601225946,0.0013,0.014766914601225947
ZEN,1776769200000,1776855600000,corto,3,0.00028927745123307527,0.0029,-0.0026107225487669245
0G,1776769200000,1776855600000,corto,4,0.0017936305318491464,0.0049,-0.0031063694681508535
ZEC,1776769200000,1776855600000,corto,1,-0.005681744288393177,0.0013,-0.006981744288393177
DASH,1776769200000,1776855600000,corto,2,-0.00013730794073391574,0.0019,-0.0020373079407339156
kLUNC,1776780000000,1776866400000,corto,4,-0.005327850005282575,0.0049,-0.010227850005282575
MORPHO,1776780000000,1776866400000,corto,1,0.013720424595399173,0.0013,0.012420424595399174
PAXG,1776780000000,1776866400000,largo,1,-0.004017853107481713,0.0013,-0.005317853107481713
GRASS,1776783600000,1776870000000,corto,3,-0.016564788455051802,0.0029,-0.019464788455051802
PURR,1776790800000,1776877200000,largo,4,-0.005120310312736873,0.0049,-0.010020310312736872
MET,1776790800000,1776877200000,corto,4,-0.02432638894482957,0.0049,-0.029226388944829568
BCH,1776798000000,1776884400000,largo,2,-0.0029973391425273457,0.0019,-0.0048973391425273455
FARTCOIN,1776798000000,1776884400000,largo,1,-0.015876775449396908,0.0013,-0.017176775449396907
GAS,1776801600000,1776888000000,corto,4,0.003721978715558024,0.0049,-0.0011780212844419756
AZTEC,1776801600000,1776888000000,corto,4,0.003182463789269957,0.0049,-0.0017175362107300428
JTO,1776816000000,1776902400000,corto,3,0.0021927234102627874,0.0029,-0.0007072765897372124
PROVE,1776816000000,1776902400000,corto,4,0.007498565829198337,0.0049,0.0025985658291983373
AVNT,1776816000000,1776902400000,corto,2,0.006276099086375568,0.0019,0.004376099086375569
AERO,1776816000000,1776902400000,corto,2,-0.0044739643243276615,0.0019,-0.006373964324327661
ETH,1776823200000,1776909600000,corto,1,0.00640334651960789,0.0013,0.0051033465196078905
AVAX,1776823200000,1776909600000,corto,1,0.0030056485840348496,0.0013,0.0017056485840348497
DOGE,1776823200000,1776909600000,corto,1,0.005121063713768215,0.0013,0.003821063713768215
kPEPE,1776823200000,1776909600000,corto,1,0.009004298124720927,0.0013,0.007704298124720927
STX,1776823200000,1776909600000,corto,3,0.006393486237164867,0.0029,0.0034934862371648672
CFX,1776823200000,1776909600000,corto,3,0.012846671371481398,0.0029,0.009946671371481398
SNX,1776823200000,1776909600000,corto,3,0.00752852172252564,0.0029,0.00462852172252564
kSHIB,1776823200000,1776909600000,corto,2,0.007560851271849531,0.0019,0.005660851271849531
UNI,1776823200000,1776909600000,corto,1,0.012649928461020801,0.0013,0.0113499284610208
SEI,1776823200000,1776909600000,corto,2,0.010540023271814745,0.0019,0.008640023271814744
ADA,1776823200000,1776909600000,corto,1,0.0057842207987945995,0.0013,0.0044842207987946
PYTH,1776823200000,1776909600000,corto,3,0.007721543624145679,0.0029,0.004821543624145679
kBONK,1776823200000,1776909600000,corto,2,0.011317567203061058,0.0019,0.009417567203061058
ENS,1776823200000,1776909600000,corto,4,0.00824682198504877,0.0049,0.00334682198504877
ONDO,1776823200000,1776909600000,corto,2,0.006882446066802772,0.0019,0.004982446066802772
W,1776823200000,1776909600000,corto,2,0.012618463959211575,0.0019,0.010718463959211574
STRK,1776823200000,1776909600000,corto,2,-0.02130052277523524,0.0019,-0.02320052277523524
VIRTUAL,1776823200000,1776909600000,corto,2,0.012220229995426496,0.0019,0.010320229995426495
USUAL,1776823200000,1776909600000,corto,4,0.008356594590941418,0.0049,0.0034565945909414177
AIXBT,1776823200000,1776909600000,corto,3,0.01946931272250117,0.0029,0.01656931272250117
VVV,1776823200000,1776909600000,corto,1,-0.0006891370808168775,0.0013,-0.0019891370808168777
ZORA,1776823200000,1776909600000,corto,4,0.016072393086272327,0.0049,0.011172393086272327
PUMP,1776823200000,1776909600000,corto,1,0.00883983656914084,0.0013,0.007539836569140841
LINEA,1776823200000,1776909600000,corto,4,0.007162071796615167,0.0049,0.002262071796615167
AXS,1776823200000,1776909600000,corto,2,0.007572683421337076,0.0019,0.005672683421337076
MINA,1776830400000,1776916800000,corto,4,-0.0028143243856946654,0.0049,-0.007714324385694665
BANANA,1776834000000,1776920400000,corto,4,0.0002317467276146286,0.0049,-0.004668253272385371
SPX,1776834000000,1776920400000,corto,1,0.008339849182686635,0.0013,0.007039849182686635
PEOPLE,1776841200000,1776927600000,corto,3,0.002519059999641872,0.0029,-0.0003809400003581278
kNEIRO,1776844800000,1776931200000,corto,2,0.007852856150531448,0.0019,0.005952856150531449
ZEREBRO,1776844800000,1776931200000,largo,3,-0.01488132630449044,0.0029,-0.01778132630449044
SKY,1776848400000,1776934800000,corto,2,0.008313867343604883,0.0019,0.0064138673436048834
CAKE,1776870000000,1776956400000,largo,3,0.002526429107927503,0.0029,-0.00037357089207249675
HYPER,1776870000000,1776956400000,corto,4,-0.002250737172280247,0.0049,-0.007150737172280246
BLUR,1776877200000,1776963600000,corto,2,0.01239931506982924,0.0019,0.01049931506982924
MEGA,1776884400000,1776970800000,largo,2,-0.023549559371098597,0.0019,-0.025449559371098596
NIL,1776888000000,1776974400000,largo,4,0.009824605519298292,0.0049,0.004924605519298292
IP,1776898800000,1776985200000,largo,2,0.0011729981057867415,0.0019,-0.0007270018942132585
RESOLV,1776902400000,1776988800000,largo,3,0.001876739047444508,0.0029,-0.0010232609525554917
BIO,1776906000000,1776992400000,corto,1,0.015343582665066873,0.0013,0.014043582665066872
KAS,1776927600000,1777014000000,largo,2,-0.0008501781488625168,0.0019,-0.0027501781488625168
MAV,1776931200000,1777017600000,corto,4,-0.0033144709996714692,0.0049,-0.008214470999671469
ZRO,1776942000000,1777028400000,corto,2,-0.0066793843633967944,0.0019,-0.008579384363396794
APEX,1776942000000,1777028400000,corto,4,0.0005250377491485222,0.0049,-0.004374962250851478
CELO,1776952800000,1777039200000,corto,4,-0.003011741582956397,0.0049,-0.007911741582956397
GRIFFAIN,1776956400000,1777042800000,corto,4,-0.01753616802257095,0.0049,-0.02243616802257095
REZ,1776960000000,1777046400000,corto,3,0.009778770666489167,0.0029,0.006878770666489167
TON,1776963600000,1777050000000,corto,1,-0.004928919931284199,0.0013,-0.006228919931284199
kLUNC,1776970800000,1777057200000,corto,3,-0.004041503369127881,0.0029,-0.006941503369127881
ACE,1776970800000,1777057200000,corto,4,-0.013867710685034803,0.0049,-0.018767710685034803
TNSR,1776970800000,1777057200000,corto,4,-0.010025759488590255,0.0049,-0.014925759488590255
KAITO,1776970800000,1777057200000,corto,3,0.0014702641772252247,0.0029,-0.001429735822774775
GRASS,1776978000000,1777064400000,corto,2,-0.007945261596891432,0.0019,-0.009845261596891433
STABLE,1776985200000,1777071600000,corto,1,-0.002133152772771503,0.0013,-0.003433152772771503
SKR,1776999600000,1777086000000,corto,4,0.006930112126136544,0.0049,0.0020301121261365445
RESOLV,1777006800000,1777093200000,corto,3,0.010642667231293654,0.0029,0.007742667231293654
VINE,1777028400000,1777114800000,largo,4,0.000635768347436955,0.0049,-0.004264231652563045
PROMPT,1777028400000,1777114800000,corto,4,-0.001166242710642302,0.0049,-0.006066242710642301
TST,1777035600000,1777122000000,largo,3,0.01549468562557428,0.0029,0.01259468562557428
APE,1777039200000,1777125600000,corto,1,-0.009884132930812951,0.0013,-0.01118413293081295
DYM,1777046400000,1777132800000,corto,4,0.006372830915000838,0.0049,0.0014728309150008377
MELANIA,1777046400000,1777132800000,corto,3,-0.006778477613472006,0.0029,-0.009678477613472005
ANIME,1777046400000,1777132800000,corto,3,0.005348706436001111,0.0029,0.0024487064360011112
INIT,1777046400000,1777132800000,corto,3,0.00611323326644547,0.0029,0.00321323326644547
W,1777050000000,1777136400000,corto,3,-0.010550210895152392,0.0029,-0.013450210895152392
TRUMP,1777050000000,1777136400000,corto,1,-0.0012571699620729786,0.0013,-0.0025571699620729783
GALA,1777057200000,1777143600000,corto,3,0.007211916445318056,0.0029,0.004311916445318057
S,1777064400000,1777150800000,corto,3,-0.0021823110596718097,0.0029,-0.00508231105967181
UMA,1777075200000,1777161600000,corto,4,0.0013726548239513417,0.0049,-0.003527345176048658
IP,1777075200000,1777161600000,corto,2,0.007651515288049584,0.0019,0.005751515288049585
HYPER,1777075200000,1777161600000,corto,4,0.08873274365431026,0.0049,0.08383274365431026
GMT,1777078800000,1777165200000,corto,4,-0.012547216052088776,0.0049,-0.017447216052088776
AXS,1777093200000,1777179600000,corto,1,-0.009912450075406946,0.0013,-0.011212450075406947
OP,1777104000000,1777190400000,corto,2,0.003336514058081798,0.0019,0.0014365140580817981
MNT,1777111200000,1777197600000,corto,3,0.0008384082929512133,0.0029,-0.0020615917070487865
RENDER,1777114800000,1777201200000,largo,3,-0.0038448910378577235,0.0029,-0.006744891037857723
REZ,1777118400000,1777204800000,corto,3,0.0012618298204220542,0.0029,-0.0016381701795779456
ZK,1777118400000,1777204800000,largo,2,-0.007372666433887266,0.0019,-0.009272666433887267
MAVIA,1777122000000,1777208400000,largo,4,0.013331788100431806,0.0049,0.008431788100431806
LINEA,1777122000000,1777208400000,largo,3,0.004782678971682943,0.0029,0.001882678971682943
NXPC,1777125600000,1777212000000,corto,4,-0.0006621201327772878,0.0049,-0.005562120132777288
POLYX,1777132800000,1777219200000,largo,4,-0.0065505638923295485,0.0049,-0.011450563892329547
ASTER,1777132800000,1777219200000,largo,1,0.0006834387866925676,0.0013,-0.0006165612133074323
SYRUP,1777136400000,1777222800000,largo,3,0.007854461407979699,0.0029,0.004954461407979699
WCT,1777140000000,1777226400000,corto,3,0.001921904191336336,0.0029,-0.0009780958086636638
MON,1777140000000,1777226400000,corto,1,-0.007678943327565618,0.0013,-0.008978943327565618
HEMI,1777143600000,1777230000000,corto,2,-0.006184047855675385,0.0019,-0.008084047855675385
KAITO,1777161600000,1777248000000,corto,3,-0.007322463765210864,0.0029,-0.010222463765210865
SKR,1777165200000,1777251600000,corto,2,-0.026950788654133934,0.0019,-0.028850788654133933
LAYER,1777168800000,1777255200000,corto,4,-0.0037409337357850324,0.0049,-0.008640933735785032
SKY,1777168800000,1777255200000,corto,2,0.007986299714264277,0.0019,0.006086299714264277
W,1777176000000,1777262400000,corto,3,0.007320676910848282,0.0029,0.004420676910848282
AR,1777176000000,1777262400000,corto,3,0.0041284924212250445,0.0029,0.0012284924212250447
MINA,1777179600000,1777266000000,corto,4,0.015203193073954398,0.0049,0.010303193073954399
RSR,1777179600000,1777266000000,corto,4,0.01811450703877659,0.0049,0.013214507038776592
COMP,1777183200000,1777269600000,corto,3,0.004660522006026186,0.0029,0.001760522006026186
GRIFFAIN,1777190400000,1777276800000,corto,2,-0.023056617457779774,0.0019,-0.024956617457779773
BABY,1777194000000,1777280400000,corto,3,0.0014350948320773316,0.0029,-0.0014649051679226682
AVNT,1777194000000,1777280400000,corto,2,-0.0063706904667252305,0.0019,-0.00827069046672523
SNX,1777201200000,1777287600000,corto,4,-0.004427767364804398,0.0049,-0.009327767364804397
SEI,1777201200000,1777287600000,corto,2,-0.005134671896707104,0.0019,-0.007034671896707104
PEOPLE,1777201200000,1777287600000,corto,3,-0.0019557995673041796,0.0029,-0.004855799567304179
ONDO,1777201200000,1777287600000,corto,2,0.0014508803278225743,0.0019,-0.0004491196721774257
LDO,1777212000000,1777298400000,corto,1,-0.025660436465240043,0.0013,-0.026960436465240042
RUNE,1777212000000,1777298400000,corto,3,-0.0071450788393272084,0.0029,-0.010045078839327207
ETHFI,1777212000000,1777298400000,corto,2,-0.005502932275455534,0.0019,-0.0074029322754555335
UMA,1777215600000,1777302000000,corto,4,0.01218235405260482,0.0049,0.007282354052604819
XMR,1777215600000,1777302000000,corto,1,0.02041259138495931,0.0013,0.019112591384959313
RESOLV,1777219200000,1777305600000,corto,4,-0.002099503429998659,0.0049,-0.006999503429998659
USTC,1777222800000,1777309200000,corto,4,0.014184634991956413,0.0049,0.009284634991956413
kLUNC,1777222800000,1777309200000,corto,3,-0.00727453074017002,0.0029,-0.01017453074017002
PAXG,1777240800000,1777327200000,largo,2,0.00044915463437854053,0.0019,-0.0014508453656214594
BIO,1777248000000,1777334400000,corto,2,0.007985003486788695,0.0019,0.006085003486788696
SPX,1777248000000,1777334400000,corto,2,-0.0006616820197746925,0.0019,-0.0025616820197746923
0G,1777248000000,1777334400000,corto,4,-0.0016908018972571963,0.0049,-0.006590801897257196
2Z,1777248000000,1777334400000,corto,2,0.007999162865539138,0.0019,0.006099162865539138
ZEC,1777248000000,1777334400000,corto,1,0.004459253268748351,0.0013,0.0031592532687483507
SCR,1777251600000,1777338000000,corto,4,-0.0006629101999474445,0.0049,-0.005562910199947445
MOODENG,1777251600000,1777338000000,corto,4,0.0012312534688152937,0.0049,-0.003668746531184706
PENGU,1777251600000,1777338000000,corto,1,0.008082843414222897,0.0013,0.006782843414222897
SUPER,1777262400000,1777348800000,corto,4,-0.0011252211442808549,0.0049,-0.0060252211442808545
BTC,1777266000000,1777352400000,largo,1,-0.0002602878798630607,0.0013,-0.0015602878798630607
ETH,1777266000000,1777352400000,largo,1,-0.0002186031268952673,0.0013,-0.0015186031268952672
SOL,1777266000000,1777352400000,largo,1,0.0015696723559656131,0.0013,0.0002696723559656132
AVAX,1777266000000,1777352400000,largo,2,0.00023869973856375325,0.0019,-0.0016613002614362467
BNB,1777266000000,1777352400000,largo,1,-0.0017763273112154291,0.0013,-0.003076327311215429
OP,1777266000000,1777352400000,largo,2,0.0003261844602027706,0.0019,-0.0015738155397972294
LTC,1777266000000,1777352400000,largo,1,-0.001409239785880767,0.0013,-0.002709239785880767
ARB,1777266000000,1777352400000,largo,1,-0.003335984031036988,0.0013,-0.004635984031036988
DOGE,1777266000000,1777352400000,largo,1,0.005616782972281274,0.0013,0.004316782972281274
SUI,1777266000000,1777352400000,largo,1,0.0029522772748921886,0.0013,0.0016522772748921886
kPEPE,1777266000000,1777352400000,largo,1,0.0025740039951728426,0.0013,0.0012740039951728427
CRV,1777266000000,1777352400000,largo,1,0.0020033977346577167,0.0013,0.0007033977346577167
LINK,1777266000000,1777352400000,largo,1,0.00132568122236045,0.0013,0.000025681222360449986
STX,1777266000000,1777352400000,largo,4,-0.0003108969401694055,0.0049,-0.0052108969401694055
CFX,1777266000000,1777352400000,largo,4,-0.0011548794936781354,0.0049,-0.006054879493678136
XRP,1777266000000,1777352400000,largo,1,0.00014360594553285377,0.0013,-0.0011563940544671461
BCH,1777266000000,1777352400000,largo,2,0.00022331896740791906,0.0019,-0.001676681032592081
APT,1777266000000,1777352400000,largo,2,-0.015342430435266731,0.0019,-0.017242430435266732
AAVE,1777266000000,1777352400000,largo,1,0.0009120301499641008,0.0013,-0.00038796985003589914
WLD,1777266000000,1777352400000,largo,2,-0.002933599725287312,0.0019,-0.004833599725287312
kSHIB,1777266000000,1777352400000,largo,3,0.0019445800974543762,0.0029,-0.0009554199025456236
UNI,1777266000000,1777352400000,largo,1,0.0009300884254428527,0.0013,-0.0003699115745571472
DOT,1777266000000,1777352400000,largo,1,-0.0009722110463578514,0.0013,-0.0022722110463578513
BANANA,1777266000000,1777352400000,largo,4,0.002078176058702076,0.0049,-0.002821823941297924
TRB,1777266000000,1777352400000,largo,4,-0.00016384936818105076,0.0049,-0.00506384936818105
ARK,1777266000000,1777352400000,largo,4,-0.0018621453903934937,0.0049,-0.006762145390393493
BIGTIME,1777266000000,1777352400000,largo,4,0.0025961517381850245,0.0049,-0.0023038482618149753
KAS,1777266000000,1777352400000,largo,3,0.0022105479348444703,0.0029,-0.0006894520651555295
TIA,1777266000000,1777352400000,largo,2,-0.0025487602450143016,0.0019,-0.004448760245014302
ADA,1777266000000,1777352400000,largo,1,0.00040413838248087966,0.0013,-0.0008958616175191202
GAS,1777266000000,1777352400000,largo,4,0.0031408578610941373,0.0049,-0.0017591421389058625
PENDLE,1777266000000,1777352400000,largo,2,-0.0012101960481632576,0.0019,-0.0031101960481632576
FET,1777266000000,1777352400000,largo,2,0.0011825574179296252,0.0019,-0.0007174425820703747
NEAR,1777266000000,1777352400000,largo,1,-0.00029398794861160604,0.0013,-0.001593987948611606
ORDI,1777266000000,1777352400000,largo,2,-0.007303661313749764,0.0019,-0.009203661313749764
ZEN,1777266000000,1777352400000,largo,4,-0.0011226782154903077,0.0049,-0.006022678215490308
FIL,1777266000000,1777352400000,largo,3,-0.0001404896607323284,0.0029,-0.003040489660732328
PYTH,1777266000000,1777352400000,largo,3,-0.001712523501485795,0.0029,-0.004612523501485795
kBONK,1777266000000,1777352400000,largo,1,0.0053118837173863264,0.0013,0.0040118837173863265
GALA,1777266000000,1777352400000,largo,4,0.00846182141798659,0.0049,0.0035618214179865895
WIF,1777266000000,1777352400000,largo,2,-0.0003357770471974235,0.0019,-0.0022357770471974235
CAKE,1777266000000,1777352400000,largo,3,-0.0005339741149435306,0.0029,-0.0034339741149435306
ENS,1777266000000,1777352400000,largo,4,0.0008891670408487315,0.0049,-0.004010832959151269
ETC,1777266000000,1777352400000,largo,3,0.0009750877756954756,0.0029,-0.0019249122243045242
TAO,1777266000000,1777352400000,largo,1,-0.00004033640562833299,0.0013,-0.001340336405628333
AR,1777266000000,1777352400000,largo,3,-0.000264082183909891,0.0029,-0.0031640821839098907
kFLOKI,1777266000000,1777352400000,largo,4,-0.000867813474577206,0.0049,-0.005767813474577206
BOME,1777266000000,1777352400000,largo,4,-0.0019588644853328115,0.0049,-0.006858864485332811
ENA,1777266000000,1777352400000,largo,1,0.0016920477810245234,0.0013,0.00039204778102452345
MNT,1777266000000,1777352400000,largo,3,-0.0032126011882469773,0.0029,-0.0061126011882469775
HBAR,1777266000000,1777352400000,largo,2,-0.00037039739573908447,0.0019,-0.0022703973957390843
POPCAT,1777266000000,1777352400000,largo,2,0.016864022530288618,0.0019,0.014964022530288617
NOT,1777266000000,1777352400000,corto,2,0.009950330853168092,0.0019,0.008050330853168091
TURBO,1777266000000,1777352400000,largo,3,0.002578428587944307,0.0029,-0.0003215714120556926
BRETT,1777266000000,1777352400000,largo,3,0.009319468750077064,0.0029,0.006419468750077064
ZK,1777266000000,1777352400000,largo,2,0.019109476464805476,0.0019,0.017209476464805477
BLAST,1777266000000,1777352400000,largo,4,-0.0020100509280240003,0.0049,-0.006910050928024001
RENDER,1777266000000,1777352400000,largo,2,0.0005078576979058971,0.0019,-0.0013921423020941028
POL,1777266000000,1777352400000,largo,2,-0.0033360349546611707,0.0019,-0.005236034954661171
CELO,1777266000000,1777352400000,largo,3,0.002458019404572065,0.0029,-0.0004419805954279346
GOAT,1777266000000,1777352400000,largo,4,0.025795024509074702,0.0049,0.020895024509074704
PNUT,1777266000000,1777352400000,largo,2,0.009203604789432456,0.0019,0.007303604789432456
IOTA,1777266000000,1777352400000,largo,4,-0.0025045085340214745,0.0049,-0.007404508534021474
ME,1777266000000,1777352400000,largo,4,0.005495286962632542,0.0049,0.0005952869626325418
MOVE,1777266000000,1777352400000,largo,4,0.005027833092485093,0.0049,0.0001278330924850933
VIRTUAL,1777266000000,1777352400000,largo,2,0.0022516030527437894,0.0019,0.0003516030527437894
FARTCOIN,1777266000000,1777352400000,largo,1,0.003482244091887754,0.0013,0.002182244091887754
S,1777266000000,1777352400000,largo,3,0.008374898632375682,0.0029,0.005474898632375682
ANIME,1777266000000,1777352400000,largo,3,0.0,0.0029,-0.0029
BERA,1777266000000,1777352400000,largo,2,-0.0040293389997744355,0.0019,-0.005929338999774435
KAITO,1777266000000,1777352400000,largo,3,0.006546033615968809,0.0029,0.003646033615968809
ZORA,1777266000000,1777352400000,largo,3,0.004321994842295551,0.0029,0.0014219948422955512
SOPH,1777266000000,1777352400000,largo,4,0.0010205818201722014,0.0049,-0.0038794181798277984
PUMP,1777266000000,1777352400000,largo,1,0.003935906121238399,0.0013,0.002635906121238399
PROVE,1777266000000,1777352400000,largo,4,0.0021517171284194357,0.0049,-0.002748282871580564
XPL,1777266000000,1777352400000,largo,1,-0.0040847747486565476,0.0013,-0.0053847747486565475
ICP,1777266000000,1777352400000,largo,3,-0.0031313115281213126,0.0029,-0.0060313115281213124
LIT,1777266000000,1777352400000,largo,1,-0.00821767986858164,0.0013,-0.009517679868581638
DASH,1777266000000,1777352400000,largo,2,-0.003177578070152533,0.0019,-0.005077578070152533
AZTEC,1777266000000,1777352400000,largo,4,0.0007335501710452829,0.0049,-0.0041664498289547165
SAGA,1777269600000,1777356000000,largo,3,-0.0011312218400888262,0.0029,-0.004031221840088826
REZ,1777269600000,1777356000000,largo,3,0.005287687002224892,0.0029,0.0023876870022248925
INIT,1777273200000,1777359600000,largo,3,-0.0103884407940984,0.0029,-0.0132884407940984
APEX,1777273200000,1777359600000,largo,4,0.0011112796011546956,0.0049,-0.003788720398845304
TNSR,1777280400000,1777366800000,corto,4,0.007411101114358628,0.0049,0.0025111011143586284
VINE,1777287600000,1777374000000,corto,3,-0.03731976711059701,0.0029,-0.04021976711059701
HYPE,1777302000000,1777388400000,largo,1,-0.003491895575833735,0.0013,-0.004791895575833735
ASTER,1777302000000,1777388400000,largo,1,0.0016693583089338409,0.0013,0.00036935830893384093
MON,1777302000000,1777388400000,largo,1,-0.015140893110984703,0.0013,-0.016440893110984702
AXS,1777345200000,1777431600000,corto,2,-0.04280899945925332,0.0019,-0.04470899945925332
PAXG,1777352400000,1777438800000,largo,1,-0.0024408328380086134,0.0013,-0.0037408328380086134
APE,1777356000000,1777442400000,corto,1,0.0069105171026583685,0.0013,0.0056105171026583685
KAITO,1777356000000,1777442400000,largo,3,-0.0026694227849973344,0.0029,-0.005569422784997334
REZ,1777359600000,1777446000000,corto,3,-0.006749705597506405,0.0029,-0.009649705597506405
BIO,1777370400000,1777456800000,corto,1,0.01774554248747198,0.0013,0.01644554248747198
GMX,1777377600000,1777464000000,corto,3,0.005289101363002434,0.0029,0.002389101363002434
INIT,1777384800000,1777471200000,corto,3,0.031538629919209665,0.0029,0.028638629919209665
TIA,1777388400000,1777474800000,corto,2,0.022822159128228194,0.0019,0.020922159128228195
TST,1777392000000,1777478400000,corto,4,0.006682602434367198,0.0049,0.001782602434367198
MAV,1777395600000,1777482000000,corto,4,-0.004613618333512715,0.0049,-0.009513618333512715
TRUMP,1777402800000,1777489200000,corto,1,-0.004889569468618907,0.0013,-0.006189569468618907
CFX,1777417200000,1777503600000,corto,4,-0.004700624212144259,0.0049,-0.009600624212144259
UMA,1777420800000,1777507200000,corto,4,-0.00980183572797255,0.0049,-0.01470183572797255
POL,1777420800000,1777507200000,corto,3,-0.011236854129333741,0.0029,-0.01413685412933374
LIT,1777424400000,1777510800000,corto,1,-0.005942827054966276,0.0013,-0.007242827054966276
ETH,1777431600000,1777518000000,corto,1,-0.0035587226169941544,0.0013,-0.004858722616994155
OP,1777431600000,1777518000000,corto,2,-0.007327870245869732,0.0019,-0.009227870245869732
CRV,1777431600000,1777518000000,corto,1,-0.004940008734673404,0.0013,-0.006240008734673404
ENA,1777431600000,1777518000000,corto,2,-0.0016489649209016624,0.0019,-0.003548964920901662
VIRTUAL,1777431600000,1777518000000,corto,2,-0.007638309357033063,0.0019,-0.009538309357033063
SPX,1777431600000,1777518000000,corto,2,-0.0021506262798042315,0.0019,-0.004050626279804232
HYPER,1777431600000,1777518000000,largo,3,-0.00033247444409004526,0.0029,-0.003232474444090045
AERO,1777431600000,1777518000000,corto,2,-0.007207707813625125,0.0019,-0.009107707813625125
AZTEC,1777435200000,1777521600000,corto,4,0.007971426983472184,0.0049,0.0030714269834721843
ALT,1777442400000,1777528800000,corto,4,-0.008732524399691717,0.0049,-0.013632524399691717
DOGE,1777446000000,1777532400000,corto,1,-0.007588924789819561,0.0013,-0.00888892478981956
STBL,1777446000000,1777532400000,corto,2,0.0060978546139612375,0.0019,0.004197854613961238
LTC,1777453200000,1777539600000,corto,2,-0.004022488229465823,0.0019,-0.005922488229465823
ARB,1777453200000,1777539600000,corto,1,-0.00744263134675869,0.0013,-0.00874263134675869
kPEPE,1777453200000,1777539600000,corto,1,-0.008425940314071796,0.0013,-0.009725940314071795
STX,1777453200000,1777539600000,corto,3,0.0002256572276302485,0.0029,-0.002674342772369751
kSHIB,1777453200000,1777539600000,corto,2,-0.0007899518540185264,0.0019,-0.0026899518540185264
BSV,1777453200000,1777539600000,corto,4,-0.0005034613070473447,0.0049,-0.005403461307047344
ADA,1777453200000,1777539600000,corto,1,-0.0019044923397331976,0.0013,-0.0032044923397331975
kBONK,1777453200000,1777539600000,corto,2,-0.008156782529446774,0.0019,-0.010056782529446775
WIF,1777453200000,1777539600000,corto,2,0.000542475873127497,0.0019,-0.001357524126872503
CAKE,1777453200000,1777539600000,corto,3,0.0016445118136794038,0.0029,-0.001255488186320596
PEOPLE,1777453200000,1777539600000,corto,3,-0.00263817591346166,0.0029,-0.00553817591346166
ENS,1777453200000,1777539600000,corto,4,-0.000049869922628806694,0.0049,-0.004949869922628807
kFLOKI,1777453200000,1777539600000,corto,4,-0.0032338068496025807,0.0049,-0.00813380684960258
BOME,1777453200000,1777539600000,corto,4,-0.0057859370670439265,0.0049,-0.010685937067043925
TURBO,1777453200000,1777539600000,corto,3,-0.0034843240826108427,0.0029,-0.006384324082610842
kNEIRO,1777453200000,1777539600000,corto,2,-0.0031086957421234186,0.0019,-0.005008695742123419
GOAT,1777453200000,1777539600000,corto,3,0.0021358655405376518,0.0029,-0.000764134459462348
MOODENG,1777453200000,1777539600000,corto,3,0.0014903625995040658,0.0029,-0.001409637400495934
PNUT,1777453200000,1777539600000,corto,2,0.0009313589198899311,0.0019,-0.0009686410801100689
PROMPT,1777453200000,1777539600000,corto,4,-0.008027598690352387,0.0049,-0.012927598690352387
DOOD,1777453200000,1777539600000,corto,4,-0.007139561601371546,0.0049,-0.012039561601371547
TON,1777460400000,1777546800000,corto,2,-0.0004595940333675816,0.0019,-0.0023595940333675817
XAI,1777464000000,1777550400000,corto,4,-0.0077369825021526215,0.0049,-0.012636982502152621
ZEC,1777467600000,1777554000000,largo,1,-0.0008954155326057371,0.0013,-0.002195415532605737
PURR,1777471200000,1777557600000,largo,3,-0.005109779342518245,0.0029,-0.008009779342518245
WLFI,1777471200000,1777557600000,largo,1,-0.006985591576504344,0.0013,-0.008285591576504343
SKR,1777471200000,1777557600000,largo,4,-0.004212413683579989,0.0049,-0.00911241368357999
SUI,1777474800000,1777561200000,largo,1,0.00585481766143162,0.0013,0.0045548176614316205
GMX,1777474800000,1777561200000,largo,4,0.004375234141528636,0.0049,-0.0005247658584713643
MINA,1777474800000,1777561200000,largo,3,0.0063340658201737005,0.0029,0.0034340658201737007
NEO,1777474800000,1777561200000,largo,4,0.00014670823426284722,0.0049,-0.004753291765737152
FIL,1777474800000,1777561200000,largo,2,0.006362716895223498,0.0019,0.004462716895223498
SUPER,1777474800000,1777561200000,largo,4,0.0024123457192178795,0.0049,-0.0024876542807821204
ZETA,1777474800000,1777561200000,largo,4,0.0011732172635419585,0.0049,-0.0037267827364580414
MNT,1777474800000,1777561200000,largo,3,0.0022362083241326495,0.0029,-0.0006637916758673503
SAGA,1777474800000,1777561200000,largo,3,0.0035026305512020745,0.0029,0.0006026305512020747
RENDER,1777474800000,1777561200000,largo,2,0.0008325404857661017,0.0019,-0.0010674595142338983
NXPC,1777474800000,1777561200000,largo,4,0.001079076145846647,0.0049,-0.0038209238541533526
SOPH,1777474800000,1777561200000,largo,4,0.002774568253925614,0.0049,-0.002125431746074386
PROVE,1777474800000,1777561200000,largo,4,0.003503629429390547,0.0049,-0.001396370570609453
ASTER,1777474800000,1777561200000,largo,1,-0.000015304677875029026,0.0013,-0.0013153046778750289
AVNT,1777474800000,1777561200000,largo,3,0.004820267997800497,0.0029,0.0019202679978004974
XMR,1777474800000,1777561200000,largo,1,0.005321964294851744,0.0013,0.004021964294851744
BLUR,1777482000000,1777568400000,corto,3,0.0013217774163293964,0.0029,-0.0015782225836706034
BANANA,1777485600000,1777572000000,largo,4,-0.004603304512311825,0.0049,-0.009503304512311826
MANTA,1777485600000,1777572000000,largo,3,0.0004543733512478534,0.0029,-0.0024456266487521464
MOVE,1777485600000,1777572000000,largo,4,0.00571278681981109,0.0049,0.0008127868198110899
MON,1777489200000,1777575600000,largo,1,-0.004686421640504201,0.0013,-0.005986421640504201
BIO,1777514400000,1777600800000,corto,1,0.04091950705517072,0.0013,0.03961950705517072
ZEREBRO,1777518000000,1777604400000,largo,2,0.03038181933131211,0.0019,0.02848181933131211
APE,1777525200000,1777611600000,corto,1,0.009164808325544116,0.0013,0.007864808325544117
COMP,1777539600000,1777626000000,largo,2,0.011622660043807529,0.0019,0.009722660043807528
KAITO,1777550400000,1777636800000,largo,2,0.015245010239095805,0.0019,0.013345010239095805
USTC,1777561200000,1777647600000,corto,3,0.005024728944601234,0.0029,0.0021247289446012342
REZ,1777564800000,1777651200000,corto,3,-0.012853937266981525,0.0029,-0.015753937266981523
SKR,1777590000000,1777676400000,corto,4,-0.006768840070804561,0.0049,-0.01166884007080456
SAGA,1777597200000,1777683600000,corto,4,-0.001729605504689352,0.0049,-0.006629605504689352
MANTA,1777600800000,1777687200000,corto,4,0.0002851846589981764,0.0049,-0.0046148153410018235
TRB,1777604400000,1777690800000,corto,3,-0.010049863865850507,0.0029,-0.012949863865850507
MELANIA,1777604400000,1777690800000,corto,3,-0.0020381430843448385,0.0029,-0.004938143084344838
VVV,1777611600000,1777698000000,corto,1,-0.0008429972291244701,0.0013,-0.00214299722912447
LIT,1777611600000,1777698000000,corto,1,0.002154423571456785,0.0013,0.0008544235714567851
MAV,1777615200000,1777701600000,corto,4,0.0005897578887232732,0.0049,-0.004310242111276726
INJ,1777618800000,1777705200000,corto,2,0.00644538920854665,0.0019,0.00454538920854665
TRUMP,1777629600000,1777716000000,largo,2,-0.0007911392817708832,0.0019,-0.002691139281770883
BERA,1777629600000,1777716000000,corto,3,0.0012020874053597955,0.0029,-0.0016979125946402043
APEX,1777636800000,1777723200000,corto,4,0.0006205184975716756,0.0049,-0.0042794815024283245
BTC,1777640400000,1777726800000,corto,1,-0.0019295527764459195,0.0013,-0.0032295527764459194
XRP,1777640400000,1777726800000,corto,1,-0.003600234303500701,0.0013,-0.004900234303500701
BCH,1777640400000,1777726800000,corto,2,-0.0009202833326297406,0.0019,-0.0028202833326297404
UNI,1777640400000,1777726800000,corto,2,-0.0033502947332253942,0.0019,-0.005250294733225394
KAS,1777640400000,1777726800000,corto,4,0.00015435671868254305,0.0049,-0.004745643281317457
CAKE,1777640400000,1777726800000,corto,3,-0.002412712713504002,0.0029,-0.005312712713504001
ALGO,1777640400000,1777726800000,corto,2,-0.0009336197111727844,0.0019,-0.0028336197111727846
VINE,1777640400000,1777726800000,corto,4,-0.0023385745359744956,0.0049,-0.007238574535974495
BABY,1777640400000,1777726800000,corto,4,-0.014546343245314423,0.0049,-0.019446343245314423
SYRUP,1777640400000,1777726800000,corto,3,-0.0031255034259099063,0.0029,-0.006025503425909906
APE,1777644000000,1777730400000,corto,1,0.029694884215814357,0.0013,0.028394884215814358
ZEN,1777651200000,1777737600000,corto,4,-0.007827513431221447,0.0049,-0.012727513431221447
ZEC,1777651200000,1777737600000,corto,1,-0.005796192877729886,0.0013,-0.007096192877729886
DASH,1777651200000,1777737600000,corto,2,-0.0049234014355331755,0.0019,-0.006823401435533175
CHILLGUY,1777658400000,1777744800000,corto,4,-0.03138572070631331,0.0049,-0.036285720706313314
ZRO,1777669200000,1777755600000,largo,2,0.0023403436092564412,0.0019,0.00044034360925644125
IP,1777669200000,1777755600000,corto,4,-0.002796594343267286,0.0049,-0.0076965943432672854
SUSHI,1777683600000,1777770000000,corto,4,0.024617317555600513,0.0049,0.019717317555600515
CELO,1777683600000,1777770000000,corto,4,0.007426369228823204,0.0049,0.002526369228823204
BIO,1777683600000,1777770000000,corto,1,0.004833922276533266,0.0013,0.003533922276533266
STBL,1777687200000,1777773600000,corto,2,-0.015499162702059926,0.0019,-0.017399162702059927
WLFI,1777701600000,1777788000000,corto,1,-0.003186331742148895,0.0013,-0.004486331742148895
STABLE,1777705200000,1777791600000,corto,3,0.005416642294845121,0.0029,0.002516642294845121
USTC,1777723200000,1777809600000,corto,4,0.002986987499276384,0.0049,-0.0019130125007236157
ORDI,1777726800000,1777813200000,corto,2,0.0018650429008819304,0.0019,-0.00003495709911806961
SNX,1777730400000,1777816800000,corto,4,-0.0033902096694984197,0.0049,-0.00829020966949842
YGG,1777730400000,1777816800000,corto,4,-0.006630629771975566,0.0049,-0.011530629771975566
FET,1777730400000,1777816800000,corto,2,-0.0052873631645421,0.0019,-0.0071873631645421
TURBO,1777730400000,1777816800000,corto,4,0.0050000104167058634,0.0049,0.0001000104167058636
GOAT,1777730400000,1777816800000,corto,3,0.017742235478851936,0.0029,0.014842235478851936
MOVE,1777730400000,1777816800000,corto,4,0.0013595424968397378,0.0049,-0.003540457503160262
AIXBT,1777730400000,1777816800000,corto,3,0.004597009389364125,0.0029,0.0016970093893641253
TST,1777730400000,1777816800000,corto,4,-0.044357721198092274,0.0049,-0.049257721198092276
ZORA,1777730400000,1777816800000,corto,4,-0.0025278471474862183,0.0049,-0.007427847147486218
2Z,1777730400000,1777816800000,corto,4,0.0005466234257292758,0.0049,-0.004353376574270724
KAS,1777734000000,1777820400000,corto,4,0.0062358645464504125,0.0049,0.0013358645464504127
MERL,1777734000000,1777820400000,corto,3,0.014615020193349102,0.0029,0.011715020193349102
PROVE,1777734000000,1777820400000,corto,4,0.004713606431939278,0.0049,-0.0001863935680607217
HEMI,1777734000000,1777820400000,corto,4,0.009210503609587679,0.0049,0.004310503609587679
CFX,1777737600000,1777824000000,corto,4,0.0015144783706950741,0.0049,-0.0033855216293049257
TRX,1777737600000,1777824000000,largo,1,-0.0029016423509051416,0.0013,-0.004201642350905142
PNUT,1777737600000,1777824000000,corto,2,0.0006926407203320246,0.0019,-0.0012073592796679753
LAYER,1777737600000,1777824000000,corto,4,-0.0002621138303880347,0.0049,-0.005162113830388035
ASTER,1777737600000,1777824000000,corto,2,0.0018577340993311319,0.0019,-0.000042265900668868144
TAO,1777744800000,1777831200000,corto,1,-0.00044994376462123456,0.0013,-0.0017499437646212345
ZK,1777748400000,1777834800000,corto,3,0.0012934330687936258,0.0029,-0.001606566931206374
APEX,1777748400000,1777834800000,corto,4,0.0022504986560731373,0.0049,-0.0026495013439268625
VIRTUAL,1777752000000,1777838400000,corto,2,-0.007019905182174206,0.0019,-0.008919905182174207
CHIP,1777752000000,1777838400000,largo,1,-0.02133687733133073,0.0013,-0.02263687733133073
ETH,1777755600000,1777842000000,corto,1,0.0024079818996855565,0.0013,0.0011079818996855566
PYTH,1777755600000,1777842000000,corto,3,0.004500796763289987,0.0029,0.0016007967632899875
MEGA,1777766400000,1777852800000,largo,1,-0.0281939001395209,0.0013,-0.0294939001395209
AXS,1777766400000,1777852800000,largo,2,-0.017293692714241995,0.0019,-0.019193692714241994
BIGTIME,1777770000000,1777856400000,largo,4,0.007055739987314507,0.0049,0.0021557399873145073
FIL,1777770000000,1777856400000,largo,3,0.021174997136458564,0.0029,0.018274997136458564
GMT,1777770000000,1777856400000,largo,4,0.009694333938573337,0.0049,0.004794333938573337
UMA,1777770000000,1777856400000,largo,4,0.007028873313641841,0.0049,0.0021288733136418415
ME,1777770000000,1777856400000,largo,4,0.0055208624901505335,0.0049,0.0006208624901505337
kLUNC,1777773600000,1777860000000,largo,1,0.025643903749665516,0.0013,0.024343903749665517
LIT,1777780800000,1777867200000,corto,1,0.004622504378867133,0.0013,0.0033225043788671334
BABY,1777784400000,1777870800000,corto,2,0.0022811668105535868,0.0019,0.00038116681055358676
ACE,1777788000000,1777874400000,corto,4,-0.004014457418661868,0.0049,-0.008914457418661868
INIT,1777791600000,1777878000000,corto,3,0.0003473447767935903,0.0029,-0.0025526552232064095
FOGO,1777795200000,1777881600000,largo,3,0.015332102214223167,0.0029,0.012432102214223167
XMR,1777795200000,1777881600000,corto,1,0.0017150318004764253,0.0013,0.00041503180047642533
ZEN,1777802400000,1777888800000,corto,2,0.02443180260469043,0.0019,0.02253180260469043
DASH,1777802400000,1777888800000,corto,3,0.051534344324057735,0.0029,0.048634344324057735
MET,1777806000000,1777892400000,largo,3,0.009436314878465074,0.0029,0.006536314878465075
SKR,1777813200000,1777899600000,corto,4,-0.00037320396029345544,0.0049,-0.005273203960293456
MAV,1777816800000,1777903200000,corto,4,-0.008769756256231052,0.0049,-0.013669756256231052
CAKE,1777816800000,1777903200000,corto,3,-0.00639362817366813,0.0029,-0.00929362817366813
GRASS,1777824000000,1777910400000,corto,4,0.01566363332047802,0.0049,0.010763633320478019
YGG,1777827600000,1777914000000,corto,4,-0.011072103691628143,0.0049,-0.015972103691628145
MORPHO,1777834800000,1777921200000,largo,2,-0.0025622360723190846,0.0019,-0.004462236072319084
PAXG,1777842000000,1777928400000,corto,1,-0.00028767108329519727,0.0013,-0.0015876710832951973
DYDX,1777845600000,1777932000000,corto,2,0.013112516826552555,0.0019,0.011212516826552554
MOODENG,1777845600000,1777932000000,corto,3,0.007889651314685093,0.0029,0.004989651314685093
BTC,1777849200000,1777935600000,largo,1,-0.0028029799994784286,0.0013,-0.0041029799994784285
SOL,1777849200000,1777935600000,largo,1,-0.0014030083747250228,0.0013,-0.0027030083747250225
BNB,1777849200000,1777935600000,largo,2,-0.002471633659115115,0.0019,-0.004371633659115115
MINA,1777852800000,1777939200000,corto,4,0.002962428723025237,0.0049,-0.001937571276974763
IP,1777852800000,1777939200000,corto,3,-0.0020898244800845547,0.0029,-0.004989824480084554
ETH,1777856400000,1777942800000,corto,1,-0.001441105662027996,0.0013,-0.002741105662027996
AVAX,1777856400000,1777942800000,corto,1,-0.003078226165475224,0.0013,-0.0043782261654752245
LTC,1777856400000,1777942800000,corto,2,0.0002179480202601193,0.0019,-0.0016820519797398807
DOGE,1777856400000,1777942800000,corto,1,-0.001984485587227344,0.0013,-0.0032844855872273438
LINK,1777856400000,1777942800000,corto,1,-0.003368777727764813,0.0013,-0.004668777727764813
XRP,1777856400000,1777942800000,corto,1,-0.001074768132691569,0.0013,-0.002374768132691569
BCH,1777856400000,1777942800000,corto,2,0.0006761477865838004,0.0019,-0.0012238522134161997
kSHIB,1777856400000,1777942800000,corto,2,-0.0028985527540112575,0.0019,-0.004798552754011257
ADA,1777856400000,1777942800000,corto,2,-0.0008777179897219269,0.0019,-0.0027777179897219267
SUPER,1777856400000,1777942800000,corto,4,-0.01047548662166057,0.0049,-0.01537548662166057
kFLOKI,1777856400000,1777942800000,corto,3,-0.006430091270304502,0.0029,-0.009330091270304501
BOME,1777856400000,1777942800000,corto,4,-0.021978906718775167,0.0049,-0.026878906718775165
ENA,1777856400000,1777942800000,corto,1,-0.009602608064513423,0.0013,-0.010902608064513424
PENGU,1777856400000,1777942800000,corto,1,-0.03490621907387257,0.0013,-0.03620621907387257
FARTCOIN,1777856400000,1777942800000,corto,1,-0.015866438396467446,0.0013,-0.017166438396467445
SPX,1777856400000,1777942800000,corto,2,-0.009299484827589095,0.0019,-0.011199484827589095
DOOD,1777856400000,1777942800000,corto,4,-0.016651041127821824,0.0049,-0.021551041127821823
PUMP,1777856400000,1777942800000,corto,1,-0.006543098588936107,0.0013,-0.007843098588936108
BLUR,1777860000000,1777946400000,corto,3,0.012697283017183592,0.0029,0.009797283017183592
POLYX,1777860000000,1777946400000,corto,4,-0.002785973614498088,0.0049,-0.007685973614498088
FIL,1777860000000,1777946400000,corto,3,-0.0012662876590305665,0.0029,-0.0041662876590305665
GALA,1777860000000,1777946400000,corto,4,0.0019041579856897712,0.0049,-0.0029958420143102286
ENS,1777860000000,1777946400000,corto,4,-0.0023429737585329716,0.0049,-0.0072429737585329714
UMA,1777860000000,1777946400000,corto,4,0.0022794824582472433,0.0049,-0.0026205175417527565
ALT,1777860000000,1777946400000,corto,4,-0.0007599747040888015,0.0049,-0.005659974704088801
W,1777860000000,1777946400000,corto,4,0.014235115821871872,0.0049,0.009335115821871872
IOTA,1777860000000,1777946400000,corto,4,0.0006502185685863548,0.0049,-0.0042497814314136455
ME,1777860000000,1777946400000,corto,4,-0.0019109503235446063,0.0049,-0.006810950323544606
VINE,1777860000000,1777946400000,corto,4,-0.004707429418718566,0.0049,-0.009607429418718566
LAYER,1777860000000,1777946400000,corto,4,-0.005989317653030777,0.0049,-0.010889317653030778
ZORA,1777860000000,1777946400000,corto,4,0.00015734403305204094,0.0049,-0.004742655966947959
0G,1777860000000,1777946400000,corto,4,0.004029705837346612,0.0049,-0.0008702941626533879
ICP,1777860000000,1777946400000,corto,3,-0.0031643593267218694,0.0029,-0.006064359326721869
UNI,1777867200000,1777953600000,corto,2,-0.0025590476249581088,0.0019,-0.0044590476249581085
ZK,1777874400000,1777960800000,corto,3,-0.0008223684673992896,0.0029,-0.0037223684673992896
APE,1777881600000,1777968000000,corto,1,-0.005257473065748407,0.0013,-0.006557473065748407
STABLE,1777881600000,1777968000000,corto,3,0.007237241438650351,0.0029,0.004337241438650351
PENDLE,1777885200000,1777971600000,corto,1,-0.00457913258055237,0.0013,-0.00587913258055237
kLUNC,1777885200000,1777971600000,largo,2,0.009026495845972125,0.0019,0.007126495845972125
DYM,1777885200000,1777971600000,corto,4,0.006975613736425323,0.0049,0.002075613736425323
OP,1777888800000,1777975200000,largo,2,0.004562510331188177,0.0019,0.0026625103311881775
ARB,1777888800000,1777975200000,largo,1,0.004860073249941083,0.0013,0.003560073249941083
INJ,1777888800000,1777975200000,largo,2,0.004737957704015324,0.0019,0.002837957704015324
SUI,1777888800000,1777975200000,largo,1,0.006300608301984248,0.0013,0.005000608301984248
CRV,1777888800000,1777975200000,largo,1,0.002791494011115008,0.0013,0.0014914940111150081
STX,1777888800000,1777975200000,largo,3,0.008154411259287363,0.0029,0.005254411259287363
CFX,1777888800000,1777975200000,largo,4,0.007300605115341592,0.0049,0.0024006051153415923
APT,1777888800000,1777975200000,largo,2,0.006514017944644474,0.0019,0.004614017944644474
WLD,1777888800000,1777975200000,largo,1,0.0031221781997082727,0.0013,0.0018221781997082727
SEI,1777888800000,1777975200000,largo,2,0.009199235276024785,0.0019,0.007299235276024785
DOT,1777888800000,1777975200000,largo,2,0.0034136499628147953,0.0019,0.0015136499628147953
TIA,1777888800000,1777975200000,largo,2,0.006857848573610736,0.0019,0.004957848573610736
TON,1777888800000,1777975200000,largo,2,0.029425840879439752,0.0019,0.027525840879439753
GAS,1777888800000,1777975200000,largo,4,0.005042997594153652,0.0049,0.00014299759415365224
FET,1777888800000,1777975200000,largo,2,0.003930408165750345,0.0019,0.002030408165750345
NEAR,1777888800000,1777975200000,largo,1,0.002898666293782302,0.0013,0.0015986662937823022
NEO,1777888800000,1777975200000,largo,4,0.007754608516491197,0.0049,0.002854608516491197
PYTH,1777888800000,1777975200000,largo,3,0.008525304160378933,0.0029,0.0056253041603789335
SUSHI,1777888800000,1777975200000,largo,4,0.005212003912664603,0.0049,0.00031200391266460355
IMX,1777888800000,1777975200000,largo,4,0.004616516599294948,0.0049,-0.0002834834007050518
GMT,1777888800000,1777975200000,largo,4,0.008855329520714581,0.0049,0.003955329520714581
ETC,1777888800000,1777975200000,largo,3,0.013517208720289147,0.0029,0.010617208720289147
STRK,1777888800000,1777975200000,largo,3,0.0002584313233143354,0.0029,-0.0026415686766856645
TAO,1777888800000,1777975200000,largo,1,0.006994387335645655,0.0013,0.005694387335645655
ETHFI,1777888800000,1777975200000,largo,3,0.005820022106299845,0.0029,0.002920022106299845
HBAR,1777888800000,1777975200000,largo,2,0.00388332618298227,0.0019,0.0019833261829822696
EIGEN,1777888800000,1777975200000,largo,3,0.005503591216978909,0.0029,0.0026035912169789094
RENDER,1777888800000,1777975200000,largo,2,0.004186039981449422,0.0019,0.002286039981449422
ALGO,1777888800000,1777975200000,largo,2,0.008028847499933241,0.0019,0.006128847499933241
VIRTUAL,1777888800000,1777975200000,largo,1,0.004572750677704264,0.0013,0.003272750677704264
USUAL,1777888800000,1777975200000,largo,4,-0.003386389961517816,0.0049,-0.008286389961517815
ANIME,1777888800000,1777975200000,largo,3,0.0025031302181184748,0.0029,-0.000396869781881525
BERA,1777888800000,1777975200000,largo,3,0.0038867049248055693,0.0029,0.0009867049248055695
SYRUP,1777888800000,1777975200000,largo,4,0.006131371643203615,0.0049,0.0012313716432036156
XPL,1777888800000,1777975200000,largo,1,-0.008691328409410304,0.0013,-0.009991328409410305
AVNT,1777888800000,1777975200000,largo,3,0.0014401813002580983,0.0029,-0.0014598186997419015
POL,1777903200000,1777989600000,corto,3,0.009446474172183252,0.0029,0.006546474172183252
GRIFFAIN,1777903200000,1777989600000,corto,3,0.0012146101727485723,0.0029,-0.0016853898272514275
SKY,1777903200000,1777989600000,corto,2,0.005380673246194736,0.0019,0.0034806732461947366
STBL,1777910400000,1777996800000,corto,4,-0.0001091077713093882,0.0049,-0.005009107771309388
ZRO,1777914000000,1778000400000,corto,1,-0.00916622753478536,0.0013,-0.01046622753478536
HYPER,1777914000000,1778000400000,largo,4,-0.0010699002447116402,0.0049,-0.00596990024471164
CC,1777914000000,1778000400000,corto,2,0.001420598919782077,0.0019,-0.000479401080217923
GOAT,1777928400000,1778014800000,corto,3,0.017903425385094075,0.0029,0.015003425385094075
BANANA,1777939200000,1778025600000,corto,4,0.010036422713235812,0.0049,0.005136422713235812
ACE,1777953600000,1778040000000,corto,4,0.004716989878138798,0.0049,-0.00018301012186120163
ARK,1777957200000,1778043600000,corto,4,0.016603990699385365,0.0049,0.011703990699385365
PURR,1777957200000,1778043600000,corto,3,-0.014057439773542216,0.0029,-0.016957439773542214
RUNE,1777964400000,1778050800000,corto,2,-0.0008317362067737671,0.0019,-0.002731736206773767
BCH,1777968000000,1778054400000,corto,2,-0.0005504742686429381,0.0019,-0.002450474268642938
2Z,1777968000000,1778054400000,corto,4,-0.011872710023436348,0.0049,-0.016772710023436346
WCT,1777978800000,1778065200000,corto,4,0.009235387010041805,0.0049,0.0043353870100418055
LIT,1777978800000,1778065200000,corto,1,0.01869892005839602,0.0013,0.017398920058396022
UMA,1777982400000,1778068800000,corto,4,-0.002637345909797838,0.0049,-0.007537345909797838
APE,1777986000000,1778072400000,corto,1,0.0052060855111992575,0.0013,0.0039060855111992575
JTO,1777986000000,1778072400000,largo,2,0.06553024059485969,0.0019,0.0636302405948597
ATOM,1777993200000,1778079600000,largo,2,-0.015619660717991118,0.0019,-0.017519660717991117
VIRTUAL,1777993200000,1778079600000,corto,1,-0.02238500878187992,0.0013,-0.02368500878187992
MORPHO,1777993200000,1778079600000,largo,1,-0.01426728856051044,0.0013,-0.015567288560510439
ZORA,1777993200000,1778079600000,corto,4,-0.0015971406977224258,0.0049,-0.006497140697722425
STX,1778004000000,1778090400000,corto,3,0.0007716206446164492,0.0029,-0.0021283793553835504
ZEC,1778007600000,1778094000000,corto,1,0.01882027257728232,0.0013,0.017520272577282323
INJ,1778011200000,1778097600000,corto,2,-0.004376601270534879,0.0019,-0.006276601270534879
kPEPE,1778011200000,1778097600000,corto,1,-0.0014461318499997134,0.0013,-0.0027461318499997136
SNX,1778011200000,1778097600000,corto,4,-0.00024390244023359605,0.0049,-0.005143902440233596
FIL,1778011200000,1778097600000,corto,3,-0.007745827538115489,0.0029,-0.01064582753811549
TAO,1778011200000,1778097600000,corto,1,0.004866812884889533,0.0013,0.003566812884889533
IOTA,1778011200000,1778097600000,corto,4,0.009157713706567077,0.0049,0.004257713706567077
USUAL,1778011200000,1778097600000,corto,4,0.008309411824927422,0.0049,0.0034094118249274226
ICP,1778011200000,1778097600000,corto,2,-0.0045390539057472154,0.0019,-0.006439053905747215
STRK,1778014800000,1778101200000,corto,3,-0.011392681700541852,0.0029,-0.014292681700541852
CFX,1778018400000,1778104800000,corto,4,0.008133572874966992,0.0049,0.0032335728749669918
MANTA,1778025600000,1778112000000,corto,4,0.008303725055594536,0.0049,0.0034037250555945357
YGG,1778029200000,1778115600000,corto,4,0.0019873683057081235,0.0049,-0.0029126316942918763
WIF,1778029200000,1778115600000,corto,1,0.0025837423250610874,0.0013,0.0012837423250610875
AR,1778029200000,1778115600000,corto,2,0.002185025645957294,0.0019,0.0002850256459572939
BERA,1778029200000,1778115600000,corto,2,0.006225149136782767,0.0019,0.004325149136782767
LAYER,1778029200000,1778115600000,corto,4,-0.0025836529210819417,0.0049,-0.007483652921081942
AVNT,1778029200000,1778115600000,corto,3,0.008299367365584953,0.0029,0.005399367365584953
FET,1778036400000,1778122800000,corto,2,-0.0,0.0019,-0.0019
CELO,1778036400000,1778122800000,corto,4,0.006077001046068147,0.0049,0.0011770010460681471
GRIFFAIN,1778036400000,1778122800000,largo,3,0.0002056837277142406,0.0029,-0.002694316272285759
POPCAT,1778043600000,1778130000000,corto,2,-0.010313241399702203,0.0019,-0.012213241399702203
IO,1778047200000,1778133600000,corto,3,-0.022898898450107324,0.0029,-0.025798898450107324
PURR,1778047200000,1778133600000,corto,3,-0.0034853093472563814,0.0029,-0.006385309347256381
NIL,1778047200000,1778133600000,corto,4,-0.0013617089603639978,0.0049,-0.006261708960363998
NEAR,1778050800000,1778137200000,corto,1,0.01594761969670529,0.0013,0.014647619696705291
SOL,1778054400000,1778140800000,corto,1,0.0062109235520458606,0.0013,0.004910923552045861
BNB,1778054400000,1778140800000,corto,1,0.0016736919554495694,0.0013,0.0003736919554495695
LTC,1778054400000,1778140800000,corto,1,0.0032433124213331445,0.0013,0.0019433124213331446
ARB,1778054400000,1778140800000,corto,1,0.005160696417254293,0.0013,0.003860696417254293
LINK,1778054400000,1778140800000,corto,1,0.007038442935268914,0.0013,0.005738442935268914
UNI,1778054400000,1778140800000,corto,2,0.0026362557533995577,0.0019,0.0007362557533995577
ADA,1778054400000,1778140800000,corto,1,0.002423520509107755,0.0013,0.001123520509107755
ZK,1778054400000,1778140800000,corto,3,-0.03293941223512262,0.0029,-0.03583941223512262
XPL,1778054400000,1778140800000,corto,1,0.008880273043687497,0.0013,0.007580273043687497
SKR,1778054400000,1778140800000,corto,4,0.0025721123862554175,0.0049,-0.0023278876137445823
AZTEC,1778054400000,1778140800000,corto,4,-0.001692550894669017,0.0049,-0.006592550894669017
PYTH,1778058000000,1778144400000,corto,2,0.002944614911087254,0.0019,0.0010446149110872542
CHILLGUY,1778058000000,1778144400000,corto,2,0.003302400086066178,0.0019,0.001402400086066178
SPX,1778058000000,1778144400000,corto,1,0.013854256958729645,0.0013,0.012554256958729644
CAKE,1778061600000,1778148000000,corto,4,0.0003870718066519812,0.0049,-0.004512928193348018
ETH,1778072400000,1778158800000,largo,1,-0.008008309397259016,0.0013,-0.009308309397259015
AVAX,1778072400000,1778158800000,largo,1,-0.01165162997897635,0.0013,-0.01295162997897635
DOGE,1778072400000,1778158800000,largo,1,-0.01937939848447933,0.0013,-0.02067939848447933
SUI,1778072400000,1778158800000,largo,1,-0.014690651927289357,0.0013,-0.015990651927289358
LDO,1778072400000,1778158800000,largo,2,-0.021827432477130936,0.0019,-0.023727432477130935
XRP,1778072400000,1778158800000,largo,1,-0.009593251756354762,0.0013,-0.010893251756354763
AAVE,1778072400000,1778158800000,largo,1,-0.013631087771405464,0.0013,-0.014931087771405463
TRB,1778072400000,1778158800000,largo,3,-0.010905560809415333,0.0029,-0.013805560809415333
kFLOKI,1778072400000,1778158800000,largo,3,-0.029134995666978844,0.0029,-0.032034995666978844
LINEA,1778072400000,1778158800000,largo,3,-0.023579276113421973,0.0029,-0.026479276113421973
ONDO,1778076000000,1778162400000,corto,1,0.0020730551808320315,0.0013,0.0007730551808320316
FOGO,1778090400000,1778176800000,corto,4,-0.013009635667736073,0.0049,-0.017909635667736075
OP,1778101200000,1778187600000,corto,2,-0.0020369371518727704,0.0019,-0.00393693715187277
VINE,1778112000000,1778198400000,corto,4,0.01614447793576376,0.0049,0.01124447793576376
BANANA,1778115600000,1778202000000,corto,4,0.003891602810855931,0.0049,-0.0010083971891440687
ACE,1778115600000,1778202000000,corto,4,0.005370170174593862,0.0049,0.0004701701745938617
BIO,1778122800000,1778209200000,largo,1,0.015761148111413475,0.0013,0.014461148111413476
STX,1778126400000,1778212800000,corto,2,-0.006330824698925283,0.0019,-0.008230824698925283
NOT,1778126400000,1778212800000,corto,2,0.02234729869199666,0.0019,0.02044729869199666
PUMP,1778130000000,1778216400000,corto,1,-0.011372186835853091,0.0013,-0.01267218683585309
REZ,1778137200000,1778223600000,corto,2,0.004391322011601477,0.0019,0.0024913220116014774
DYDX,1778140800000,1778227200000,corto,2,-0.013815123428060459,0.0019,-0.01571512342806046
WLFI,1778140800000,1778227200000,corto,1,-0.0020062333691623145,0.0013,-0.0033062333691623144
GMX,1778162400000,1778248800000,largo,4,0.006519470464393537,0.0049,0.001619470464393537
POL,1778166000000,1778252400000,largo,2,-0.006216182037760178,0.0019,-0.008116182037760178
JTO,1778169600000,1778256000000,corto,1,-0.02249735280610462,0.0013,-0.023797352806104618
USUAL,1778169600000,1778256000000,corto,4,-0.00188976434192285,0.0049,-0.00678976434192285
TST,1778169600000,1778256000000,corto,2,0.013284803160658299,0.0019,0.011384803160658298
MET,1778173200000,1778259600000,corto,3,-0.0063048688023592475,0.0029,-0.009204868802359246
UMA,1778176800000,1778263200000,corto,4,-0.004347179681238303,0.0049,-0.009247179681238303
AZTEC,1778187600000,1778274000000,corto,4,-0.01640882728086419,0.0049,-0.02130882728086419
NIL,1778194800000,1778281200000,largo,1,-0.04156395941213968,0.0013,-0.042863959412139684
PEOPLE,1778209200000,1778295600000,corto,4,-0.0010398013761064836,0.0049,-0.005939801376106483
INIT,1778216400000,1778302800000,largo,2,0.001227515380044409,0.0019,-0.0006724846199555911
CHIP,1778220000000,1778306400000,corto,1,0.015885898898572077,0.0013,0.014585898898572078
INJ,1778223600000,1778310000000,corto,2,0.008498267932355665,0.0019,0.0065982679323556654
COMP,1778223600000,1778310000000,corto,3,0.0010461619889677867,0.0029,-0.0018538380110322131
HMSTR,1778223600000,1778310000000,largo,2,-0.01583146521668074,0.0019,-0.017731465216680738
GOAT,1778227200000,1778313600000,corto,3,0.0009548819059283569,0.0029,-0.0019451180940716429
SUSHI,1778230800000,1778317200000,corto,4,0.014230327186783132,0.0049,0.009330327186783132
MANTA,1778230800000,1778317200000,corto,4,0.009784409347372037,0.0049,0.004884409347372037
RUNE,1778234400000,1778320800000,corto,2,0.0035962718996774222,0.0019,0.0016962718996774223
RSR,1778234400000,1778320800000,corto,4,-0.004270469123452506,0.0049,-0.009170469123452506
GALA,1778241600000,1778328000000,corto,3,0.01431663679955753,0.0029,0.01141663679955753
ACE,1778245200000,1778331600000,corto,4,0.016818425353315788,0.0049,0.011918425353315788
AVAX,1778248800000,1778335200000,corto,1,0.007189540360409312,0.0013,0.005889540360409312
LTC,1778248800000,1778335200000,corto,1,0.0051432629775579304,0.0013,0.0038432629775579305
SUI,1778248800000,1778335200000,corto,1,0.006269613013595374,0.0013,0.004969613013595374
CRV,1778248800000,1778335200000,corto,1,0.005324310738584387,0.0013,0.004024310738584387
YGG,1778248800000,1778335200000,corto,4,-0.0019335716933838486,0.0049,-0.006833571693383849
UNI,1778248800000,1778335200000,corto,2,0.005310014815445547,0.0019,0.0034100148154455473
IMX,1778248800000,1778335200000,corto,4,-0.0,0.0049,-0.0049
CELO,1778248800000,1778335200000,corto,4,0.0006611570488775799,0.0049,-0.00423884295112242
XLM,1778248800000,1778335200000,corto,2,0.002886004889135098,0.0019,0.0009860048891350982
SAND,1778248800000,1778335200000,corto,3,0.00497340260221301,0.0029,0.0020734026022130106
S,1778248800000,1778335200000,corto,2,0.005550358969764121,0.0019,0.003650358969764121
2Z,1778248800000,1778335200000,corto,3,-0.0009892013006776131,0.0029,-0.003889201300677613
WLD,1778252400000,1778338800000,corto,1,0.0019254273360551151,0.0013,0.0006254273360551152
DOT,1778252400000,1778338800000,corto,2,-0.00029788501858639144,0.0019,-0.0021978850185863912
FIL,1778252400000,1778338800000,corto,2,0.00340037648811171,0.0019,0.00150037648811171
KAITO,1778252400000,1778338800000,corto,3,-0.0002288809638250184,0.0029,-0.003128880963825018
APEX,1778252400000,1778338800000,corto,4,-0.0019418782049677307,0.0049,-0.00684187820496773
JUP,1778256000000,1778342400000,corto,1,-0.004175539049439426,0.0013,-0.005475539049439426
BIO,1778256000000,1778342400000,corto,1,-0.03108328770419793,0.0013,-0.03238328770419793
BABY,1778256000000,1778342400000,corto,3,-0.04737239909169489,0.0029,-0.05027239909169489
SOL,1778259600000,1778346000000,corto,1,-0.004730733806340313,0.0013,-0.006030733806340313
OP,1778259600000,1778346000000,corto,1,0.006354222717240636,0.0013,0.005054222717240636
LINK,1778259600000,1778346000000,corto,1,-0.0085870564799146,0.0013,-0.0098870564799146
XRP,1778259600000,1778346000000,corto,1,-0.0027489004094075997,0.0013,-0.004048900409407599
PYTH,1778259600000,1778346000000,corto,2,-0.014342413871587476,0.0019,-0.016242413871587476
IO,1778259600000,1778346000000,corto,2,-0.003831542641686403,0.0019,-0.005731542641686403
SKY,1778259600000,1778346000000,corto,2,-0.002739590021203491,0.0019,-0.004639590021203491
STBL,1778259600000,1778346000000,corto,3,-0.03242684341808647,0.0029,-0.03532684341808647
ADA,1778274000000,1778360400000,corto,1,0.00044065805648425534,0.0013,-0.0008593419435157446
SPX,1778274000000,1778360400000,corto,1,-0.0031476944724667154,0.0013,-0.004447694472466715
LAYER,1778274000000,1778360400000,largo,4,-0.024296744342607136,0.0049,-0.029196744342607134
DYM,1778284800000,1778371200000,corto,3,-0.005157718238001655,0.0029,-0.008057718238001655
SAGA,1778284800000,1778371200000,corto,4,0.012352189990951739,0.0049,0.007452189990951739
AVNT,1778284800000,1778371200000,corto,3,0.00031329302552704643,0.0029,-0.0025867069744729535
AAVE,1778288400000,1778374800000,corto,1,0.0031446566794717194,0.0013,0.0018446566794717194
PURR,1778288400000,1778374800000,corto,3,-0.0006809090398408796,0.0029,-0.0035809090398408795
GRIFFAIN,1778288400000,1778374800000,corto,3,-0.00692937555283692,0.0029,-0.00982937555283692
ICP,1778288400000,1778374800000,corto,1,-0.012818506867114023,0.0013,-0.014118506867114022
ASTER,1778299200000,1778385600000,corto,1,0.004937013295467724,0.0013,0.0036370132954677238
WLFI,1778317200000,1778403600000,largo,1,-0.006283206511686901,0.0013,-0.007583206511686901
USUAL,1778320800000,1778407200000,corto,3,0.0035863756312275773,0.0029,0.0006863756312275775
BANANA,1778335200000,1778421600000,corto,4,0.0033844956743767497,0.0049,-0.0015155043256232501
FET,1778335200000,1778421600000,largo,2,-0.001016045132073034,0.0019,-0.002916045132073034
FOGO,1778346000000,1778432400000,corto,3,-0.0075845375949046305,0.0029,-0.010484537594904631
KAS,1778364000000,1778450400000,corto,2,-0.019137338641216597,0.0019,-0.021037338641216596
LAYER,1778374800000,1778461200000,corto,3,0.007672458619824984,0.0029,0.004772458619824984
BLUR,1778378400000,1778464800000,corto,2,0.005452972651090595,0.0019,0.0035529726510905952
BSV,1778378400000,1778464800000,corto,4,0.006416504722560788,0.0049,0.0015165047225607882
W,1778378400000,1778464800000,corto,3,0.009043989293218712,0.0029,0.006143989293218712
BCH,1778385600000,1778472000000,corto,2,0.0021889345979621273,0.0019,0.0002889345979621273
UNI,1778389200000,1778475600000,corto,1,-0.009147102423482007,0.0013,-0.010447102423482006
ARK,1778389200000,1778475600000,corto,4,-0.0037265801219021877,0.0049,-0.008626580121902188
SUSHI,1778389200000,1778475600000,corto,4,-0.009613688557662568,0.0049,-0.014513688557662567
SUPER,1778389200000,1778475600000,corto,3,-0.006081818959251521,0.0029,-0.008981818959251521
ME,1778389200000,1778475600000,corto,4,-0.013596516632260395,0.0049,-0.018496516632260394
MOVE,1778389200000,1778475600000,corto,4,-0.017689929377206128,0.0049,-0.02258992937720613
ANIME,1778389200000,1778475600000,corto,3,-0.002744561613027539,0.0029,-0.005644561613027539
ZORA,1778389200000,1778475600000,corto,3,-0.003619258384313058,0.0029,-0.006519258384313058
WCT,1778392800000,1778479200000,corto,4,0.0009857918206111415,0.0049,-0.0039142081793888586
GMX,1778396400000,1778482800000,corto,4,-0.0013361105457635543,0.0049,-0.006236110545763554
AZTEC,1778396400000,1778482800000,corto,1,0.0004262029643001365,0.0013,-0.0008737970356998634
CHILLGUY,1778400000000,1778486400000,corto,4,-0.019601540152225164,0.0049,-0.024501540152225165
kLUNC,1778403600000,1778490000000,corto,2,0.0009948269821661712,0.0019,-0.0009051730178338288
REZ,1778407200000,1778493600000,corto,2,-0.008842320632014527,0.0019,-0.010742320632014527
POLYX,1778414400000,1778500800000,corto,4,0.005384119645380255,0.0049,0.0004841196453802552
GAS,1778414400000,1778500800000,corto,4,0.004736505559494129,0.0049,-0.00016349444050587063
NEO,1778414400000,1778500800000,corto,4,-0.008761161667157551,0.0049,-0.013661161667157551
AAVE,1778418000000,1778504400000,corto,1,-0.00035049244546889543,0.0013,-0.0016504924454688954
BTC,1778425200000,1778511600000,corto,1,-0.006012758224168516,0.0013,-0.007312758224168516
ETH,1778425200000,1778511600000,corto,1,-0.007357561749660847,0.0013,-0.008657561749660847
ATOM,1778425200000,1778511600000,corto,2,-0.0035499149801856743,0.0019,-0.005449914980185674
SUI,1778425200000,1778511600000,corto,1,-0.008022064255154525,0.0013,-0.009322064255154524
WLD,1778425200000,1778511600000,corto,1,-0.019973866352688795,0.0013,-0.021273866352688794
RUNE,1778425200000,1778511600000,corto,3,-0.0087658462179055,0.0029,-0.0116658462179055
ADA,1778425200000,1778511600000,corto,1,-0.00700459760966547,0.0013,-0.00830459760966547
XLM,1778425200000,1778511600000,corto,2,-0.009722628165823576,0.0019,-0.011622628165823577
S,1778425200000,1778511600000,corto,3,-0.009878212184598074,0.0029,-0.012778212184598074
XRP,1778428800000,1778515200000,corto,1,0.007301276350547616,0.0013,0.006001276350547616
TIA,1778428800000,1778515200000,corto,2,-0.005891196941658879,0.0019,-0.007791196941658879
MINA,1778428800000,1778515200000,corto,4,0.00016229095853672413,0.0049,-0.004737709041463276
IMX,1778428800000,1778515200000,corto,4,-0.0006849134905930859,0.0049,-0.005584913490593086
kBONK,1778428800000,1778515200000,corto,2,-0.002786441131485944,0.0019,-0.004686441131485944
MNT,1778428800000,1778515200000,corto,3,0.005264038203156617,0.0029,0.002364038203156617
HBAR,1778428800000,1778515200000,corto,2,0.009210183846163135,0.0019,0.007310183846163135
SAND,1778428800000,1778515200000,corto,4,0.0038040300044738817,0.0049,-0.0010959699955261182
IOTA,1778428800000,1778515200000,corto,4,-0.0022823438855938518,0.0049,-0.007182343885593852
SOL,1778432400000,1778518800000,corto,1,-0.004695662584926262,0.0013,-0.005995662584926262
kPEPE,1778432400000,1778518800000,corto,1,-0.0059687964166139276,0.0013,-0.0072687964166139275
PEOPLE,1778432400000,1778518800000,corto,4,-0.008551120989249997,0.0049,-0.013451120989249997
ENA,1778432400000,1778518800000,corto,1,-0.006895522265662223,0.0013,-0.008195522265662223
DOOD,1778432400000,1778518800000,corto,4,-0.008518189264805364,0.0049,-0.013418189264805364
APEX,1778432400000,1778518800000,corto,4,-0.002261466260289056,0.0049,-0.007161466260289056
SEI,1778436000000,1778522400000,corto,1,-0.0,0.0013,-0.0013
WIF,1778436000000,1778522400000,corto,2,-0.0041825729861854,0.0019,-0.0060825729861853995
CAKE,1778436000000,1778522400000,corto,3,0.004067371352527972,0.0029,0.0011673713525279725
BOME,1778436000000,1778522400000,corto,4,-0.0015735644474303165,0.0049,-0.006473564447430316
SAGA,1778436000000,1778522400000,corto,4,-0.09145003099800805,0.0049,-0.09635003099800805
CC,1778436000000,1778522400000,corto,2,-0.012125208066864067,0.0019,-0.014025208066864067
DYDX,1778443200000,1778529600000,largo,2,0.00667344429830045,0.0019,0.00477344429830045
AVAX,1778443200000,1778529600000,largo,1,-0.0022550134561902923,0.0013,-0.0035550134561902922
BNB,1778443200000,1778529600000,largo,1,-0.001161746975464362,0.0013,-0.002461746975464362
APE,1778443200000,1778529600000,largo,2,-0.004753959871993006,0.0019,-0.006653959871993006
OP,1778443200000,1778529600000,largo,2,-0.0015203347664282702,0.0019,-0.0034203347664282704
LTC,1778443200000,1778529600000,largo,1,-0.00295355999611241,0.0013,-0.00425355999611241
ARB,1778443200000,1778529600000,largo,1,-0.00429472269231106,0.0013,-0.00559472269231106
DOGE,1778443200000,1778529600000,largo,1,-0.0012559434682239677,0.0013,-0.0025559434682239676
CRV,1778443200000,1778529600000,largo,1,0.012490132020000435,0.0013,0.011190132020000434
LDO,1778443200000,1778529600000,largo,2,-0.004533821438756832,0.0019,-0.006433821438756831
LINK,1778443200000,1778529600000,largo,1,-0.00459727788160358,0.0013,-0.00589727788160358
STX,1778443200000,1778529600000,largo,3,0.0019733786539882702,0.0029,-0.0009266213460117296
CFX,1778443200000,1778529600000,largo,4,-0.0030681593211777784,0.0049,-0.007968159321177778
SNX,1778443200000,1778529600000,largo,3,-0.0035264520172557418,0.0029,-0.006426452017255741
COMP,1778443200000,1778529600000,largo,4,-0.002840792318610014,0.0049,-0.007740792318610014
YGG,1778443200000,1778529600000,largo,4,-0.002684565370668987,0.0049,-0.0075845653706689865
kSHIB,1778443200000,1778529600000,largo,1,-0.00302480569405331,0.0013,-0.00432480569405331
ZRO,1778443200000,1778529600000,largo,1,-0.002822913412441067,0.0013,-0.004122913412441066
DOT,1778443200000,1778529600000,largo,2,-0.0023335531627837925,0.0019,-0.004233553162783793
TRB,1778443200000,1778529600000,largo,4,-0.0037855555150353333,0.0049,-0.008685555515035333
FET,1778443200000,1778529600000,largo,2,-0.0038545486866888097,0.0019,-0.00575454868668881
NEAR,1778443200000,1778529600000,largo,1,0.0026394581905575102,0.0013,0.0013394581905575103
ORDI,1778443200000,1778529600000,largo,2,-0.003770540421887169,0.0019,-0.005670540421887169
ZEN,1778443200000,1778529600000,largo,2,-0.004359947426575077,0.0019,-0.0062599474265750766
FIL,1778443200000,1778529600000,largo,2,-0.004587568698577591,0.0019,-0.006487568698577591
GALA,1778443200000,1778529600000,largo,4,-0.0015174509740335006,0.0049,-0.0064174509740335004
ETC,1778443200000,1778529600000,largo,2,-0.003319109222945346,0.0019,-0.005219109222945346
UMA,1778443200000,1778529600000,largo,4,-0.014460277460879878,0.0049,-0.019360277460879878
ALT,1778443200000,1778529600000,largo,4,-0.010138891922591629,0.0049,-0.015038891922591629
ZETA,1778443200000,1778529600000,largo,4,-0.005204109972460998,0.0049,-0.010104109972460997
TAO,1778443200000,1778529600000,largo,1,-0.006638824481535768,0.0013,-0.007938824481535767
AR,1778443200000,1778529600000,largo,2,-0.00275862243907964,0.0019,-0.00465862243907964
kFLOKI,1778443200000,1778529600000,largo,3,-0.004315839909531473,0.0029,-0.007215839909531473
ETHFI,1778443200000,1778529600000,largo,2,-0.004980428693824483,0.0019,-0.006880428693824483
POPCAT,1778443200000,1778529600000,largo,2,0.0018536203156913652,0.0019,-0.00004637968430863475
TURBO,1778443200000,1778529600000,largo,3,-0.0067039357221903295,0.0029,-0.00960393572219033
ZK,1778443200000,1778529600000,largo,3,-0.007076567880423921,0.0029,-0.00997656788042392
RENDER,1778443200000,1778529600000,largo,2,-0.005105533648058941,0.0019,-0.007005533648058941
kNEIRO,1778443200000,1778529600000,largo,3,-0.0015783765731179418,0.0029,-0.004478376573117941
MOODENG,1778443200000,1778529600000,largo,2,-0.009650349561091627,0.0019,-0.011550349561091628
GRASS,1778443200000,1778529600000,largo,3,-0.008971587097325687,0.0029,-0.011871587097325687
PNUT,1778443200000,1778529600000,largo,3,-0.007693578580601535,0.0029,-0.010593578580601535
ALGO,1778443200000,1778529600000,largo,2,-0.0007300750679177454,0.0019,-0.002630075067917745
HYPE,1778443200000,1778529600000,largo,1,-0.004539574516782568,0.0013,-0.005839574516782568
PENGU,1778443200000,1778529600000,largo,1,-0.004552286422226377,0.0013,-0.005852286422226377
FARTCOIN,1778443200000,1778529600000,largo,1,0.0028453896999586325,0.0013,0.0015453896999586326
AIXBT,1778443200000,1778529600000,largo,2,-0.004063040676692047,0.0019,-0.005963040676692047
SPX,1778443200000,1778529600000,largo,1,-0.005575744588172673,0.0013,-0.006875744588172673
TRUMP,1778443200000,1778529600000,largo,2,-0.0043423115217878444,0.0019,-0.006242311521787844
MELANIA,1778443200000,1778529600000,largo,3,0.0000917641661574009,0.0029,-0.0028082358338425988
BERA,1778443200000,1778529600000,largo,2,-0.0010503561184047178,0.0019,-0.002950356118404718
IP,1778443200000,1778529600000,largo,3,-0.004589494278650785,0.0029,-0.007489494278650785
PAXG,1778443200000,1778529600000,largo,2,0.0001058525897823529,0.0019,-0.001794147410217647
RESOLV,1778443200000,1778529600000,largo,4,0.011996461832406824,0.0049,0.007096461832406824
SYRUP,1778443200000,1778529600000,largo,3,0.0005505525326840022,0.0029,-0.0023494474673159977
PUMP,1778443200000,1778529600000,largo,1,-0.009474253719682097,0.0013,-0.010774253719682096
XPL,1778443200000,1778529600000,largo,1,-0.002603038346162205,0.0013,-0.003903038346162205
LINEA,1778443200000,1778529600000,largo,3,-0.002495633938147352,0.0029,-0.005395633938147352
SKY,1778443200000,1778529600000,largo,2,-0.004231624809711668,0.0019,-0.006131624809711668
0G,1778443200000,1778529600000,largo,4,-0.0009473186330255186,0.0049,-0.005847318633025518
ZEC,1778443200000,1778529600000,largo,1,0.00035828810329335386,0.0013,-0.000941711896706646
MON,1778443200000,1778529600000,largo,1,-0.0037042523614745928,0.0013,-0.005004252361474592
MET,1778443200000,1778529600000,largo,3,0.008245945100099359,0.0029,0.005345945100099359
ICP,1778443200000,1778529600000,largo,1,-0.0007993250569909607,0.0013,-0.0020993250569909605
LIT,1778443200000,1778529600000,largo,1,-0.005142397205198935,0.0013,-0.006442397205198935
AXS,1778443200000,1778529600000,largo,3,-0.0030721990369701403,0.0029,-0.00597219903697014
DASH,1778443200000,1778529600000,largo,2,-0.004102219238765222,0.0019,-0.006002219238765222
SKR,1778443200000,1778529600000,largo,4,-0.0036896019004197802,0.0049,-0.00858960190041978
MORPHO,1778450400000,1778536800000,corto,2,0.0009872829367327037,0.0019,-0.0009127170632672963
STABLE,1778450400000,1778536800000,corto,3,-0.003192037266300506,0.0029,-0.006092037266300506
VVV,1778479200000,1778565600000,corto,1,0.017436453824629366,0.0013,0.016136453824629367
JTO,1778482800000,1778569200000,largo,1,0.01601567324368714,0.0013,0.014715673243687142
MOVE,1778482800000,1778569200000,corto,3,-0.00009958175670438259,0.0029,-0.0029995817567043826
BABY,1778497200000,1778583600000,largo,3,-0.010760023113987018,0.0029,-0.013660023113987018
REZ,1778500800000,1778587200000,corto,2,-0.004968591253278612,0.0019,-0.006868591253278612
RUNE,1778522400000,1778608800000,corto,2,0.011981954892989978,0.0019,0.010081954892989978
PENDLE,1778526000000,1778612400000,corto,1,-0.008551919442711596,0.0013,-0.009851919442711597
STX,1778547600000,1778634000000,largo,3,0.016285713928223776,0.0029,0.013385713928223776
BCH,1778547600000,1778634000000,largo,1,0.00125061125705674,0.0013,-0.0000493887429432599
SEI,1778547600000,1778634000000,largo,1,0.006448689813243476,0.0013,0.005148689813243476
FET,1778547600000,1778634000000,largo,2,0.011025860586894195,0.0019,0.009125860586894194
IMX,1778547600000,1778634000000,largo,4,0.018402973019909466,0.0049,0.013502973019909466
SUPER,1778547600000,1778634000000,largo,4,0.004980662378543646,0.0049,0.00008066237854364652
GALA,1778547600000,1778634000000,largo,3,0.006588507164094474,0.0029,0.003688507164094474
ETC,1778547600000,1778634000000,largo,3,0.004166385570327514,0.0029,0.0012663855703275145
W,1778547600000,1778634000000,largo,2,-0.0006327111884595098,0.0019,-0.0025327111884595097
NOT,1778547600000,1778634000000,largo,3,-0.003565066164496257,0.0029,-0.006465066164496257
CELO,1778547600000,1778634000000,largo,4,0.007159563656655787,0.0049,0.002259563656655787
MOODENG,1778547600000,1778634000000,largo,3,0.013303446807909588,0.0029,0.010403446807909588
ANIME,1778547600000,1778634000000,largo,3,0.005455110002217096,0.0029,0.0025551100022170965
ZORA,1778547600000,1778634000000,largo,4,0.01133738603684593,0.0049,0.006437386036845931
NXPC,1778547600000,1778634000000,largo,4,0.008712706932818132,0.0049,0.0038127069328181325
LINEA,1778547600000,1778634000000,largo,3,0.0063865333949530275,0.0029,0.0034865333949530277
AVNT,1778547600000,1778634000000,largo,3,0.013830416380877055,0.0029,0.010930416380877056
0G,1778547600000,1778634000000,largo,4,0.0011413083484398756,0.0049,-0.003758691651560124
AXS,1778547600000,1778634000000,largo,4,0.011158438334156336,0.0049,0.006258438334156336
POLYX,1778551200000,1778637600000,corto,4,-0.0076167421853868475,0.0049,-0.012516742185386847
S,1778551200000,1778637600000,largo,2,0.0036395696178494023,0.0019,0.0017395696178494023
HYPER,1778551200000,1778637600000,corto,4,0.002900917635831657,0.0049,-0.0019990823641683427
STABLE,1778554800000,1778641200000,corto,3,-0.028080507332609642,0.0029,-0.030980507332609642
FOGO,1778590800000,1778677200000,largo,3,-0.005042480025698519,0.0029,-0.007942480025698518
GRIFFAIN,1778594400000,1778680800000,largo,3,0.016593022952981665,0.0029,0.013693022952981665
APE,1778598000000,1778684400000,largo,1,-0.03157167111271551,0.0013,-0.032871671112715516
MORPHO,1778598000000,1778684400000,largo,2,-0.016955440649413324,0.0019,-0.018855440649413323
VINE,1778601600000,1778688000000,corto,4,-0.009420439832347029,0.0049,-0.014320439832347029
INIT,1778605200000,1778691600000,corto,3,0.004024273920373871,0.0029,0.0011242739203738712
SAGA,1778619600000,1778706000000,largo,1,0.005513452974109133,0.0013,0.004213452974109133
TRUMP,1778619600000,1778706000000,corto,1,0.009258145713765651,0.0013,0.00795814571376565
MELANIA,1778619600000,1778706000000,corto,3,0.007432144739276766,0.0029,0.004532144739276766
AERO,1778619600000,1778706000000,corto,1,0.01232518090723281,0.0013,0.011025180907232809
GOAT,1778630400000,1778716800000,corto,2,-0.004854259452379993,0.0019,-0.006754259452379993
SKR,1778630400000,1778716800000,corto,4,0.0021856567229645595,0.0049,-0.0027143432770354403
AZTEC,1778630400000,1778716800000,corto,1,-0.024284393405113198,0.0013,-0.025584393405113197
BNB,1778634000000,1778720400000,corto,1,-0.0008294699274324933,0.0013,-0.0021294699274324934
CFX,1778637600000,1778724000000,corto,4,-0.00424795878756756,0.0049,-0.009147958787567561
ZEC,1778644800000,1778731200000,largo,1,0.01047768334175664,0.0013,0.00917768334175664
SUPER,1778662800000,1778749200000,corto,4,0.001765083898570954,0.0049,-0.003134916101429046
PURR,1778666400000,1778752800000,largo,3,-0.0050168691219427825,0.0029,-0.007916869121942782
POLYX,1778673600000,1778760000000,largo,4,0.012604430077913408,0.0049,0.007704430077913408
SOPH,1778673600000,1778760000000,largo,3,0.011746727989260916,0.0029,0.008846727989260917
SYRUP,1778673600000,1778760000000,largo,3,0.01455906481050402,0.0029,0.01165906481050402
LINEA,1778673600000,1778760000000,largo,2,0.008754532634247419,0.0019,0.006854532634247419
APEX,1778673600000,1778760000000,largo,4,0.000943205621364347,0.0049,-0.003956794378635653
REZ,1778677200000,1778763600000,largo,2,-0.009245566932222013,0.0019,-0.011145566932222014
SNX,1778684400000,1778770800000,largo,4,0.002883859827450845,0.0049,-0.0020161401725491547
KAS,1778684400000,1778770800000,largo,2,-0.0003415345442843421,0.0019,-0.0022415345442843423
IMX,1778684400000,1778770800000,largo,3,-0.01082391806101028,0.0029,-0.01372391806101028
RENDER,1778684400000,1778770800000,largo,2,0.012418647039364638,0.0019,0.010518647039364637
PNUT,1778684400000,1778770800000,largo,3,0.023333587382293363,0.0029,0.020433587382293363
VIRTUAL,1778684400000,1778770800000,largo,1,0.0027999211107835554,0.0013,0.0014999211107835555
VVV,1778691600000,1778778000000,corto,1,0.0016491448800492396,0.0013,0.00034914488004923966
XMR,1778698800000,1778785200000,largo,1,-0.004468249218429538,0.0013,-0.005768249218429538
MNT,1778702400000,1778788800000,corto,2,0.003409061656645356,0.0019,0.0015090616566453558
BSV,1778731200000,1778817600000,corto,2,0.009317490990174034,0.0019,0.0074174909901740345
TON,1778731200000,1778817600000,corto,1,0.007637268625499075,0.0013,0.006337268625499075
CC,1778752800000,1778839200000,corto,2,-0.003650655293493792,0.0019,-0.005550655293493792
MANTA,1778760000000,1778846400000,corto,2,0.01346535781726783,0.0019,0.01156535781726783
HYPE,1778760000000,1778846400000,corto,1,0.049235675757091646,0.0013,0.04793567575709164
BTC,1778767200000,1778853600000,corto,1,-0.005220422139599109,0.0013,-0.006520422139599109
AVAX,1778767200000,1778853600000,corto,1,-0.0032965321205048258,0.0013,-0.004596532120504825
FET,1778767200000,1778853600000,corto,1,-0.00529586231176841,0.0013,-0.00659586231176841
JUP,1778767200000,1778853600000,corto,1,-0.013165328867081806,0.0013,-0.014465328867081805
ONDO,1778767200000,1778853600000,corto,1,-0.007428075008509708,0.0013,-0.008728075008509709
ENA,1778767200000,1778853600000,corto,1,-0.0006294681202404402,0.0013,-0.0019294681202404402
IO,1778767200000,1778853600000,corto,3,-0.013545227634626076,0.0029,-0.016445227634626074
XLM,1778767200000,1778853600000,corto,2,-0.000129567245581791,0.0019,-0.002029567245581791
ZEC,1778767200000,1778853600000,corto,1,0.01165387644591804,0.0013,0.01035387644591804
XRP,1778781600000,1778868000000,corto,1,0.004088284805980063,0.0013,0.0027882848059800633
ADA,1778781600000,1778868000000,corto,1,0.0003433083514864475,0.0013,-0.0009566916485135525
STABLE,1778792400000,1778878800000,largo,1,0.0061569656046034866,0.0013,0.004856965604603487
POLYX,1778803200000,1778889600000,corto,4,-0.07967104319889765,0.0049,-0.08457104319889765
UMA,1778821200000,1778907600000,largo,4,-0.00038069456066568667,0.0049,-0.0052806945606656865
LAYER,1778821200000,1778907600000,largo,2,0.0006214942395817271,0.0019,-0.001278505760418273
PAXG,1778821200000,1778907600000,largo,1,0.000528343435515553,0.0013,-0.0007716565644844469
INIT,1778821200000,1778907600000,largo,4,-0.006607878534751496,0.0049,-0.011507878534751496
SOPH,1778821200000,1778907600000,largo,4,-0.0058588079348252525,0.0049,-0.010758807934825252
SKR,1778821200000,1778907600000,largo,4,-0.004096367768534486,0.0049,-0.008996367768534486
kLUNC,1778824800000,1778911200000,corto,2,0.018408876835108928,0.0019,0.01650887683510893
RUNE,1778832000000,1778918400000,largo,3,-0.016695550226767667,0.0029,-0.019595550226767667
ATOM,1778850000000,1778936400000,largo,2,0.0031138591781731512,0.0019,0.0012138591781731512
DYDX,1778850000000,1778936400000,largo,2,-0.004880991545884484,0.0019,-0.0067809915458844836
APE,1778850000000,1778936400000,largo,2,0.008936863508613477,0.0019,0.007036863508613478
OP,1778850000000,1778936400000,largo,2,0.0023358334849088573,0.0019,0.00043583348490885726
LTC,1778850000000,1778936400000,largo,1,-0.00017850130353339473,0.0013,-0.0014785013035333947
kPEPE,1778850000000,1778936400000,largo,1,0.0010712373814988586,0.0013,-0.00022876261850114134
SNX,1778850000000,1778936400000,largo,3,0.0005836576041175853,0.0029,-0.0023163423958824144
APT,1778850000000,1778936400000,largo,2,0.00031597240770536706,0.0019,-0.001584027592294633
YGG,1778850000000,1778936400000,largo,3,0.0004511138608258922,0.0029,-0.0024488861391741075
kSHIB,1778850000000,1778936400000,largo,1,-0.003064353776880114,0.0013,-0.004364353776880114
UNI,1778850000000,1778936400000,largo,1,0.003927926262402128,0.0013,0.002627926262402128
SEI,1778850000000,1778936400000,largo,2,0.0005020202371004079,0.0019,-0.0013979797628995922
ZRO,1778850000000,1778936400000,largo,1,0.0027353383472876374,0.0013,0.0014353383472876374
BANANA,1778850000000,1778936400000,largo,4,0.0008486713499349204,0.0049,-0.00405132865006508
TRB,1778850000000,1778936400000,largo,4,0.0009763662723198595,0.0049,-0.00392363372768014
ARK,1778850000000,1778936400000,largo,4,0.002767918007616829,0.0049,-0.002132081992383171
BIGTIME,1778850000000,1778936400000,largo,4,0.005890798757564248,0.0049,0.0009907987575642485
BLUR,1778850000000,1778936400000,largo,3,0.001409985492839564,0.0029,-0.0014900145071604358
TIA,1778850000000,1778936400000,largo,1,0.005395583702755408,0.0013,0.004095583702755408
BSV,1778850000000,1778936400000,largo,3,0.002118712872434135,0.0029,-0.0007812871275658649
TON,1778850000000,1778936400000,largo,1,0.009575925372842532,0.0013,0.008275925372842531
MINA,1778850000000,1778936400000,largo,3,0.0033989193392725417,0.0029,0.0004989193392725419
GAS,1778850000000,1778936400000,largo,4,-0.0005743642265177852,0.0049,-0.005474364226517785
ORDI,1778850000000,1778936400000,largo,2,-0.0011777177194498918,0.0019,-0.003077717719449892
NEO,1778850000000,1778936400000,largo,4,0.00024146673913009211,0.0049,-0.0046585332608699076
ZEN,1778850000000,1778936400000,largo,3,0.0028893403516050097,0.0029,-0.000010659648394990145
FIL,1778850000000,1778936400000,largo,2,0.00019585710740430032,0.0019,-0.0017041428925956997
SUSHI,1778850000000,1778936400000,largo,4,-0.0014295928095944335,0.0049,-0.006329592809594433
IMX,1778850000000,1778936400000,largo,2,0.0047559944806868145,0.0019,0.0028559944806868147
kBONK,1778850000000,1778936400000,largo,1,0.0012841093257290053,0.0013,-0.000015890674270994682
GMT,1778850000000,1778936400000,largo,4,0.0019800204470837687,0.0049,-0.002919979552916231
SUPER,1778850000000,1778936400000,largo,4,0.0035659742321780216,0.0049,-0.0013340257678219783
GALA,1778850000000,1778936400000,largo,4,-0.0029717703891574817,0.0049,-0.00787177038915748
JTO,1778850000000,1778936400000,largo,1,-0.005127309676884346,0.0013,-0.006427309676884346
ACE,1778850000000,1778936400000,largo,4,0.0,0.0049,-0.0049
CAKE,1778850000000,1778936400000,largo,2,0.00006806656913094762,0.0019,-0.0018319334308690525
PEOPLE,1778850000000,1778936400000,largo,4,-0.0002805836157578228,0.0049,-0.005180583615757822
ENS,1778850000000,1778936400000,largo,3,-0.0012070007500352277,0.0029,-0.004107000750035228
ETC,1778850000000,1778936400000,largo,2,-0.0011821596616563193,0.0019,-0.0030821596616563193
XAI,1778850000000,1778936400000,largo,4,-0.0018674141747954732,0.0049,-0.006767414174795473
ALT,1778850000000,1778936400000,largo,4,0.0008899436956392821,0.0049,-0.004010056304360718
DYM,1778850000000,1778936400000,largo,3,-0.0004538234704619571,0.0029,-0.003353823470461957
W,1778850000000,1778936400000,largo,3,-0.007034026657380048,0.0029,-0.009934026657380048
STRK,1778850000000,1778936400000,largo,2,0.0026100382594868225,0.0019,0.0007100382594868225
TAO,1778850000000,1778936400000,largo,1,-0.007753828466387625,0.0013,-0.009053828466387625
AR,1778850000000,1778936400000,largo,2,0.001459751159784146,0.0019,-0.000440248840215854
kFLOKI,1778850000000,1778936400000,largo,4,0.001934819412563389,0.0049,-0.002965180587436611
BOME,1778850000000,1778936400000,largo,4,0.0017683470567419492,0.0049,-0.0031316529432580506
ETHFI,1778850000000,1778936400000,largo,2,-0.0038303881071918683,0.0019,-0.0057303881071918686
MERL,1778850000000,1778936400000,largo,3,-0.0036513799018500835,0.0029,-0.006551379901850084
POPCAT,1778850000000,1778936400000,largo,2,0.004402926213520153,0.0019,0.002502926213520153
REZ,1778850000000,1778936400000,largo,2,-0.0005815644246494273,0.0019,-0.002481564424649427
NOT,1778850000000,1778936400000,largo,3,0.0019821612039912025,0.0029,-0.0009178387960087973
TURBO,1778850000000,1778936400000,largo,4,0.005145808953403953,0.0049,0.00024580895340395315
ZK,1778850000000,1778936400000,largo,3,0.001265822953830027,0.0029,-0.001634177046169973
RENDER,1778850000000,1778936400000,largo,2,0.0007128170281261245,0.0019,-0.0011871829718738754
POL,1778850000000,1778936400000,largo,2,-0.00043556683009639947,0.0019,-0.0023355668300963995
CELO,1778850000000,1778936400000,largo,4,0.005125061243967058,0.0049,0.00022506124396705785
kNEIRO,1778850000000,1778936400000,largo,3,-0.002263212463153024,0.0029,-0.005163212463153023
MOODENG,1778850000000,1778936400000,largo,3,0.0025248463860463566,0.0029,-0.00037515361395364316
GRASS,1778850000000,1778936400000,largo,3,-0.0026614340870133894,0.0029,-0.005561434087013389
CHILLGUY,1778850000000,1778936400000,largo,3,0.015235844334850406,0.0029,0.012335844334850406
SAND,1778850000000,1778936400000,largo,4,-0.00031762910854444675,0.0049,-0.0052176291085444465
IOTA,1778850000000,1778936400000,largo,4,-0.0013402312564465043,0.0049,-0.006240231256446504
ALGO,1778850000000,1778936400000,largo,2,-0.0005421523580884493,0.0019,-0.002442152358088449
ME,1778850000000,1778936400000,largo,4,-0.002403731747256874,0.0049,-0.0073037317472568735
VIRTUAL,1778850000000,1778936400000,largo,1,-0.0006242327342260282,0.0013,-0.0019242327342260282
USUAL,1778850000000,1778936400000,largo,4,0.0028735651957317787,0.0049,-0.002026434804268221
FARTCOIN,1778850000000,1778936400000,largo,1,-0.003995957469536149,0.0013,-0.005295957469536149
S,1778850000000,1778936400000,largo,2,-0.002198817922337839,0.0019,-0.004098817922337839
TRUMP,1778850000000,1778936400000,largo,1,-0.00009287638160293214,0.0013,-0.0013928763816029321
MELANIA,1778850000000,1778936400000,largo,4,-0.004520246036531341,0.0049,-0.00942024603653134
ANIME,1778850000000,1778936400000,largo,3,0.0015821000022843861,0.0029,-0.0013178999977156137
BERA,1778850000000,1778936400000,largo,2,0.006712167082936891,0.0019,0.004812167082936891
IP,1778850000000,1778936400000,largo,2,-0.0017070399202954415,0.0019,-0.0036070399202954417
ZORA,1778850000000,1778936400000,largo,2,-0.003281744929445216,0.0019,-0.005181744929445216
DOOD,1778850000000,1778936400000,largo,4,0.015896288487494813,0.0049,0.010996288487494814
PROVE,1778850000000,1778936400000,largo,4,-0.0038642521203816446,0.0049,-0.008764252120381644
AVNT,1778850000000,1778936400000,largo,3,0.004228952711593509,0.0029,0.0013289527115935094
0G,1778850000000,1778936400000,largo,4,0.0012678481488222712,0.0049,-0.0036321518511777287
2Z,1778850000000,1778936400000,largo,2,0.005316215865383854,0.0019,0.003416215865383854
MET,1778850000000,1778936400000,largo,3,-0.003458685757732601,0.0029,-0.006358685757732601
MEGA,1778850000000,1778936400000,largo,1,0.008501368688779543,0.0013,0.007201368688779543
FOGO,1778850000000,1778936400000,largo,3,-0.0029311208088587007,0.0029,-0.005831120808858701
LIT,1778850000000,1778936400000,largo,1,0.0124911823205237,0.0013,0.011191182320523699
AXS,1778850000000,1778936400000,largo,3,0.0016330744099567176,0.0029,-0.0012669255900432822
DASH,1778850000000,1778936400000,largo,2,-0.0011240623816308735,0.0019,-0.0030240623816308737
KAITO,1778853600000,1778940000000,largo,3,-0.00412013034773951,0.0029,-0.00702013034773951
SKY,1778853600000,1778940000000,largo,3,0.004160833545238098,0.0029,0.001260833545238098
HYPER,1778914800000,1779001200000,largo,4,0.01820383389117165,0.0049,0.01330383389117165
STBL,1778914800000,1779001200000,largo,3,0.0038460392931614863,0.0029,0.0009460392931614865
VINE,1778922000000,1779008400000,largo,4,0.007411824282829279,0.0049,0.0025118242828292793
ZEC,1778929200000,1779015600000,corto,1,0.018853175760684193,0.0013,0.017553175760684193
RUNE,1778932800000,1779019200000,corto,1,0.03661645990496868,0.0013,0.03531645990496868
STABLE,1778932800000,1779019200000,corto,1,-0.005310446918621917,0.0013,-0.006610446918621917
DYM,1778940000000,1779026400000,corto,4,-0.007200751185582368,0.0049,-0.012100751185582369
PENDLE,1778986800000,1779073200000,corto,1,-0.00016471298799138894,0.0013,-0.001464712987991389
VVV,1778986800000,1779073200000,corto,1,-0.0029074941589805063,0.0013,-0.004207494158980507
CAKE,1779008400000,1779094800000,largo,3,-0.0009857767310038057,0.0029,-0.0038857767310038057
APT,1779022800000,1779109200000,largo,2,-0.006422629656467247,0.0019,-0.008322629656467247
MANTA,1779026400000,1779112800000,corto,4,0.014403810632390218,0.0049,0.009503810632390218
USUAL,1779026400000,1779112800000,corto,4,0.00876557840413902,0.0049,0.0038655784041390206
REZ,1779030000000,1779116400000,corto,2,-0.00789737569495094,0.0019,-0.009797375694950941
HYPE,1779040800000,1779127200000,corto,1,0.013468142586741238,0.0013,0.012168142586741239
KAS,1779051600000,1779138000000,corto,3,-0.010401325651244306,0.0029,-0.013301325651244306
ZEN,1779055200000,1779141600000,largo,4,-0.005247709986614473,0.0049,-0.010147709986614472
PAXG,1779055200000,1779141600000,corto,2,-0.0017085409277425379,0.0019,-0.0036085409277425377
ETH,1779058800000,1779145200000,largo,1,-0.002672858030752215,0.0013,-0.003972858030752215
DYDX,1779058800000,1779145200000,largo,3,0.02913207687494928,0.0029,0.02623207687494928
OP,1779058800000,1779145200000,largo,3,0.0010844307801694264,0.0029,-0.0018155692198305734
LTC,1779058800000,1779145200000,largo,2,-0.002370823455034938,0.0019,-0.004270823455034938
LDO,1779058800000,1779145200000,largo,2,-0.003486381353505908,0.0019,-0.005386381353505908
GMX,1779058800000,1779145200000,largo,4,-0.0019501078739076628,0.0049,-0.006850107873907663
BCH,1779058800000,1779145200000,largo,2,-0.009390234313479963,0.0019,-0.011290234313479964
WLD,1779058800000,1779145200000,largo,2,0.00435405303147367,0.0019,0.0024540530314736703
YGG,1779058800000,1779145200000,largo,4,0.00303441034781955,0.0049,-0.0018655896521804498
TRB,1779058800000,1779145200000,largo,3,0.0016262054925428458,0.0029,-0.001273794507457154
BIGTIME,1779058800000,1779145200000,largo,4,-0.0012985960756813557,0.0049,-0.006198596075681356
BLUR,1779058800000,1779145200000,largo,3,-0.002402136386395182,0.0029,-0.005302136386395182
GAS,1779058800000,1779145200000,largo,4,-0.00012884107471274715,0.0049,-0.005028841074712747
MEME,1779058800000,1779145200000,largo,3,-0.0057859370670438875,0.0029,-0.008685937067043887
ORDI,1779058800000,1779145200000,largo,2,-0.0005235477618934491,0.0019,-0.0024235477618934492
NEO,1779058800000,1779145200000,largo,4,0.0019756344917899334,0.0049,-0.0029243655082100664
FIL,1779058800000,1779145200000,largo,2,0.0018990979777711036,0.0019,-9.020222288963486e-7
SUSHI,1779058800000,1779145200000,largo,4,0.0026993126043550683,0.0049,-0.0022006873956449315
SUPER,1779058800000,1779145200000,largo,4,-0.00035584023149255083,0.0049,-0.00525584023149255
ACE,1779058800000,1779145200000,largo,4,-0.010008423826839221,0.0049,-0.01490842382683922
PEOPLE,1779058800000,1779145200000,largo,4,-0.005063301956546762,0.0049,-0.009963301956546763
ENS,1779058800000,1779145200000,largo,4,-0.0005555335248622143,0.0049,-0.005455533524862214
UMA,1779058800000,1779145200000,largo,4,0.00017624639291302334,0.0049,-0.004723753607086977
ALT,1779058800000,1779145200000,largo,4,-0.0020817851384586044,0.0049,-0.006981785138458605
ZETA,1779058800000,1779145200000,largo,4,-0.0007883327172164291,0.0049,-0.005688332717216429
STRK,1779058800000,1779145200000,largo,2,0.002703700799024287,0.0019,0.0008037007990242871
kFLOKI,1779058800000,1779145200000,largo,4,-0.001418884598970103,0.0049,-0.006318884598970103
ETHFI,1779058800000,1779145200000,largo,2,-0.0047204924825440565,0.0019,-0.006620492482544056
MERL,1779058800000,1779145200000,largo,4,-0.004999407037480495,0.0049,-0.009899407037480495
POPCAT,1779058800000,1779145200000,largo,3,-0.0018373512321409173,0.0029,-0.004737351232140917
NOT,1779058800000,1779145200000,largo,3,-0.007984074348220531,0.0029,-0.010884074348220531
TURBO,1779058800000,1779145200000,largo,4,-0.004395611473038109,0.0049,-0.00929561147303811
IO,1779058800000,1779145200000,largo,4,0.0008688097853194475,0.0049,-0.0040311902146805524
CELO,1779058800000,1779145200000,largo,4,-0.0026233220889202912,0.0049,-0.007523322088920291
kNEIRO,1779058800000,1779145200000,largo,3,-0.005909589590707517,0.0029,-0.008809589590707517
GOAT,1779058800000,1779145200000,largo,3,-0.0065488118789055515,0.0029,-0.00944881187890555
MOODENG,1779058800000,1779145200000,largo,3,0.0032713376023519912,0.0029,0.00037133760235199143
PURR,1779058800000,1779145200000,largo,2,0.017539149709132538,0.0019,0.01563914970913254
SAND,1779058800000,1779145200000,largo,4,0.00002757935960914359,0.0049,-0.004872420640390856
MOVE,1779058800000,1779145200000,largo,4,0.00012170632279382912,0.0049,-0.004778293677206171
VIRTUAL,1779058800000,1779145200000,largo,2,-0.0018233560318658794,0.0019,-0.0037233560318658794
FARTCOIN,1779058800000,1779145200000,largo,1,-0.0029381147768745884,0.0013,-0.004238114776874588
BIO,1779058800000,1779145200000,largo,2,0.03452629000375755,0.0019,0.03262629000375755
GRIFFAIN,1779058800000,1779145200000,largo,3,-0.004655751985801275,0.0029,-0.007555751985801275
S,1779058800000,1779145200000,largo,3,-0.0017087103397494788,0.0029,-0.004608710339749479
TRUMP,1779058800000,1779145200000,largo,2,0.0021248861039996516,0.0019,0.00022488610399965165
MELANIA,1779058800000,1779145200000,largo,4,-0.001876955712663607,0.0049,-0.006776955712663606
ANIME,1779058800000,1779145200000,largo,4,-0.0009191177117630576,0.0049,-0.005819117711763058
BERA,1779058800000,1779145200000,largo,3,0.0019669252439856485,0.0029,-0.0009330747560143513
LAYER,1779058800000,1779145200000,largo,2,0.004199837957200437,0.0019,0.002299837957200437
IP,1779058800000,1779145200000,largo,4,-0.005675221928241995,0.0049,-0.010575221928241995
WCT,1779058800000,1779145200000,largo,4,-0.0030479629154534452,0.0049,-0.007947962915453445
ZORA,1779058800000,1779145200000,largo,4,0.0020372263736333383,0.0049,-0.0028627736263666615
SOPH,1779058800000,1779145200000,largo,4,-0.00012885767687425523,0.0049,-0.005028857676874255
PUMP,1779058800000,1779145200000,largo,1,-0.004075697053814357,0.0013,-0.005375697053814357
XPL,1779058800000,1779145200000,largo,1,-0.0032390620757109475,0.0013,-0.004539062075710948
SKY,1779058800000,1779145200000,largo,3,-0.0004165260353082184,0.0029,-0.0033165260353082184
ASTER,1779058800000,1779145200000,largo,2,-0.000945626548006955,0.0019,-0.002845626548006955
AVNT,1779058800000,1779145200000,largo,3,0.0005809731463339192,0.0029,-0.0023190268536660806
FOGO,1779058800000,1779145200000,largo,3,-0.000594247699921241,0.0029,-0.0034942476999212406
LIT,1779058800000,1779145200000,largo,2,0.023532994112674357,0.0019,0.02163299411267436
SKR,1779058800000,1779145200000,largo,4,-0.0005570254983186139,0.0049,-0.005457025498318614
AZTEC,1779058800000,1779145200000,largo,2,-0.002766936890543757,0.0019,-0.004666936890543757
BABY,1779062400000,1779148800000,largo,3,-0.0038943386661484,0.0029,-0.0067943386661484
VINE,1779066000000,1779152400000,corto,4,0.0020753295723079956,0.0049,-0.0028246704276920043
MORPHO,1779069600000,1779156000000,corto,2,0.00011702750159637671,0.0019,-0.0017829724984036233
STABLE,1779069600000,1779156000000,corto,2,0.01451396217162285,0.0019,0.012613962171622849
DASH,1779076800000,1779163200000,corto,2,-0.004241244239845087,0.0019,-0.006141244239845087
HYPER,1779091200000,1779177600000,corto,3,0.006590553354560308,0.0029,0.0036905533545603083
kLUNC,1779102000000,1779188400000,corto,2,0.007185289544262239,0.0019,0.005285289544262239
ZRO,1779130800000,1779217200000,corto,1,-0.006290741931689802,0.0013,-0.007590741931689802
JUP,1779130800000,1779217200000,corto,1,0.00010222335812631288,0.0013,-0.001197776641873687
ETC,1779130800000,1779217200000,corto,2,0.010580474808115798,0.0019,0.008680474808115797
AR,1779130800000,1779217200000,corto,3,0.0008434074157530481,0.0029,-0.0020565925842469515
SPX,1779130800000,1779217200000,corto,1,0.0036214765044468365,0.0013,0.0023214765044468366
WLFI,1779130800000,1779217200000,corto,1,0.0009507368926505833,0.0013,-0.0003492631073494166
ONDO,1779138000000,1779224400000,corto,1,-0.0009328614828560128,0.0013,-0.0022328614828560126
AERO,1779138000000,1779224400000,corto,2,0.005567082838292823,0.0019,0.0036670828382928235
SKR,1779148800000,1779235200000,corto,4,0.010189470120765457,0.0049,0.005289470120765458
GOAT,1779163200000,1779249600000,largo,3,0.000593199790900435,0.0029,-0.002306800209099565
PYTH,1779199200000,1779285600000,largo,2,0.01640812674676211,0.0019,0.014508126746762108
ALGO,1779199200000,1779285600000,largo,2,0.01175715698604374,0.0019,0.009857156986043739
HEMI,1779220800000,1779307200000,largo,4,0.0005437738035023187,0.0049,-0.004356226196497681
FOGO,1779231600000,1779318000000,corto,3,0.00315417874422826,0.0029,0.00025417874422826005
LTC,1779235200000,1779321600000,largo,1,0.003775684663121568,0.0013,0.002475684663121568
GRIFFAIN,1779253200000,1779339600000,corto,4,0.012036083595440696,0.0049,0.007136083595440696
ASTER,1779253200000,1779339600000,corto,2,0.0042333801467339715,0.0019,0.0023333801467339717
UNI,1779256800000,1779343200000,corto,1,0.0041145548502154825,0.0013,0.0028145548502154826
SAGA,1779256800000,1779343200000,corto,3,-0.004819286435948922,0.0029,-0.007719286435948922
DASH,1779260400000,1779346800000,corto,2,-0.0049470723829904495,0.0019,-0.006847072382990449
TRB,1779264000000,1779350400000,corto,4,0.0025863052761197916,0.0049,-0.002313694723880208
ZORA,1779264000000,1779350400000,corto,2,-0.005253492513427239,0.0019,-0.007153492513427239
ALT,1779271200000,1779357600000,largo,4,-0.008851989131820193,0.0049,-0.013751989131820193
OP,1779285600000,1779372000000,corto,3,0.005030386338082721,0.0029,0.0021303863380827213
WLD,1779285600000,1779372000000,corto,1,0.02221032700692128,0.0013,0.020910327006921282
TAO,1779285600000,1779372000000,corto,1,0.015110375280257106,0.0013,0.013810375280257105
EIGEN,1779285600000,1779372000000,corto,2,0.008921602077885208,0.0019,0.007021602077885208
PAXG,1779285600000,1779372000000,corto,1,0.0010204308878094983,0.0013,-0.0002795691121905016
AVNT,1779285600000,1779372000000,corto,3,-0.014078313730608798,0.0029,-0.016978313730608798
ICP,1779285600000,1779372000000,corto,2,0.006889655409604755,0.0019,0.0049896554096047555
AZTEC,1779285600000,1779372000000,corto,2,-0.018109530365409444,0.0019,-0.020009530365409443
STABLE,1779289200000,1779375600000,corto,2,0.0014790971505009418,0.0019,-0.00042090284949905825
2Z,1779296400000,1779382800000,corto,3,-0.03409719244428423,0.0029,-0.03699719244428423
XMR,1779300000000,1779386400000,largo,1,0.0019812775811019778,0.0013,0.0006812775811019778
ZEN,1779303600000,1779390000000,corto,3,-0.0054419462132893484,0.0029,-0.008341946213289347
W,1779303600000,1779390000000,corto,3,-0.01241288241970965,0.0029,-0.01531288241970965
CC,1779303600000,1779390000000,corto,2,-0.016235233595678796,0.0019,-0.018135233595678795
SUI,1779321600000,1779408000000,corto,1,0.025493431247753086,0.0013,0.024193431247753087
ZETA,1779321600000,1779408000000,corto,4,0.005433741294955029,0.0049,0.000533741294955029
APEX,1779321600000,1779408000000,corto,4,-0.03436111521550084,0.0049,-0.03926111521550084
STBL,1779325200000,1779411600000,corto,4,0.0038566981732843816,0.0049,-0.0010433018267156182
TST,1779328800000,1779415200000,corto,4,0.01295143537017795,0.0049,0.00805143537017795
REZ,1779336000000,1779422400000,largo,3,-0.0008305648317995653,0.0029,-0.003730564831799565
USUAL,1779343200000,1779429600000,corto,4,-0.00405405960655221,0.0049,-0.00895405960655221
PROVE,1779343200000,1779429600000,corto,4,0.0013024531371833273,0.0049,-0.0035975468628166724
CHILLGUY,1779350400000,1779436800000,corto,4,-0.014661929488841149,0.0049,-0.019561929488841147
BERA,1779350400000,1779436800000,largo,2,0.0014316035145877325,0.0019,-0.0004683964854122675
ASTER,1779354000000,1779440400000,corto,1,-0.0030615068607525732,0.0013,-0.004361506860752573
CFX,1779357600000,1779444000000,largo,4,-0.001524468001931352,0.0049,-0.006424468001931352
SOL,1779382800000,1779469200000,corto,1,0.00340052084713645,0.0013,0.00210052084713645
INJ,1779382800000,1779469200000,corto,1,-0.018853603733079462,0.0013,-0.02015360373307946
CRV,1779382800000,1779469200000,corto,1,0.007257377323763646,0.0013,0.005957377323763646
LINK,1779382800000,1779469200000,corto,1,0.0033477959310514696,0.0013,0.0020477959310514697
SNX,1779382800000,1779469200000,corto,4,0.0045953778556951,0.0049,-0.0003046221443048997
XRP,1779382800000,1779469200000,corto,1,0.0008867214059171107,0.0013,-0.0004132785940828892
kSHIB,1779382800000,1779469200000,corto,2,0.0022331023623306384,0.0019,0.0003331023623306384
UNI,1779382800000,1779469200000,corto,1,-0.0014967158203028964,0.0013,-0.0027967158203028963
GAS,1779382800000,1779469200000,corto,4,0.0029646472024535903,0.0049,-0.0019353527975464095
ORDI,1779382800000,1779469200000,corto,2,-0.00293706669152395,0.0019,-0.00483706669152395
WIF,1779382800000,1779469200000,corto,2,0.003552046159079252,0.0019,0.001652046159079252
PEOPLE,1779382800000,1779469200000,corto,4,0.003898640415657309,0.0049,-0.0010013595843426908
BOME,1779382800000,1779469200000,corto,4,0.0033500868852820854,0.0049,-0.0015499131147179144
HBAR,1779382800000,1779469200000,corto,2,0.0015614372853787353,0.0019,-0.00033856271462126466
EIGEN,1779382800000,1779469200000,corto,2,0.00908011017592437,0.0019,0.00718011017592437
PNUT,1779382800000,1779469200000,corto,3,0.006440700230769019,0.0029,0.0035407002307690193
SAND,1779382800000,1779469200000,corto,4,0.002773008419736196,0.0049,-0.002126991580263804
SPX,1779382800000,1779469200000,corto,1,0.0015676031949548729,0.0013,0.00026760319495487293
TRUMP,1779382800000,1779469200000,corto,1,0.006231142476877476,0.0013,0.004931142476877476
ANIME,1779382800000,1779469200000,corto,3,0.004492370538105083,0.0029,0.0015923705381050831
AZTEC,1779382800000,1779469200000,corto,2,0.0017140283853553423,0.0019,-0.0001859716146446577
NOT,1779408000000,1779494400000,largo,4,0.008733679968754631,0.0049,0.0038336799687546316
FOGO,1779415200000,1779501600000,corto,3,0.003315300318677068,0.0029,0.0004153003186770682
ATOM,1779418800000,1779505200000,corto,2,0.0074655421392234725,0.0019,0.005565542139223473
NXPC,1779422400000,1779508800000,corto,4,0.007342411278317695,0.0049,0.0024424112783176955
APEX,1779422400000,1779508800000,corto,2,0.008340905659105164,0.0019,0.006440905659105164
ALT,1779433200000,1779519600000,corto,2,0.04099443717082157,0.0019,0.03909443717082157
STABLE,1779433200000,1779519600000,largo,2,-0.018865977382143764,0.0019,-0.020765977382143763
UMA,1779436800000,1779523200000,largo,4,-0.00406710145265175,0.0049,-0.008967101452651751
RENDER,1779451200000,1779537600000,corto,2,-0.006591543515852381,0.0019,-0.00849154351585238
VIRTUAL,1779451200000,1779537600000,corto,1,-0.0017254537160703582,0.0013,-0.0030254537160703584
MELANIA,1779451200000,1779537600000,corto,3,-0.01141540775829833,0.0029,-0.014315407758298329
TRX,1779454800000,1779541200000,largo,2,0.00008355731340230903,0.0019,-0.001816442686597691
ETC,1779454800000,1779541200000,largo,3,0.00794924951968043,0.0029,0.005049249519680429
SYRUP,1779462000000,1779548400000,corto,2,-0.004317440917045125,0.0019,-0.006217440917045125
AAVE,1779472800000,1779559200000,largo,1,0.008132487458704254,0.0013,0.006832487458704254
ZEN,1779472800000,1779559200000,largo,3,0.012854669454909306,0.0029,0.009954669454909306
ACE,1779472800000,1779559200000,largo,4,0.008635632249605325,0.0049,0.003735632249605325
ONDO,1779472800000,1779559200000,largo,1,0.0119314461539409,0.0013,0.010631446153940901
kFLOKI,1779472800000,1779559200000,largo,3,0.011980713497497728,0.0029,0.009080713497497728
WCT,1779472800000,1779559200000,largo,4,0.0007380943368335819,0.0049,-0.004161905663166418
SKR,1779472800000,1779559200000,largo,4,0.004711433921319663,0.0049,-0.0001885660786803368
AZTEC,1779472800000,1779559200000,largo,2,0.006896248776328343,0.0019,0.004996248776328344
ETH,1779476400000,1779562800000,largo,1,0.0015906300801479584,0.0013,0.0002906300801479584
SUPER,1779476400000,1779562800000,largo,4,0.004000538739934012,0.0049,-0.0008994612600659877
0G,1779476400000,1779562800000,largo,3,-0.001166934221483341,0.0029,-0.004066934221483341
BCH,1779490800000,1779577200000,largo,2,0.000760638409471101,0.0019,-0.001139361590528899
COMP,1779490800000,1779577200000,largo,4,0.0031038823417323526,0.0049,-0.0017961176582676473
GMT,1779501600000,1779588000000,corto,4,0.00852953584229284,0.0049,0.0036295358422928393
GRIFFAIN,1779501600000,1779588000000,corto,3,0.008224153267623267,0.0029,0.005324153267623267
SOL,1779519600000,1779606000000,largo,1,-0.004511643381739212,0.0013,-0.005811643381739212
AVAX,1779519600000,1779606000000,largo,1,-0.0034898071065253265,0.0013,-0.004789807106525327
BNB,1779519600000,1779606000000,largo,1,-0.0013548178015956353,0.0013,-0.002654817801595635
ARB,1779519600000,1779606000000,largo,1,-0.0017417614523912283,0.0013,-0.0030417614523912282
XRP,1779519600000,1779606000000,largo,1,-0.002719290250970352,0.0013,-0.004019290250970352
YGG,1779519600000,1779606000000,largo,4,-0.006837230454690279,0.0049,-0.01173723045469028
ARK,1779519600000,1779606000000,largo,4,-0.00397170684686648,0.0049,-0.00887170684686648
BSV,1779519600000,1779606000000,largo,4,-0.00361911009930695,0.0049,-0.00851911009930695
MINA,1779519600000,1779606000000,largo,4,-0.0036614355524942515,0.0049,-0.008561435552494251
NEO,1779519600000,1779606000000,largo,3,-0.0031430817689476784,0.0029,-0.006043081768947679
CAKE,1779519600000,1779606000000,largo,2,-0.0004239383939702621,0.0019,-0.002323938393970262
PEOPLE,1779519600000,1779606000000,largo,4,-0.0035938942545890597,0.0049,-0.00849389425458906
POL,1779519600000,1779606000000,largo,2,-0.0015806635490496254,0.0019,-0.0034806635490496254
CELO,1779519600000,1779606000000,largo,4,-0.0031588252917721616,0.0049,-0.00805882529177216
SAND,1779519600000,1779606000000,largo,3,-0.0017957104192628912,0.0029,-0.0046957104192628905
USUAL,1779519600000,1779606000000,largo,4,-0.005738896669018167,0.0049,-0.010638896669018166
SPX,1779519600000,1779606000000,largo,2,-0.008067847041698774,0.0019,-0.009967847041698775
TRUMP,1779519600000,1779606000000,largo,1,-0.00047442832278049845,0.0013,-0.0017744283227804983
SKY,1779519600000,1779606000000,largo,2,-0.0024431201208116766,0.0019,-0.004343120120811676
ME,1779523200000,1779609600000,largo,3,-0.016174444656020096,0.0029,-0.019074444656020095
IP,1779559200000,1779645600000,corto,2,-0.016850768640745643,0.0019,-0.01875076864074564
BTC,1779566400000,1779652800000,corto,1,0.0013043083146621489,0.0013,4.308314662148944e-6
ETH,1779566400000,1779652800000,corto,1,0.003673931178790089,0.0013,0.002373931178790089
APE,1779566400000,1779652800000,corto,2,0.007093276379209365,0.0019,0.0051932763792093654
SUI,1779566400000,1779652800000,corto,1,0.011322518985999964,0.0013,0.010022518985999963
kPEPE,1779566400000,1779652800000,corto,1,0.005886492120209275,0.0013,0.004586492120209275
LDO,1779566400000,1779652800000,corto,2,0.006844733775461675,0.0019,0.0049447337754616755
LINK,1779566400000,1779652800000,corto,1,0.004899652159964833,0.0013,0.003599652159964833
STX,1779566400000,1779652800000,corto,2,0.006108348343925149,0.0019,0.004208348343925149
SNX,1779566400000,1779652800000,corto,4,0.00664565780754943,0.0049,0.0017456578075494304
AAVE,1779566400000,1779652800000,corto,1,0.006209017135749174,0.0013,0.004909017135749174
kSHIB,1779566400000,1779652800000,corto,2,0.0014378147696275827,0.0019,-0.00046218523037241726
SEI,1779566400000,1779652800000,corto,1,0.006167972585598609,0.0013,0.0048679725855986095
DOT,1779566400000,1779652800000,corto,2,0.005988280899181049,0.0019,0.00408828089918105
TRB,1779566400000,1779652800000,corto,4,0.004174403093333449,0.0049,-0.0007255969066665511
kBONK,1779566400000,1779652800000,corto,2,0.005511496206360191,0.0019,0.0036114962063601916
UMA,1779566400000,1779652800000,corto,4,0.002422748580615222,0.0049,-0.002477251419384778
kFLOKI,1779566400000,1779652800000,corto,4,0.00512681415519339,0.0049,0.00022681415519338992
ENA,1779566400000,1779652800000,corto,1,0.007719467925303006,0.0013,0.006419467925303006
HBAR,1779566400000,1779652800000,corto,2,0.005471582450339853,0.0019,0.0035715824503398533
BRETT,1779566400000,1779652800000,corto,3,0.005565479938250529,0.0029,0.0026654799382505295
PNUT,1779566400000,1779652800000,corto,3,0.010644464693772069,0.0029,0.007744464693772069
AIXBT,1779566400000,1779652800000,corto,2,0.0056488405212899925,0.0019,0.0037488405212899928
ZEC,1779566400000,1779652800000,corto,1,-0.008480101906372963,0.0013,-0.009780101906372962
AERO,1779566400000,1779652800000,corto,2,0.00920041277270199,0.0019,0.007300412772701991
SUPER,1779580800000,1779667200000,corto,4,0.018827263030452072,0.0049,0.013927263030452072
PROVE,1779584400000,1779670800000,largo,2,0.0022573373016498643,0.0019,0.00035733730164986426
FOGO,1779606000000,1779692400000,corto,3,0.005363035154998467,0.0029,0.002463035154998467
ASTER,1779613200000,1779699600000,corto,1,-0.003748308560667631,0.0013,-0.005048308560667631
NIL,1779634800000,1779721200000,corto,1,-0.012226236252471734,0.0013,-0.013526236252471735
TRX,1779652800000,1779739200000,largo,2,-0.000269229735357985,0.0019,-0.002169229735357985
AVAX,1779656400000,1779742800000,largo,1,-0.0003960883649979047,0.0013,-0.0016960883649979046
BCH,1779656400000,1779742800000,largo,1,0.004794666567066995,0.0013,0.0034946665670669954
RUNE,1779656400000,1779742800000,largo,3,0.0006391255217615142,0.0029,-0.0022608744782384857
POL,1779656400000,1779742800000,largo,2,-0.002766670405075964,0.0019,-0.004666670405075964
LINEA,1779656400000,1779742800000,largo,2,0.0009385265822642868,0.0019,-0.0009614734177357132
XMR,1779656400000,1779742800000,largo,1,0.005352791959281292,0.0013,0.0040527919592812925
SNX,1779660000000,1779746400000,corto,4,0.016035783814458707,0.0049,0.011135783814458707
GAS,1779660000000,1779746400000,corto,4,0.006597268608326297,0.0049,0.0016972686083262974
STRK,1779660000000,1779746400000,corto,3,0.02086441528338462,0.0029,0.01796441528338462
NOT,1779660000000,1779746400000,corto,4,0.014271394105332569,0.0049,0.009371394105332569
CELO,1779660000000,1779746400000,corto,4,0.004667275457859829,0.0049,-0.00023272454214017056
SPX,1779660000000,1779746400000,corto,1,0.010123526221681658,0.0013,0.008823526221681657
LAYER,1779660000000,1779746400000,corto,2,0.014114161925451915,0.0019,0.012214161925451914
PAXG,1779660000000,1779746400000,corto,1,-0.0004823503711150834,0.0013,-0.0017823503711150834
BABY,1779660000000,1779746400000,corto,4,0.027824028085275242,0.0049,0.022924028085275244
XPL,1779660000000,1779746400000,corto,1,0.020202707317519466,0.0013,0.018902707317519467
MET,1779660000000,1779746400000,corto,3,0.013749793989830221,0.0029,0.010849793989830221
AXS,1779660000000,1779746400000,corto,3,0.0069747449270719745,0.0029,0.004074744927071975
MERL,1779674400000,1779760800000,corto,4,0.007899343427418014,0.0049,0.002999343427418014
BIO,1779681600000,1779768000000,corto,3,-0.011761863823859575,0.0029,-0.014661863823859575
SAGA,1779688800000,1779775200000,corto,3,0.02397762462533406,0.0029,0.02107762462533406
COMP,1779692400000,1779778800000,largo,3,-0.00626631154493707,0.0029,-0.009166311544937071
RESOLV,1779696000000,1779782400000,corto,3,-0.012187841299114195,0.0029,-0.015087841299114195
INJ,1779703200000,1779789600000,corto,1,-0.024895178380262024,0.0013,-0.026195178380262023
RENDER,1779703200000,1779789600000,corto,1,-0.029162236783842287,0.0013,-0.030462236783842286
NEAR,1779714000000,1779800400000,corto,1,-0.014665478451247528,0.0013,-0.015965478451247527
EIGEN,1779717600000,1779804000000,corto,2,-0.008746965827287108,0.0019,-0.010646965827287108
IO,1779717600000,1779804000000,corto,3,0.005499958864780307,0.0029,0.0025999588647803076
AZTEC,1779717600000,1779804000000,corto,2,0.01626288202142413,0.0019,0.014362882021424129
TON,1779721200000,1779807600000,corto,1,0.010505063064215947,0.0013,0.009205063064215948
KAITO,1779721200000,1779807600000,largo,2,-0.0030834822580993637,0.0019,-0.004983482258099364
SYRUP,1779721200000,1779807600000,corto,2,0.006855682767649469,0.0019,0.0049556827676494695
STBL,1779724800000,1779811200000,corto,2,0.0007382087540157629,0.0019,-0.001161791245984237
GRASS,1779732000000,1779818400000,corto,1,0.00830824581483507,0.0013,0.00700824581483507
PURR,1779739200000,1779825600000,largo,2,-0.02504577513931884,0.0019,-0.02694577513931884
CFX,1779742800000,1779829200000,corto,2,0.002851959412980465,0.0019,0.0009519594129804652
REZ,1779746400000,1779832800000,largo,2,0.0014015419252884772,0.0019,-0.0004984580747115228
DOOD,1779753600000,1779840000000,largo,3,0.016690800659571976,0.0029,0.013790800659571976
TAO,1779768000000,1779854400000,corto,1,-0.0023627353279162045,0.0013,-0.0036627353279162045
kNEIRO,1779778800000,1779865200000,largo,3,-0.0010368067284402492,0.0029,-0.003936806728440249
DYDX,1779782400000,1779868800000,corto,2,-0.003870089079133766,0.0019,-0.005770089079133766
BTC,1779789600000,1779876000000,corto,1,0.00028997350899783407,0.0013,-0.0010100264910021658
ETH,1779789600000,1779876000000,corto,1,0.001826396739552612,0.0013,0.000526396739552612
ATOM,1779789600000,1779876000000,corto,2,0.0034141991835627836,0.0019,0.0015141991835627836
SOL,1779789600000,1779876000000,corto,1,-0.0020159012475046154,0.0013,-0.0033159012475046153
AVAX,1779789600000,1779876000000,corto,1,-0.002264436745692412,0.0013,-0.003564436745692412
APE,1779789600000,1779876000000,corto,2,0.0001479618261188569,0.0019,-0.001752038173881143
XRP,1779789600000,1779876000000,corto,1,-0.0012789168566589531,0.0013,-0.002578916856658953
ARK,1779789600000,1779876000000,corto,4,-0.0035211303985787394,0.0049,-0.008421130398578738
BLUR,1779789600000,1779876000000,corto,3,-0.00886526556738227,0.0029,-0.01176526556738227
GAS,1779789600000,1779876000000,corto,4,-0.010528155514289957,0.0049,-0.015428155514289957
kBONK,1779789600000,1779876000000,corto,2,-0.0025382871738094466,0.0019,-0.004438287173809447
UMA,1779789600000,1779876000000,corto,4,-0.0034564979233706076,0.0049,-0.008356497923370607
W,1779789600000,1779876000000,corto,3,-0.005754228783252099,0.0029,-0.008654228783252099
TURBO,1779789600000,1779876000000,corto,3,-0.0027586224390796607,0.0029,-0.00565862243907966
MOODENG,1779789600000,1779876000000,corto,4,-0.0016960107441278322,0.0049,-0.006596010744127832
HYPE,1779789600000,1779876000000,corto,1,0.005458215217128074,0.0013,0.004158215217128074
MOVE,1779789600000,1779876000000,corto,4,-0.004073325387635648,0.0049,-0.008973325387635647
S,1779789600000,1779876000000,corto,3,0.0022980746849104615,0.0029,-0.0006019253150895383
MORPHO,1779789600000,1779876000000,corto,1,-0.002021090318911432,0.0013,-0.003321090318911432
IP,1779789600000,1779876000000,corto,2,0.0009213888493705657,0.0019,-0.0009786111506294342
WLFI,1779807600000,1779894000000,largo,1,0.0027919036062481356,0.0013,0.0014919036062481356
APEX,1779825600000,1779912000000,corto,3,0.0017149186498709311,0.0029,-0.0011850813501290687
ALT,1779847200000,1779933600000,corto,3,-0.0018983056548009974,0.0029,-0.004798305654800997
0G,1779854400000,1779940800000,largo,3,-0.01045264297683883,0.0029,-0.01335264297683883
ICP,1779854400000,1779940800000,corto,1,0.008777485821223296,0.0013,0.007477485821223296
INIT,1779858000000,1779944400000,largo,3,-0.005735469804735555,0.0029,-0.008635469804735556
XLM,1779883200000,1779969600000,corto,2,-0.0652931520623556,0.0019,-0.0671931520623556
APT,1779894000000,1779980400000,corto,1,-0.006104226497413521,0.0013,-0.007404226497413521
RSR,1779894000000,1779980400000,corto,4,-0.006955450108584811,0.0049,-0.011855450108584811
AR,1779894000000,1779980400000,corto,2,0.0005785642126578271,0.0019,-0.001321435787342173
SUI,1779901200000,1779987600000,largo,1,0.010267736380933343,0.0013,0.008967736380933344
SKY,1779901200000,1779987600000,largo,2,0.0007311500706521066,0.0019,-0.0011688499293478934
LAYER,1779912000000,1779998400000,corto,3,-0.009286375455989553,0.0029,-0.012186375455989553
ETH,1779915600000,1780002000000,largo,1,0.002925646100400959,0.0013,0.001625646100400959
SOL,1779915600000,1780002000000,largo,1,0.0017852268153282823,0.0013,0.0004852268153282824
AVAX,1779915600000,1780002000000,largo,1,0.003417203231493541,0.0013,0.002117203231493541
OP,1779915600000,1780002000000,largo,2,0.0002508466086150062,0.0019,-0.0016491533913849938
LTC,1779915600000,1780002000000,largo,1,-0.001562183903199063,0.0013,-0.002862183903199063
DOGE,1779915600000,1780002000000,largo,1,0.0018526405419147032,0.0013,0.0005526405419147033
LDO,1779915600000,1780002000000,largo,2,0.005144233280780849,0.0019,0.003244233280780849
SNX,1779915600000,1780002000000,largo,3,-0.0037953150957961866,0.0029,-0.006695315095796186
BCH,1779915600000,1780002000000,largo,2,-0.0017558685291097346,0.0019,-0.003655868529109735
COMP,1779915600000,1780002000000,largo,3,0.0013416067751030314,0.0029,-0.0015583932248969684
YGG,1779915600000,1780002000000,largo,3,0.002297795128649991,0.0029,-0.0006022048713500089
kSHIB,1779915600000,1780002000000,largo,2,0.002045560917828967,0.0019,0.000145560917828967
UNI,1779915600000,1780002000000,largo,2,0.0037570079638595184,0.0019,0.0018570079638595184
ZRO,1779915600000,1780002000000,largo,2,0.00815901354678866,0.0019,0.006259013546788659
BANANA,1779915600000,1780002000000,largo,4,0.00322976113254363,0.0049,-0.0016702388674563699
TRB,1779915600000,1780002000000,largo,3,0.0004795300697298471,0.0029,-0.0024204699302701528
BLUR,1779915600000,1780002000000,largo,3,0.0024229766943471465,0.0029,-0.0004770233056528533
POLYX,1779915600000,1780002000000,largo,3,0.0033605161046394373,0.0029,0.00046051610463943753
GAS,1779915600000,1780002000000,largo,4,0.0009714127880180553,0.0049,-0.003928587211981945
MEME,1779915600000,1780002000000,largo,4,-0.002076843944839228,0.0049,-0.006976843944839228
NEO,1779915600000,1780002000000,largo,4,0.0029481904555068994,0.0049,-0.0019518095444931004
SUSHI,1779915600000,1780002000000,largo,4,0.0028349803786895827,0.0049,-0.002065019621310417
IMX,1779915600000,1780002000000,largo,3,0.0021171936422217223,0.0029,-0.0007828063577782775
kBONK,1779915600000,1780002000000,largo,2,0.0023694534005591567,0.0019,0.0004694534005591567
JUP,1779915600000,1780002000000,largo,1,0.001643013315417351,0.0013,0.00034301331541735096
ACE,1779915600000,1780002000000,largo,4,0.0054200674693393345,0.0049,0.0005200674693393347
CAKE,1779915600000,1780002000000,largo,3,0.001329983940689138,0.0029,-0.0015700160593108618
PEOPLE,1779915600000,1780002000000,largo,4,0.0028731065254764296,0.0049,-0.0020268934745235703
ENS,1779915600000,1780002000000,largo,3,0.005450718680166055,0.0029,0.002550718680166055
XAI,1779915600000,1780002000000,largo,4,0.0031007776782481854,0.0049,-0.0017992223217518145
ZETA,1779915600000,1780002000000,largo,4,-0.005939597594899532,0.0049,-0.010839597594899532
kFLOKI,1779915600000,1780002000000,largo,3,0.0007249003579485184,0.0029,-0.002175099642051481
BOME,1779915600000,1780002000000,largo,4,0.001998002662673058,0.0049,-0.002901997337326942
MNT,1779915600000,1780002000000,largo,3,0.002410939213060547,0.0029,-0.0004890607869394528
SAGA,1779915600000,1780002000000,largo,2,0.002673083655300714,0.0019,0.000773083655300714
MERL,1779915600000,1780002000000,largo,4,0.000902379060412633,0.0049,-0.003997620939587367
REZ,1779915600000,1780002000000,largo,3,0.012030943959800344,0.0029,0.009130943959800344
BRETT,1779915600000,1780002000000,largo,4,-0.0016782367200810573,0.0049,-0.006578236720081057
ZK,1779915600000,1780002000000,largo,3,0.014774590982424129,0.0029,0.011874590982424129
CELO,1779915600000,1780002000000,largo,3,0.0035833575276198156,0.0029,0.0006833575276198158
kNEIRO,1779915600000,1780002000000,largo,3,-0.0027530989733258278,0.0029,-0.0056530989733258276
GOAT,1779915600000,1780002000000,largo,4,0.001057181156264545,0.0049,-0.0038428188437354548
MOODENG,1779915600000,1780002000000,largo,3,-0.0011995368744753218,0.0029,-0.004099536874475321
PNUT,1779915600000,1780002000000,largo,3,-0.004567956172902964,0.0029,-0.007467956172902964
SAND,1779915600000,1780002000000,largo,3,0.0010754827817635198,0.0029,-0.00182451721823648
ME,1779915600000,1780002000000,largo,3,0.0038029432176925073,0.0029,0.0009029432176925075
MOVE,1779915600000,1780002000000,largo,4,-0.00006797865472856216,0.0049,-0.004967978654728562
USUAL,1779915600000,1780002000000,largo,4,0.0015987213636968517,0.0049,-0.003301278636303148
FARTCOIN,1779915600000,1780002000000,largo,1,-0.0013923784675289636,0.0013,-0.0026923784675289635
AIXBT,1779915600000,1780002000000,largo,3,0.005621068200423992,0.0029,0.0027210682004239926
BIO,1779915600000,1780002000000,largo,2,0.0037190811587108612,0.0019,0.0018190811587108612
GRIFFAIN,1779915600000,1780002000000,largo,4,-0.00009746113744856096,0.0049,-0.004997461137448561
S,1779915600000,1780002000000,largo,3,-0.00012273703605466234,0.0029,-0.003022737036054662
TRUMP,1779915600000,1780002000000,largo,1,0.0015245107434172886,0.0013,0.0002245107434172887
MELANIA,1779915600000,1780002000000,largo,3,0.004250565683795068,0.0029,0.001350565683795068
ANIME,1779915600000,1780002000000,largo,3,0.00025526483865448483,0.0029,-0.002644735161345515
IP,1779915600000,1780002000000,largo,2,-0.0013563615426028742,0.0019,-0.0032563615426028742
KAITO,1779915600000,1780002000000,largo,2,-0.0012285822391771347,0.0019,-0.0031285822391771347
WCT,1779915600000,1780002000000,largo,4,-0.0011984965752085829,0.0049,-0.006098496575208582
NXPC,1779915600000,1780002000000,largo,2,0.002482096576425809,0.0019,0.000582096576425809
SOPH,1779915600000,1780002000000,largo,4,0.0033044226681007136,0.0049,-0.0015955773318992862
WLFI,1779915600000,1780002000000,largo,1,0.0010092176056752018,0.0013,-0.00029078239432479814
LINEA,1779915600000,1780002000000,largo,3,0.0003356267861678604,0.0029,-0.0025643732138321395
AVNT,1779915600000,1780002000000,largo,3,0.005244702696149342,0.0029,0.002344702696149342
HEMI,1779915600000,1780002000000,largo,4,0.0026330070194936104,0.0049,-0.0022669929805063894
MON,1779915600000,1780002000000,largo,1,0.0026888512965119967,0.0013,0.0013888512965119968
FOGO,1779915600000,1780002000000,largo,4,-0.00007228828571484596,0.0049,-0.004972288285714846
SKR,1779915600000,1780002000000,largo,4,-0.00007165120197963393,0.0049,-0.004971651201979634
LINK,1779937200000,1780023600000,largo,1,-0.001117905608691374,0.0013,-0.002417905608691374
STX,1779937200000,1780023600000,largo,3,-0.0019363589604153284,0.0029,-0.004836358960415328
GMX,1779937200000,1780023600000,largo,4,0.0008933285200416878,0.0049,-0.0040066714799583125
KAS,1779937200000,1780023600000,largo,3,-0.009745750672730107,0.0029,-0.012645750672730107
ADA,1779937200000,1780023600000,largo,1,0.0006861063733985867,0.0013,-0.0006138936266014132
ORDI,1779937200000,1780023600000,largo,2,0.006046354282682144,0.0019,0.004146354282682144
SUPER,1779937200000,1780023600000,largo,3,-0.0020887261828078023,0.0029,-0.0049887261828078025
W,1779937200000,1780023600000,largo,3,-0.006116227017436094,0.0029,-0.009016227017436094
HBAR,1779937200000,1780023600000,largo,1,0.012637391950580796,0.0013,0.011337391950580797
ALGO,1779937200000,1780023600000,largo,2,0.015138622156479679,0.0019,0.013238622156479678
STBL,1779937200000,1780023600000,largo,3,0.006176187467541213,0.0029,0.003276187467541213
APEX,1779937200000,1780023600000,largo,4,0.002552568311073541,0.0049,-0.002347431688926459
VVV,1779944400000,1780030800000,largo,1,-0.004238500730914459,0.0013,-0.005538500730914459
TRX,1779948000000,1780034400000,largo,1,-0.0012559229829191445,0.0013,-0.0025559229829191445
MEGA,1779962400000,1780048800000,largo,2,-0.005649732542119021,0.0019,-0.007549732542119021
XMR,1779973200000,1780059600000,largo,1,-0.00035930957670183867,0.0013,-0.0016593095767018385
XPL,1779987600000,1780074000000,corto,1,-0.003961413397190351,0.0013,-0.005261413397190351
AZTEC,1779991200000,1780077600000,corto,2,0.004696222308774276,0.0019,0.0027962223087742762
HYPER,1780020000000,1780106400000,largo,3,0.0011006421523015895,0.0029,-0.0017993578476984103
MEME,1780045200000,1780131600000,corto,4,0.007812539736793625,0.0049,0.002912539736793625
IO,1780045200000,1780131600000,corto,2,0.0002303882051429571,0.0019,-0.001669611794857043
AVAX,1780066800000,1780153200000,corto,1,0.0003012972543368664,0.0013,-0.0009987027456631334
LINK,1780066800000,1780153200000,corto,1,0.001976542780755156,0.0013,0.0006765427807551559
APT,1780066800000,1780153200000,corto,1,0.005730674708984983,0.0013,0.0044306747089849835
kSHIB,1780066800000,1780153200000,corto,2,0.00036251586403904625,0.0019,-0.0015374841359609539
BANANA,1780066800000,1780153200000,corto,4,0.0010404403643722278,0.0049,-0.003859559635627772
TRB,1780066800000,1780153200000,corto,4,0.005878488525720882,0.0049,0.0009784885257208822
BLUR,1780066800000,1780153200000,corto,3,-0.0001420488176824854,0.0029,-0.0030420488176824854
BSV,1780066800000,1780153200000,corto,4,0.002695228243384126,0.0049,-0.002204771756615874
GAS,1780066800000,1780153200000,corto,4,0.004592037129270308,0.0049,-0.00030796287072969164
SUSHI,1780066800000,1780153200000,corto,3,0.00384941579349133,0.0029,0.0009494157934913303
kBONK,1780066800000,1780153200000,corto,2,0.003638352203506091,0.0019,0.001738352203506091
PEOPLE,1780066800000,1780153200000,corto,4,0.0029820315592575704,0.0049,-0.0019179684407424295
kFLOKI,1780066800000,1780153200000,corto,4,-0.0019596322163690644,0.0049,-0.006859632216369064
BOME,1780066800000,1780153200000,corto,4,-0.0,0.0049,-0.0049
ME,1780066800000,1780153200000,corto,4,0.0012861738107441186,0.0049,-0.0036138261892558815
MOVE,1780066800000,1780153200000,corto,4,0.006959342863195083,0.0049,0.0020593428631950836
PENGU,1780066800000,1780153200000,corto,1,0.0032374576900903555,0.0013,0.0019374576900903556
BIO,1780066800000,1780153200000,corto,3,-0.005998974693891048,0.0029,-0.008898974693891048
TRUMP,1780066800000,1780153200000,corto,1,0.0060221657676640256,0.0013,0.004722165767664026
ANIME,1780066800000,1780153200000,corto,3,0.0017541665944054837,0.0029,-0.001145833405594516
BERA,1780066800000,1780153200000,corto,3,-0.000515109901499897,0.0029,-0.003415109901499897
LINEA,1780066800000,1780153200000,corto,3,-0.003626178359453665,0.0029,-0.006526178359453665
ASTER,1780066800000,1780153200000,corto,1,-0.007305329529059704,0.0013,-0.008605329529059704
STBL,1780066800000,1780153200000,corto,2,-0.0004577846355867481,0.0019,-0.002357784635586748
HEMI,1780066800000,1780153200000,corto,4,0.012257558986083767,0.0049,0.007357558986083767
GRASS,1780074000000,1780160400000,corto,1,-0.01800529312620468,0.0013,-0.01930529312620468
ARK,1780099200000,1780185600000,corto,4,-0.01238507361404199,0.0049,-0.01728507361404199
ENS,1780099200000,1780185600000,corto,4,0.0026139863072104047,0.0049,-0.002286013692789595
HBAR,1780099200000,1780185600000,corto,1,0.009563390281528956,0.0013,0.008263390281528955
AXS,1780102800000,1780189200000,corto,3,0.015109037213936354,0.0029,0.012209037213936354
ZK,1780110000000,1780196400000,corto,2,-0.007863736460214451,0.0019,-0.009763736460214452
INIT,1780128000000,1780214400000,corto,4,0.0005741434655126891,0.0049,-0.004325856534487311
WLD,1780146000000,1780232400000,corto,1,0.016670083549835277,0.0013,0.015370083549835278
CAKE,1780156800000,1780243200000,corto,3,0.01728604824628536,0.0029,0.014386048246285359
BRETT,1780156800000,1780243200000,corto,4,0.009440393779086962,0.0049,0.004540393779086962
AVNT,1780160400000,1780246800000,corto,2,-0.012752716174574663,0.0019,-0.014652716174574663
ORDI,1780164000000,1780250400000,corto,3,-0.004236915185004779,0.0029,-0.007136915185004779
MNT,1780164000000,1780250400000,corto,2,0.0004676668788518435,0.0019,-0.0014323331211481564
APEX,1780164000000,1780250400000,corto,4,0.0024501627136700476,0.0049,-0.0024498372863299522
XPL,1780178400000,1780264800000,largo,1,0.003806146576187304,0.0013,0.002506146576187304
ASTER,1780178400000,1780264800000,largo,1,0.0040829008156763975,0.0013,0.0027829008156763976
TON,1780185600000,1780272000000,corto,1,-0.02279404985247791,0.0013,-0.02409404985247791
PENDLE,1780185600000,1780272000000,corto,1,0.0016769352477036894,0.0013,0.0003769352477036895
ZETA,1780185600000,1780272000000,corto,4,-0.000595415319763907,0.0049,-0.005495415319763907
kFLOKI,1780196400000,1780282800000,corto,4,0.002675816347854096,0.0049,-0.002224183652145904
HYPER,1780196400000,1780282800000,corto,4,0.006697500809661528,0.0049,0.0017975008096615284
PAXG,1780203600000,1780290000000,corto,1,-0.0007761823309236806,0.0013,-0.0020761823309236806
POLYX,1780207200000,1780293600000,corto,3,0.01041613002501966,0.0029,0.007516130025019661
WCT,1780207200000,1780293600000,corto,4,0.008292929621012832,0.0049,0.0033929296210128326
GAS,1780210800000,1780297200000,largo,4,-0.004499678769983965,0.0049,-0.009399678769983964
KAITO,1780210800000,1780297200000,largo,3,-0.011026673729452605,0.0029,-0.013926673729452605
MOVE,1780214400000,1780300800000,largo,3,0.004420122119477628,0.0029,0.001520122119477628
SKY,1780214400000,1780300800000,corto,3,-0.00794706169253194,0.0029,-0.01084706169253194
ZEN,1780221600000,1780308000000,corto,4,0.0007586207260378097,0.0049,-0.00414137927396219
NOT,1780221600000,1780308000000,corto,4,-0.010741241831412616,0.0049,-0.015641241831412616
GRIFFAIN,1780221600000,1780308000000,corto,4,0.00351082865006297,0.0049,-0.0013891713499370297
ZORA,1780225200000,1780311600000,corto,3,0.006317140401261343,0.0029,0.0034171404012613435
MERL,1780228800000,1780315200000,corto,4,-0.023638499513498033,0.0049,-0.02853849951349803
BIGTIME,1780232400000,1780318800000,largo,3,-0.011071819701816784,0.0029,-0.013971819701816783
SOL,1780236000000,1780322400000,largo,1,-0.001843873408071421,0.0013,-0.003143873408071421
AVAX,1780236000000,1780322400000,largo,1,-0.004611143377109519,0.0013,-0.005911143377109519
OP,1780236000000,1780322400000,largo,3,0.003378235271387494,0.0029,0.0004782352713874941
LTC,1780236000000,1780322400000,largo,2,-0.0079457037284459,0.0019,-0.0098457037284459
DOGE,1780236000000,1780322400000,largo,1,-0.00538141478141689,0.0013,-0.00668141478141689
SUI,1780236000000,1780322400000,largo,1,0.0016062961002508694,0.0013,0.0003062961002508694
kPEPE,1780236000000,1780322400000,largo,1,-0.0002990877844936405,0.0013,-0.0015990877844936405
LINK,1780236000000,1780322400000,largo,1,-0.0036456967195487096,0.0013,-0.00494569671954871
APT,1780236000000,1780322400000,largo,2,-0.0027507306776234264,0.0019,-0.004650730677623427
AAVE,1780236000000,1780322400000,largo,1,-0.0004762143555834027,0.0013,-0.0017762143555834027
kSHIB,1780236000000,1780322400000,largo,3,-0.0016625107736135253,0.0029,-0.004562510773613525
UNI,1780236000000,1780322400000,largo,2,-0.0008533443079233124,0.0019,-0.0027533443079233123
TRB,1780236000000,1780322400000,largo,4,-0.0001822212778753653,0.0049,-0.0050822212778753656
ADA,1780236000000,1780322400000,largo,1,-0.005920161128477259,0.0013,-0.007220161128477259
MINA,1780236000000,1780322400000,largo,4,-0.004754859820683688,0.0049,-0.009654859820683688
IMX,1780236000000,1780322400000,largo,4,-0.004705891037412728,0.0049,-0.009605891037412728
kBONK,1780236000000,1780322400000,largo,2,0.0025930742442500285,0.0019,0.0006930742442500285
GALA,1780236000000,1780322400000,largo,4,0.002616090439051288,0.0049,-0.0022839095609487117
WIF,1780236000000,1780322400000,largo,2,-0.0042004262178731155,0.0019,-0.006100426217873115
W,1780236000000,1780322400000,largo,3,0.0033057881344994103,0.0029,0.00040578813449941055
STRK,1780236000000,1780322400000,largo,3,-0.00433840159859813,0.0029,-0.00723840159859813
ENA,1780236000000,1780322400000,largo,1,0.00005814595800010702,0.0013,-0.0012418540419998928
MOODENG,1780236000000,1780322400000,largo,4,0.0010127420337109525,0.0049,-0.0038872579662890473
PNUT,1780236000000,1780322400000,largo,3,-0.000577756395464796,0.0029,-0.0034777563954647957
SAND,1780236000000,1780322400000,largo,4,-0.0008263975442273817,0.0049,-0.005726397544227381
PENGU,1780236000000,1780322400000,largo,2,-0.0012055456553486702,0.0019,-0.00310554565534867
USUAL,1780236000000,1780322400000,largo,4,-0.0023446669592541345,0.0049,-0.007244666959254135
FARTCOIN,1780236000000,1780322400000,largo,1,0.002676302948970915,0.0013,0.0013763029489709151
VINE,1780236000000,1780322400000,largo,2,-0.0024432937172070065,0.0019,-0.004343293717207006
BERA,1780236000000,1780322400000,largo,3,0.0037225860524733893,0.0029,0.0008225860524733895
DOOD,1780236000000,1780322400000,largo,4,0.0,0.0049,-0.0049
ICP,1780236000000,1780322400000,largo,2,0.012427020782818807,0.0019,0.010527020782818806
SKR,1780236000000,1780322400000,largo,4,-0.0035813655073613955,0.0049,-0.008481365507361395
CC,1780243200000,1780329600000,largo,2,0.0005769046023919724,0.0019,-0.0013230953976080275
JUP,1780246800000,1780333200000,corto,2,-0.03574521191394573,0.0019,-0.03764521191394573
LINEA,1780261200000,1780347600000,corto,3,0.008264509849893424,0.0029,0.005364509849893425
2Z,1780261200000,1780347600000,corto,3,0.008248547040609623,0.0029,0.005348547040609624
YGG,1780264800000,1780351200000,corto,4,-0.007382493451250356,0.0049,-0.012282493451250355
DYM,1780264800000,1780351200000,corto,3,-0.008787857019369131,0.0029,-0.01168785701936913
SUSHI,1780268400000,1780354800000,corto,4,-0.009084886047853883,0.0049,-0.013984886047853883
IP,1780272000000,1780358400000,corto,3,0.004400869220465363,0.0029,0.0015008692204653631
BTC,1780275600000,1780362000000,largo,1,-0.00911832577471884,0.0013,-0.01041832577471884
ETH,1780275600000,1780362000000,largo,1,-0.008501698716017136,0.0013,-0.009801698716017136
XRP,1780275600000,1780362000000,largo,1,-0.00747841765314542,0.0013,-0.00877841765314542
BCH,1780275600000,1780362000000,largo,2,-0.009537704480488698,0.0019,-0.011437704480488699
ZEC,1780275600000,1780362000000,largo,1,-0.01808400914172824,0.0013,-0.019384009141728237
FET,1780279200000,1780365600000,corto,1,-0.01247632939327641,0.0013,-0.013776329393276408
INIT,1780279200000,1780365600000,corto,2,-0.031311158433343804,0.0019,-0.0332111584333438
BNB,1780304400000,1780390800000,corto,1,0.0065475592372649825,0.0013,0.0052475592372649826
PAXG,1780318800000,1780405200000,largo,1,-0.00213196021146428,0.0013,-0.00343196021146428
MELANIA,1780322400000,1780408800000,corto,3,-0.003403896489454085,0.0029,-0.006303896489454085
STBL,1780322400000,1780408800000,corto,3,0.021921275354430707,0.0029,0.019021275354430708
TON,1780326000000,1780412400000,corto,1,0.014149635604442148,0.0013,0.012849635604442147
VIRTUAL,1780329600000,1780416000000,corto,1,-0.02024583778309701,0.0013,-0.02154583778309701
TRUMP,1780329600000,1780416000000,corto,1,-0.0011060835717917154,0.0013,-0.0024060835717917154
MANTA,1780340400000,1780426800000,corto,3,0.0012060302969356367,0.0029,-0.001693969703064363
SYRUP,1780351200000,1780437600000,corto,2,0.0213224580502709,0.0019,0.019422458050270902
ARK,1780358400000,1780444800000,corto,4,-0.0010983731453671419,0.0049,-0.0059983731453671415
IO,1780369200000,1780455600000,corto,2,0.019466490073809784,0.0019,0.017566490073809785
NIL,1780383600000,1780470000000,corto,1,0.006329589143114011,0.0013,0.005029589143114011
VINE,1780387200000,1780473600000,largo,2,-0.004347993142692921,0.0019,-0.006247993142692921
GOAT,1780390800000,1780477200000,corto,3,-0.002027755589935736,0.0029,-0.004927755589935736
STABLE,1780398000000,1780484400000,largo,2,0.017007343927635515,0.0019,0.015107343927635514
ZORA,1780405200000,1780491600000,corto,2,0.01897687037567454,0.0019,0.01707687037567454
ARB,1780408800000,1780495200000,largo,1,-0.0018712969386244054,0.0013,-0.0031712969386244053
CRV,1780408800000,1780495200000,largo,1,0.0003359489389215286,0.0013,-0.0009640510610784713
LDO,1780408800000,1780495200000,largo,2,-0.00009611225919255455,0.0019,-0.0019961122591925545
CFX,1780408800000,1780495200000,largo,3,0.0019897077485848138,0.0029,-0.000910292251415186
XRP,1780408800000,1780495200000,largo,1,-0.00040638843165057893,0.0013,-0.0017063884316505789
YGG,1780408800000,1780495200000,largo,3,-0.0008793875178185801,0.0029,-0.00377938751781858
SUPER,1780408800000,1780495200000,largo,3,0.004917969406213932,0.0029,0.002017969406213932
GALA,1780408800000,1780495200000,largo,4,0.002683664810925964,0.0049,-0.0022163351890740358
PEOPLE,1780408800000,1780495200000,largo,3,-0.00016057808143699737,0.0029,-0.0030605780814369973
ETC,1780408800000,1780495200000,largo,3,-0.0012728639881562608,0.0029,-0.0041728639881562606
ALT,1780408800000,1780495200000,largo,2,-0.00029103609052913085,0.0019,-0.002191036090529131
ZETA,1780408800000,1780495200000,largo,4,0.0012523483164660952,0.0049,-0.003647651683533905
DYM,1780408800000,1780495200000,largo,3,0.00256607787716076,0.0029,-0.0003339221228392396
STRK,1780408800000,1780495200000,largo,2,-0.0002672010703938847,0.0019,-0.002167201070393885
kFLOKI,1780408800000,1780495200000,largo,4,-0.0046589346729866594,0.0049,-0.00955893467298666
BOME,1780408800000,1780495200000,largo,4,-0.007936549595736527,0.0049,-0.012836549595736527
SAGA,1780408800000,1780495200000,largo,3,-0.006360241157321272,0.0029,-0.009260241157321273
REZ,1780408800000,1780495200000,largo,4,-0.0015690379788022841,0.0049,-0.006469037978802284
MOODENG,1780408800000,1780495200000,largo,3,-0.0008800235240863429,0.0029,-0.0037800235240863424
MOVE,1780408800000,1780495200000,largo,2,-0.0030295580997375484,0.0019,-0.004929558099737549
AIXBT,1780408800000,1780495200000,largo,2,-0.0006442376743938415,0.0019,-0.0025442376743938415
GRIFFAIN,1780408800000,1780495200000,largo,3,-0.002009200697058924,0.0029,-0.0049092006970589235
S,1780408800000,1780495200000,largo,3,-0.0037603846473564786,0.0029,-0.006660384647356478
LAYER,1780408800000,1780495200000,largo,3,-0.0058207001354194515,0.0029,-0.008720700135419451
DOOD,1780408800000,1780495200000,largo,4,-0.001975309284254587,0.0049,-0.0068753092842545865
PUMP,1780408800000,1780495200000,largo,1,-0.0016727073875033975,0.0013,-0.002972707387503397
0G,1780408800000,1780495200000,largo,4,0.009057308359648488,0.0049,0.004157308359648488
MEGA,1780408800000,1780495200000,largo,2,-0.006638292037948746,0.0019,-0.008538292037948746
CC,1780408800000,1780495200000,largo,2,0.005883701064831192,0.0019,0.003983701064831193
FOGO,1780408800000,1780495200000,largo,3,-0.0002117970991714917,0.0029,-0.0031117970991714917
CHIP,1780408800000,1780495200000,largo,1,-0.013257303230699216,0.0013,-0.014557303230699217
kLUNC,1780412400000,1780498800000,largo,2,-0.013254625202095473,0.0019,-0.015154625202095474
POL,1780412400000,1780498800000,largo,2,0.01129095407757907,0.0019,0.00939095407757907
HEMI,1780412400000,1780498800000,largo,2,-0.014479891000314502,0.0019,-0.016379891000314502
ENA,1780416000000,1780502400000,corto,1,0.027891651925562096,0.0013,0.026591651925562097
HYPER,1780416000000,1780502400000,corto,3,0.0060874923796179255,0.0029,0.0031874923796179257
SKY,1780419600000,1780506000000,corto,2,-0.01261637409286882,0.0019,-0.01451637409286882
LTC,1780437600000,1780524000000,largo,1,-0.006095472418658368,0.0013,-0.007395472418658368
BCH,1780437600000,1780524000000,largo,1,-0.019981460342251938,0.0013,-0.021281460342251937
IOTA,1780437600000,1780524000000,largo,3,-0.003837654587704258,0.0029,-0.006737654587704258
INIT,1780444800000,1780531200000,corto,2,0.006963062159118288,0.0019,0.005063062159118288
BABY,1780455600000,1780542000000,largo,3,0.014623852345456476,0.0029,0.011723852345456476
NXPC,1780455600000,1780542000000,largo,2,0.0155962164990486,0.0019,0.0136962164990486
APEX,1780455600000,1780542000000,largo,3,0.03648137746641978,0.0029,0.03358137746641978
SUSHI,1780459200000,1780545600000,corto,2,-0.004040409537005127,0.0019,-0.005940409537005127
GMT,1780484400000,1780570800000,corto,4,-0.0065782249237711305,0.0049,-0.011478224923771131
VINE,1780498800000,1780585200000,largo,2,-0.002526904145950942,0.0019,-0.004426904145950942
HMSTR,1780516800000,1780603200000,largo,4,0.0,0.0049,-0.0049
ETH,1780520400000,1780606800000,corto,1,0.007808561149550184,0.0013,0.006508561149550184
SAGA,1780520400000,1780606800000,corto,3,0.03493240046250495,0.0029,0.032032400462504954
MERL,1780520400000,1780606800000,corto,3,0.027192381160402325,0.0029,0.024292381160402325
LINEA,1780520400000,1780606800000,corto,2,0.028778964550043404,0.0019,0.026878964550043405
LTC,1780534800000,1780621200000,largo,1,0.005911780307519573,0.0013,0.004611780307519573
GAS,1780534800000,1780621200000,largo,4,0.004850188307059681,0.0049,-0.00004981169294031914
XAI,1780534800000,1780621200000,largo,4,0.00923794098493636,0.0049,0.00433794098493636
FARTCOIN,1780534800000,1780621200000,largo,1,0.011048964111687463,0.0013,0.009748964111687464
MELANIA,1780534800000,1780621200000,largo,3,-0.0015792993624532618,0.0029,-0.004479299362453262
IP,1780534800000,1780621200000,largo,2,-0.0036456874664958635,0.0019,-0.005545687466495863
STBL,1780534800000,1780621200000,largo,3,-0.005563026153468747,0.0029,-0.008463026153468747
0G,1780534800000,1780621200000,largo,2,0.008491319020250559,0.0019,0.006591319020250559
XLM,1780538400000,1780624800000,corto,1,0.016267072373957903,0.0013,0.014967072373957904
SYRUP,1780552800000,1780639200000,corto,2,0.03691077504116149,0.0019,0.03501077504116149
PURR,1780556400000,1780642800000,largo,1,0.12556385385017035,0.0013,0.12426385385017036
XMR,1780560000000,1780646400000,largo,1,0.006192729561182911,0.0013,0.004892729561182911
MNT,1780563600000,1780650000000,largo,2,0.009268464495933432,0.0019,0.007368464495933432
PAXG,1780570800000,1780657200000,corto,1,-0.0004260997362098713,0.0013,-0.0017260997362098713
MELANIA,1780624800000,1780711200000,largo,2,-0.0050218916072227796,0.0019,-0.006921891607222779
ADA,1780632000000,1780718400000,corto,1,0.03513972681738682,0.0013,0.03383972681738682
ETH,1780635600000,1780722000000,largo,1,0.029023220003305098,0.0013,0.0277232200033051
ZEN,1780639200000,1780725600000,largo,3,-0.0035469645077565643,0.0029,-0.006446964507756564
ZEC,1780639200000,1780725600000,largo,1,0.021594834590838052,0.0013,0.020294834590838053
BABY,1780650000000,1780736400000,corto,3,0.0749085784417179,0.0029,0.0720085784417179
PAXG,1780660800000,1780747200000,largo,1,-0.00030270220155928176,0.0013,-0.0016027022015592818
APEX,1780675200000,1780761600000,corto,3,-0.0006215684443358038,0.0029,-0.0035215684443358035
POPCAT,1780718400000,1780804800000,largo,2,-0.011064785657374001,0.0019,-0.012964785657374002
HYPER,1780718400000,1780804800000,largo,3,0.0034387480291563255,0.0029,0.0005387480291563257
NXPC,1780718400000,1780804800000,largo,2,0.0033951580264717177,0.0019,0.0014951580264717177
TON,1780794000000,1780880400000,corto,1,0.0025809493444840983,0.0013,0.0012809493444840983
kLUNC,1780794000000,1780880400000,corto,2,0.007261241209393145,0.0019,0.005361241209393145
BIO,1780815600000,1780902000000,corto,2,-0.00866207494205112,0.0019,-0.01056207494205112
USUAL,1780819200000,1780905600000,corto,4,-0.0,0.0049,-0.0049
SPX,1780822800000,1780909200000,largo,1,0.007460081544533757,0.0013,0.006160081544533757
MEGA,1780848000000,1780934400000,corto,2,0.003704551717285544,0.0019,0.0018045517172855438
DYDX,1780869600000,1780956000000,corto,2,0.018801711948517985,0.0019,0.016901711948517986
PAXG,1780873200000,1780959600000,corto,1,0.0024332885718412745,0.0013,0.0011332885718412745
HYPER,1780876800000,1780963200000,corto,3,0.027939271656036657,0.0029,0.025039271656036657
BCH,1780905600000,1780992000000,largo,1,-0.009032103647027261,0.0013,-0.01033210364702726
PROVE,1780905600000,1780992000000,largo,2,-0.0031774879208274786,0.0019,-0.005077487920827479
MOVE,1780912800000,1780999200000,corto,2,-0.0019478126855471617,0.0019,-0.0038478126855471615
LAYER,1780912800000,1780999200000,corto,3,-0.007793857537607755,0.0029,-0.010693857537607755
MORPHO,1780916400000,1781002800000,corto,2,-0.08655507710331416,0.0019,-0.08845507710331416
COMP,1780934400000,1781020800000,corto,3,-0.008000944191531549,0.0029,-0.010900944191531549
MELANIA,1780934400000,1781020800000,corto,3,0.01787149352093691,0.0029,0.01497149352093691
ORDI,1780938000000,1781024400000,corto,3,-0.016037676548992852,0.0029,-0.01893767654899285
INIT,1780952400000,1781038800000,corto,3,0.017609079070278887,0.0029,0.014709079070278887
APT,1780963200000,1781049600000,largo,1,0.0060024189820989116,0.0013,0.004702418982098912
ARK,1780963200000,1781049600000,largo,4,0.004080398073629756,0.0049,-0.0008196019263702441
ETC,1780963200000,1781049600000,largo,3,0.002339115626093099,0.0029,-0.0005608843739069009
ETHFI,1780963200000,1781049600000,largo,2,0.014890876476390452,0.0019,0.012990876476390452
ENA,1780963200000,1781049600000,largo,1,0.006540472955879209,0.0013,0.0052404729558792095
CELO,1780963200000,1781049600000,largo,3,0.004215857846210075,0.0029,0.0013158578462100752
PENGU,1780963200000,1781049600000,largo,1,0.0074272474524373685,0.0013,0.0061272474524373685
KAITO,1780963200000,1781049600000,largo,3,0.0014332467876403486,0.0029,-0.0014667532123596512
WLFI,1780963200000,1781049600000,largo,1,0.0023008665787747416,0.0013,0.0010008665787747417
SKY,1780963200000,1781049600000,largo,3,0.00014474660323084452,0.0029,-0.0027552533967691553
ASTER,1780963200000,1781049600000,largo,1,0.0017523697642838876,0.0013,0.0004523697642838877
HEMI,1780963200000,1781049600000,largo,4,0.005236668563105379,0.0049,0.0003366685631053792
AZTEC,1780963200000,1781049600000,largo,3,0.000851147463569214,0.0029,-0.002048852536430786
ME,1780966800000,1781053200000,corto,2,-0.009873730956041027,0.0019,-0.011773730956041027
ZORA,1780966800000,1781053200000,corto,3,0.010370555866221024,0.0029,0.007470555866221024
MEME,1780970400000,1781056800000,corto,2,0.019147669414134195,0.0019,0.017247669414134196
HMSTR,1781013600000,1781100000000,corto,2,-0.03636764417087479,0.0019,-0.03826764417087479
SYRUP,1781013600000,1781100000000,largo,3,-0.008946909328198959,0.0029,-0.011846909328198959
ZEC,1781017200000,1781103600000,largo,1,0.0013956736389747558,0.0013,0.00009567363897475581
STABLE,1781024400000,1781110800000,corto,2,0.0037485540577266168,0.0019,0.0018485540577266168
GRASS,1781064000000,1781150400000,corto,2,-0.008052340145535946,0.0019,-0.009952340145535947
SKR,1781064000000,1781150400000,largo,3,-0.002250443000896294,0.0029,-0.005150443000896294
COMP,1781071200000,1781157600000,largo,2,-0.008539003922155496,0.0019,-0.010439003922155497
KAS,1781071200000,1781157600000,corto,2,-0.0021616746871222494,0.0019,-0.004061674687122249
WLFI,1781071200000,1781157600000,corto,1,0.01751939558193352,0.0013,0.01621939558193352
SUSHI,1781074800000,1781161200000,corto,3,-0.010371645286697382,0.0029,-0.013271645286697381
STBL,1781078400000,1781164800000,corto,3,-0.005344343311426488,0.0029,-0.008244343311426488
ARK,1781092800000,1781179200000,corto,4,0.006657102867446363,0.0049,0.001757102867446363
INIT,1781092800000,1781179200000,corto,2,0.014359929185515834,0.0019,0.012459929185515833
APEX,1781092800000,1781179200000,corto,3,0.004926118336056001,0.0029,0.002026118336056001
ORDI,1781103600000,1781190000000,corto,3,-0.012185481152413226,0.0029,-0.015085481152413226
DOOD,1781121600000,1781208000000,corto,3,0.0058460705634239725,0.0029,0.0029460705634239727
HEMI,1781121600000,1781208000000,corto,3,0.00789997525315616,0.0029,0.0049999752531561595
BRETT,1781143200000,1781229600000,largo,3,0.009637768693376106,0.0029,0.006737768693376106
INJ,1781146800000,1781233200000,corto,1,0.003608744285569478,0.0013,0.002308744285569478
ENA,1781146800000,1781233200000,corto,1,0.0008178209931218702,0.0013,-0.0004821790068781297
PENGU,1781146800000,1781233200000,corto,2,0.002063375824186613,0.0019,0.00016337582418661316
HMSTR,1781154000000,1781240400000,largo,1,0.125163142954006,0.0013,0.123863142954006
TRX,1781193600000,1781280000000,largo,2,-0.00003191166850419787,0.0019,-0.0019319116685041979
BTC,1781197200000,1781283600000,corto,1,0.0018153653712420833,0.0013,0.0005153653712420833
ETH,1781197200000,1781283600000,corto,1,0.002335680055700155,0.0013,0.0010356800557001552
DOGE,1781197200000,1781283600000,corto,1,0.01044378170649377,0.0013,0.00914378170649377
LDO,1781197200000,1781283600000,corto,2,0.0038300420343157565,0.0019,0.0019300420343157565
XRP,1781197200000,1781283600000,corto,1,0.003000090488090943,0.0013,0.0017000904880909431
APT,1781197200000,1781283600000,corto,1,0.007667573219611906,0.0013,0.006367573219611906
KAS,1781197200000,1781283600000,corto,2,0.008811479702449153,0.0019,0.006911479702449153
PENDLE,1781197200000,1781283600000,corto,2,-0.000633462686476891,0.0019,-0.002533462686476891
CAKE,1781197200000,1781283600000,corto,3,0.005201866304161939,0.0029,0.002301866304161939
AR,1781197200000,1781283600000,corto,2,-0.0011190153833342124,0.0019,-0.0030190153833342124
HBAR,1781197200000,1781283600000,corto,2,-0.0016558526609143226,0.0019,-0.0035558526609143224
ALGO,1781197200000,1781283600000,corto,2,0.0033452675154543223,0.0019,0.0014452675154543223
VVV,1781197200000,1781283600000,corto,1,0.013615790365363017,0.0013,0.012315790365363018
PAXG,1781197200000,1781283600000,corto,1,-0.0007359487542095935,0.0013,-0.0020359487542095933
ZEC,1781197200000,1781283600000,corto,1,0.004748551983456039,0.0013,0.003448551983456039
DYM,1781208000000,1781294400000,corto,3,0.0006106870418798279,0.0029,-0.0022893129581201717
XPL,1781208000000,1781294400000,corto,1,-0.007557659817317307,0.0013,-0.008857659817317308
ZETA,1781222400000,1781308800000,corto,3,-0.0034224069208738427,0.0029,-0.0063224069208738425
SOPH,1781222400000,1781308800000,corto,4,-0.05140835238133151,0.0049,-0.056308352381331514
XMR,1781226000000,1781312400000,corto,1,0.006148234240227133,0.0013,0.004848234240227133
DOOD,1781244000000,1781330400000,largo,3,0.009442940800282087,0.0029,0.006542940800282088
TRUMP,1781251200000,1781337600000,corto,1,0.011628305220215017,0.0013,0.010328305220215016
MELANIA,1781251200000,1781337600000,corto,3,0.004738481619937865,0.0029,0.0018384816199378652
VINE,1781251200000,1781337600000,corto,2,-0.004348883394339598,0.0019,-0.006248883394339598
STABLE,1781251200000,1781337600000,corto,3,-0.00032513276540899335,0.0029,-0.003225132765408993
KAITO,1781254800000,1781341200000,corto,3,-0.004971793603541991,0.0029,-0.007871793603541991
HMSTR,1781258400000,1781344800000,largo,1,-0.01583146521668074,0.0013,-0.017131465216680738
kBONK,1781272800000,1781359200000,corto,2,-0.002896937959131364,0.0019,-0.004796937959131364
kFLOKI,1781272800000,1781359200000,corto,4,-0.003073179964550086,0.0049,-0.007973179964550086
ETHFI,1781272800000,1781359200000,corto,2,-0.0009379104045267398,0.0019,-0.0028379104045267397
NOT,1781272800000,1781359200000,corto,4,0.010471299867295478,0.0049,0.0055712998672954785
MON,1781272800000,1781359200000,corto,2,-0.0037264809287176843,0.0019,-0.005626480928717684
ENA,1781276400000,1781362800000,largo,1,-0.015724161707989515,0.0013,-0.017024161707989514
VVV,1781312400000,1781398800000,corto,1,0.0058207731329770205,0.0013,0.0045207731329770205
0G,1781316000000,1781402400000,corto,3,0.0014482261763647637,0.0029,-0.0014517738236352361
PROVE,1781326800000,1781413200000,corto,4,-0.012575605743185527,0.0049,-0.017475605743185525
TAO,1781334000000,1781420400000,corto,1,0.015263541331940777,0.0013,0.013963541331940776
BABY,1781337600000,1781424000000,corto,3,0.005027130576544308,0.0029,0.0021271305765443085
MANTA,1781341200000,1781427600000,corto,3,-0.005144548338104025,0.0029,-0.008044548338104026
STBL,1781341200000,1781427600000,corto,3,0.006076779748909225,0.0029,0.003176779748909225
KAITO,1781352000000,1781438400000,corto,3,0.003854814132625368,0.0029,0.0009548141326253682
DYM,1781355600000,1781442000000,corto,4,-0.0076809831101313985,0.0049,-0.012580983110131398
IP,1781359200000,1781445600000,corto,2,0.022171208396678785,0.0019,0.020271208396678786
NEAR,1781362800000,1781449200000,corto,1,0.0008196919381784737,0.0013,-0.00048030806182152623
AERO,1781377200000,1781463600000,largo,2,0.005532007469616018,0.0019,0.0036320074696160184
TRX,1781384400000,1781470800000,largo,1,0.0007529648344702846,0.0013,-0.0005470351655297153
ALGO,1781395200000,1781481600000,corto,2,0.003442605054188218,0.0019,0.0015426050541882182
BRETT,1781409600000,1781496000000,largo,2,-0.004248223655074575,0.0019,-0.006148223655074575
SYRUP,1781409600000,1781496000000,corto,3,0.004241188233432039,0.0029,0.0013411882334320394
CAKE,1781413200000,1781499600000,corto,4,-0.00344580384021878,0.0049,-0.008345803840218779
REZ,1781420400000,1781506800000,corto,3,0.005446306957145981,0.0029,0.0025463069571459813
AVNT,1781420400000,1781506800000,largo,3,-0.005375393699535697,0.0029,-0.008275393699535696
CHIP,1781420400000,1781506800000,corto,1,-0.0047101494322238395,0.0013,-0.006010149432223839
MEME,1781424000000,1781510400000,corto,3,-0.01288262583101361,0.0029,-0.01578262583101361
DOOD,1781424000000,1781510400000,corto,4,-0.0018581609558318266,0.0049,-0.006758160955831826
STX,1781427600000,1781514000000,corto,3,0.0026777913936069436,0.0029,-0.0002222086063930562
SKR,1781427600000,1781514000000,corto,3,-0.005610558305125898,0.0029,-0.008510558305125898
BNB,1781445600000,1781532000000,largo,1,0.0025365540413651196,0.0013,0.0012365540413651196
UNI,1781445600000,1781532000000,largo,2,-0.00037043897441588284,0.0019,-0.0022704389744158827
BANANA,1781445600000,1781532000000,largo,4,-0.002567313113848732,0.0049,-0.007467313113848732
SAND,1781445600000,1781532000000,largo,4,0.00036347775916311694,0.0049,-0.004536522240836883
USUAL,1781445600000,1781532000000,largo,4,-0.0009456265480071773,0.0049,-0.005845626548007177
MORPHO,1781445600000,1781532000000,largo,2,-0.004488269971784065,0.0019,-0.006388269971784065
WLFI,1781445600000,1781532000000,largo,2,0.005156332813527902,0.0019,0.003256332813527902
KAS,1781452800000,1781539200000,corto,3,-0.0021225400713181827,0.0029,-0.005022540071318183
CRV,1781456400000,1781542800000,largo,1,-0.0037229969170363988,0.0013,-0.005022996917036398
MANTA,1781460000000,1781546400000,corto,3,0.010784418246565885,0.0029,0.007884418246565885
GALA,1781467200000,1781553600000,corto,4,-0.0018264845260342812,0.0049,-0.006726484526034281
BTC,1781470800000,1781557200000,corto,1,0.0021984318682559847,0.0013,0.0008984318682559848
ETH,1781470800000,1781557200000,corto,1,0.0030879539288007963,0.0013,0.0017879539288007964
DYDX,1781470800000,1781557200000,corto,3,-0.007113975789068589,0.0029,-0.01001397578906859
SOL,1781470800000,1781557200000,corto,1,0.006468873633919806,0.0013,0.0051688736339198064
AVAX,1781470800000,1781557200000,corto,1,0.0009601536983434815,0.0013,-0.00033984630165651843
APE,1781470800000,1781557200000,corto,3,-0.0017098006807802029,0.0029,-0.004609800680780203
OP,1781470800000,1781557200000,corto,2,-0.0006400000218452935,0.0019,-0.0025400000218452935
ARB,1781470800000,1781557200000,corto,2,0.0006906077622548422,0.0019,-0.0012093922377451579
DOGE,1781470800000,1781557200000,corto,1,0.0017557685996104843,0.0013,0.00045576859961048437
INJ,1781470800000,1781557200000,corto,1,0.00661348911986149,0.0013,0.00531348911986149
SUI,1781470800000,1781557200000,corto,1,0.004414962990494584,0.0013,0.0031149629904945837
kPEPE,1781470800000,1781557200000,corto,1,0.0026926976889083414,0.0013,0.0013926976889083414
LDO,1781470800000,1781557200000,corto,3,0.0038132638678634798,0.0029,0.00091326386786348
LINK,1781470800000,1781557200000,corto,1,0.0026778898940848284,0.0013,0.0013778898940848285
CFX,1781470800000,1781557200000,corto,4,-0.00493240221006411,0.0049,-0.009832402210064109
SNX,1781470800000,1781557200000,corto,3,-0.0007022472198707284,0.0029,-0.0036022472198707282
XRP,1781470800000,1781557200000,corto,1,0.010984747881962862,0.0013,0.009684747881962861
BCH,1781470800000,1781557200000,corto,1,-0.0030139194873836936,0.0013,-0.0043139194873836936
APT,1781470800000,1781557200000,corto,2,0.005553134246879966,0.0019,0.003653134246879966
AAVE,1781470800000,1781557200000,corto,1,0.004180551717251719,0.0013,0.0028805517172517192
COMP,1781470800000,1781557200000,corto,3,0.0006678168204118573,0.0029,-0.0022321831795881425
YGG,1781470800000,1781557200000,corto,4,0.0002982626224481931,0.0049,-0.0046017373775518065
kSHIB,1781470800000,1781557200000,corto,2,0.0005938830225031817,0.0019,-0.0013061169774968183
RUNE,1781470800000,1781557200000,corto,2,-0.0023033818696225087,0.0019,-0.0042033818696225085
ZRO,1781470800000,1781557200000,corto,2,-0.0057677962818864816,0.0019,-0.007667796281886481
DOT,1781470800000,1781557200000,corto,2,0.0004925380585216432,0.0019,-0.0014074619414783567
ARK,1781470800000,1781557200000,corto,4,0.00007999680017072681,0.0049,-0.004820003199829273
BIGTIME,1781470800000,1781557200000,corto,3,-0.0016412280066785475,0.0029,-0.004541228006678547
BLUR,1781470800000,1781557200000,corto,4,0.0013370773485510436,0.0049,-0.003562922651448956
TIA,1781470800000,1781557200000,corto,2,-0.0015676526265766785,0.0019,-0.0034676526265766784
BSV,1781470800000,1781557200000,corto,3,-0.00007752238462736097,0.0029,-0.0029775223846273606
ADA,1781470800000,1781557200000,corto,1,0.005333642290227871,0.0013,0.004033642290227871
MINA,1781470800000,1781557200000,corto,4,0.0004754196800095578,0.0049,-0.004424580319990442
POLYX,1781470800000,1781557200000,corto,4,0.0002907188042860461,0.0049,-0.0046092811957139535
GAS,1781470800000,1781557200000,corto,4,-0.0029005309535108186,0.0049,-0.007800530953510819
PENDLE,1781470800000,1781557200000,corto,1,0.0021865897924879646,0.0013,0.0008865897924879647
NEAR,1781470800000,1781557200000,corto,1,0.011944078618181243,0.0013,0.010644078618181244
ORDI,1781470800000,1781557200000,corto,2,-0.0005247966533460965,0.0019,-0.0024247966533460967
NEO,1781470800000,1781557200000,corto,4,-0.0013089007104296294,0.0049,-0.006208900710429629
ZEN,1781470800000,1781557200000,corto,4,-0.0022285408121398,0.0049,-0.0071285408121398
FIL,1781470800000,1781557200000,corto,2,0.0025956537397596423,0.0019,0.0006956537397596423
PYTH,1781470800000,1781557200000,corto,2,-0.01212871144661459,0.0019,-0.01402871144661459
SUSHI,1781470800000,1781557200000,corto,4,-0.0016479898258447059,0.0049,-0.006547989825844706
IMX,1781470800000,1781557200000,corto,4,-0.00337906653885034,0.0049,-0.00827906653885034
kBONK,1781470800000,1781557200000,corto,2,0.01098688569712415,0.0019,0.00908688569712415
GMT,1781470800000,1781557200000,corto,4,-0.007716545680004316,0.0049,-0.012616545680004317
SUPER,1781470800000,1781557200000,corto,3,-0.0005369454015020551,0.0029,-0.003436945401502055
JUP,1781470800000,1781557200000,corto,2,0.0015484673270557098,0.0019,-0.00035153267294429024
kLUNC,1781470800000,1781557200000,corto,2,0.0005045055252263243,0.0019,-0.0013954944747736758
ACE,1781470800000,1781557200000,corto,4,-0.0023041484848502955,0.0049,-0.007204148484850296
WIF,1781470800000,1781557200000,corto,3,0.0015420203518153371,0.0029,-0.0013579796481846627
PEOPLE,1781470800000,1781557200000,corto,4,-0.002073614014148119,0.0049,-0.006973614014148119
ENS,1781470800000,1781557200000,corto,4,-0.012423212059476522,0.0049,-0.017323212059476522
ETC,1781470800000,1781557200000,corto,3,-0.0026541926331207417,0.0029,-0.005554192633120741
XAI,1781470800000,1781557200000,corto,4,-0.002453988961566787,0.0049,-0.007353988961566787
UMA,1781470800000,1781557200000,corto,4,0.00019516003184501257,0.0049,-0.004704839968154987
ONDO,1781470800000,1781557200000,corto,1,0.005145946870684825,0.0013,0.003845946870684825
ZETA,1781470800000,1781557200000,corto,4,-0.004827858443568157,0.0049,-0.009727858443568157
DYM,1781470800000,1781557200000,corto,3,-0.004624285697114012,0.0029,-0.007524285697114012
W,1781470800000,1781557200000,corto,3,-0.0009915717222950275,0.0029,-0.0038915717222950275
STRK,1781470800000,1781557200000,corto,2,-0.005245008573543502,0.0019,-0.007145008573543502
AR,1781470800000,1781557200000,corto,2,-0.0021712391825793645,0.0019,-0.004071239182579365
kFLOKI,1781470800000,1781557200000,corto,3,0.0014699510778681685,0.0029,-0.0014300489221318313
ETHFI,1781470800000,1781557200000,corto,2,0.00023571007769712383,0.0019,-0.0016642899223028762
ENA,1781470800000,1781557200000,corto,1,0.003352885285498704,0.0013,0.002052885285498704
MNT,1781470800000,1781557200000,corto,3,0.00269002783265335,0.0029,-0.00020997216734664967
MERL,1781470800000,1781557200000,corto,3,-0.0044785743443882964,0.0029,-0.007378574344388296
HBAR,1781470800000,1781557200000,corto,2,-0.0005313368075736874,0.0019,-0.0024313368075736873
POPCAT,1781470800000,1781557200000,corto,2,0.0063896548400227855,0.0019,0.004489654840022786
ZK,1781470800000,1781557200000,corto,2,-0.0012755646102155262,0.0019,-0.003175564610215526
RENDER,1781470800000,1781557200000,corto,1,-0.003925312055201663,0.0013,-0.005225312055201663
POL,1781470800000,1781557200000,corto,3,-0.00048480519435934274,0.0029,-0.0033848051943593427
CELO,1781470800000,1781557200000,corto,4,-0.005689060463229988,0.0049,-0.010589060463229988
kNEIRO,1781470800000,1781557200000,corto,2,-0.002845761738369953,0.0019,-0.004745761738369953
GOAT,1781470800000,1781557200000,corto,4,-0.013109256575052746,0.0049,-0.018009256575052746
MOODENG,1781470800000,1781557200000,corto,3,-0.0002351668519646689,0.0029,-0.0031351668519646685
PURR,1781470800000,1781557200000,corto,4,-0.0037447832902248214,0.0049,-0.008644783290224821
PNUT,1781470800000,1781557200000,corto,2,0.0013204227270594347,0.0019,-0.0005795772729405653
XLM,1781470800000,1781557200000,corto,2,0.011638918214124754,0.0019,0.009738918214124754
IOTA,1781470800000,1781557200000,corto,4,0.0025092084879999696,0.0049,-0.0023907915120000302
HYPE,1781470800000,1781557200000,corto,1,-0.010112653074885812,0.0013,-0.011412653074885811
ME,1781470800000,1781557200000,corto,3,0.002465712452814892,0.0029,-0.00043428754718510777
MOVE,1781470800000,1781557200000,corto,3,-0.0,0.0029,-0.0029
VIRTUAL,1781470800000,1781557200000,corto,2,0.006911265682427657,0.0019,0.005011265682427657
PENGU,1781470800000,1781557200000,corto,2,0.009889348651636291,0.0019,0.00798934865163629
FARTCOIN,1781470800000,1781557200000,corto,1,-0.0018196987355073185,0.0013,-0.0031196987355073184
AIXBT,1781470800000,1781557200000,corto,3,0.0007556358195070792,0.0029,-0.0021443641804929207
BIO,1781470800000,1781557200000,corto,2,-0.0022402786051859067,0.0019,-0.0041402786051859064
GRIFFAIN,1781470800000,1781557200000,corto,4,0.003071861987725102,0.0049,-0.0018281380122748977
SPX,1781470800000,1781557200000,corto,1,-0.004162641955942496,0.0013,-0.005462641955942496
S,1781470800000,1781557200000,corto,4,0.0009088431053647881,0.0049,-0.0039911568946352114
ANIME,1781470800000,1781557200000,corto,3,0.0003286770777330065,0.0029,-0.0025713229222669933
VINE,1781470800000,1781557200000,corto,4,-0.0016023810227263726,0.0049,-0.006502381022726373
BERA,1781470800000,1781557200000,corto,3,-0.006810984404498715,0.0029,-0.009710984404498715
LAYER,1781470800000,1781557200000,corto,3,-0.0025044208729386934,0.0029,-0.005404420872938694
PAXG,1781470800000,1781557200000,corto,2,0.00016277744870665158,0.0019,-0.0017372225512933485
WCT,1781470800000,1781557200000,corto,3,0.0019965749620817763,0.0029,-0.0009034250379182235
LINEA,1781470800000,1781557200000,corto,3,-0.0023014969882791674,0.0029,-0.005201496988279167
ASTER,1781470800000,1781557200000,corto,2,-0.0011012037880779436,0.0019,-0.0030012037880779436
0G,1781470800000,1781557200000,corto,3,-0.0017591300102755198,0.0029,-0.004659130010275519
HEMI,1781470800000,1781557200000,corto,4,0.011698022692155727,0.0049,0.006798022692155728
2Z,1781470800000,1781557200000,corto,3,-0.0014370123781801945,0.0029,-0.004337012378180194
ZEC,1781470800000,1781557200000,corto,1,-0.003932004603353165,0.0013,-0.005232004603353165
MON,1781470800000,1781557200000,corto,2,-0.004927758523266876,0.0019,-0.006827758523266876
MET,1781470800000,1781557200000,corto,4,-0.012839098572401286,0.0049,-0.017739098572401288
AERO,1781470800000,1781557200000,corto,3,-0.021245875450339773,0.0029,-0.024145875450339773
FOGO,1781470800000,1781557200000,corto,4,0.0000765198760752349,0.0049,-0.004823480123924765
LIT,1781470800000,1781557200000,corto,1,-0.01360565205577846,0.0013,-0.01490565205577846
AXS,1781470800000,1781557200000,corto,4,-0.0012961764614466762,0.0049,-0.006196176461446676
DASH,1781470800000,1781557200000,corto,2,0.0024106703225324085,0.0019,0.0005106703225324085
AZTEC,1781470800000,1781557200000,corto,3,0.012401346157303891,0.0029,0.009501346157303891
GRASS,1781474400000,1781560800000,corto,2,0.019630703922260448,0.0019,0.01773070392226045
JTO,1781532000000,1781618400000,corto,1,0.072513918921154,0.0013,0.071213918921154
STABLE,1781535600000,1781622000000,corto,2,-0.00038844649638025615,0.0019,-0.0022884464963802563
ORDI,1781560800000,1781647200000,largo,2,-0.0025113674164825846,0.0019,-0.004411367416482585
UMA,1781564400000,1781650800000,corto,4,-0.0013458506813646056,0.0049,-0.006245850681364605
HMSTR,1781564400000,1781650800000,corto,3,0.011363758650315095,0.0029,0.008463758650315095
UNI,1781568000000,1781654400000,corto,1,-0.0360474654758688,0.0013,-0.037347465475868806
POLYX,1781568000000,1781654400000,corto,4,0.009404494788090014,0.0049,0.004504494788090015
SUSHI,1781568000000,1781654400000,corto,3,-0.025978143225515372,0.0029,-0.028878143225515372
CELO,1781575200000,1781661600000,largo,3,0.0038167100593059695,0.0029,0.0009167100593059697
SPX,1781575200000,1781661600000,corto,1,-0.13565062123780608,0.0013,-0.13695062123780607
VVV,1781578800000,1781665200000,corto,1,-0.011366176155956885,0.0013,-0.012666176155956884
HYPER,1781578800000,1781665200000,corto,3,-0.0029470986159790906,0.0029,-0.005847098615979091
RUNE,1781586000000,1781672400000,corto,2,0.0020101969737947607,0.0019,0.00011019697379476066
ASTER,1781586000000,1781672400000,corto,1,-0.0013563770422265508,0.0013,-0.002656377042226551
PURR,1781618400000,1781704800000,largo,2,0.012613273885746016,0.0019,0.010713273885746015
AERO,1781622000000,1781708400000,corto,1,-0.019678879870410282,0.0013,-0.02097887987041028
ALT,1781625600000,1781712000000,corto,3,0.005014759771698261,0.0029,0.0021147597716982616
DYM,1781629200000,1781715600000,corto,3,0.006006024060212034,0.0029,0.003106024060212034
SAGA,1781629200000,1781715600000,corto,4,0.004920923814198685,0.0049,0.000020923814198684984
kLUNC,1781643600000,1781730000000,corto,3,0.00015105014206845331,0.0029,-0.0027489498579315466
PENDLE,1781654400000,1781740800000,corto,2,0.005500563923811969,0.0019,0.003600563923811969
KAITO,1781661600000,1781748000000,corto,3,-0.0024919344545953548,0.0029,-0.0053919344545953546
MELANIA,1781686800000,1781773200000,corto,3,-0.0037176993110255396,0.0029,-0.00661769931102554
UNI,1781694000000,1781780400000,largo,1,-0.014501090690799731,0.0013,-0.01580109069079973
XPL,1781697600000,1781784000000,corto,1,-0.004345943389547429,0.0013,-0.005645943389547429
WLFI,1781697600000,1781784000000,corto,2,-0.00265306782517448,0.0019,-0.00455306782517448
ASTER,1781697600000,1781784000000,corto,1,-0.009330211225197007,0.0013,-0.010630211225197007
CC,1781697600000,1781784000000,corto,2,0.011659626030354748,0.0019,0.009759626030354747
SOL,1781708400000,1781794800000,corto,1,0.0375763021053672,0.0013,0.0362763021053672
APE,1781708400000,1781794800000,corto,3,0.04869948589588415,0.0029,0.04579948589588415
APT,1781708400000,1781794800000,corto,2,0.04214306252182884,0.0019,0.04024306252182884
DOT,1781708400000,1781794800000,corto,2,0.03335343693646115,0.0019,0.03145343693646115
ETHFI,1781708400000,1781794800000,corto,2,0.04406943272332656,0.0019,0.04216943272332656
HBAR,1781708400000,1781794800000,corto,2,0.017210143942404815,0.0019,0.015310143942404814
ZK,1781708400000,1781794800000,corto,3,0.05418595706664558,0.0029,0.05128595706664558
RESOLV,1781708400000,1781794800000,corto,4,0.05507727031260115,0.0049,0.05017727031260115
BRETT,1781712000000,1781798400000,corto,3,-0.019180789116415218,0.0029,-0.022080789116415218
PAXG,1781719200000,1781805600000,largo,1,-0.002298660917119158,0.0013,-0.003598660917119158
BTC,1781722800000,1781809200000,largo,1,0.0038697088682553183,0.0013,0.0025697088682553183
ETH,1781722800000,1781809200000,largo,1,0.011858895873277448,0.0013,0.010558895873277449
LTC,1781722800000,1781809200000,largo,2,0.005184044787587919,0.0019,0.003284044787587919
DOGE,1781722800000,1781809200000,largo,1,0.005821886583655266,0.0013,0.004521886583655266
LINK,1781722800000,1781809200000,largo,1,0.009794173924100119,0.0013,0.00849417392410012
XRP,1781722800000,1781809200000,largo,1,0.0045590119293814095,0.0013,0.0032590119293814095
kSHIB,1781722800000,1781809200000,largo,2,0.007029531555916861,0.0019,0.005129531555916861
KAS,1781722800000,1781809200000,largo,2,0.0038651254302337922,0.0019,0.001965125430233792
BLUR,1781722800000,1781809200000,largo,4,0.00475357412502514,0.0049,-0.00014642587497485943
ZEN,1781722800000,1781809200000,largo,3,0.012812653518266591,0.0029,0.009912653518266592
kBONK,1781722800000,1781809200000,largo,2,0.006675592213784032,0.0019,0.0047755922137840325
STRK,1781722800000,1781809200000,largo,2,0.005323881252749797,0.0019,0.003423881252749797
MERL,1781722800000,1781809200000,largo,4,0.01577312017002241,0.0049,0.010873120170022411
kNEIRO,1781722800000,1781809200000,largo,3,0.01436674565503889,0.0029,0.01146674565503889
PURR,1781722800000,1781809200000,largo,1,0.01619062670764579,0.0013,0.01489062670764579
ALGO,1781722800000,1781809200000,largo,2,0.006427408206450193,0.0019,0.004527408206450193
VINE,1781722800000,1781809200000,largo,4,0.008275217532742378,0.0049,0.003375217532742378
0G,1781722800000,1781809200000,largo,3,0.0010258665807724757,0.0029,-0.001874133419227524
STABLE,1781733600000,1781820000000,corto,2,-0.0043164240753613145,0.0019,-0.006216424075361314
BABY,1781740800000,1781827200000,corto,2,-0.010891637621320428,0.0019,-0.012791637621320429
INIT,1781751600000,1781838000000,corto,3,0.002114148095244857,0.0029,-0.0007858519047551429
DYDX,1781794800000,1781881200000,largo,3,0.006415689742244521,0.0029,0.003515689742244521
AVAX,1781794800000,1781881200000,largo,1,-0.0012433132623921694,0.0013,-0.0025433132623921694
BNB,1781794800000,1781881200000,largo,1,0.002320307182894958,0.0013,0.001020307182894958
kPEPE,1781794800000,1781881200000,largo,1,0.00035404496740842027,0.0013,-0.0009459550325915797
CRV,1781794800000,1781881200000,largo,1,-0.009338263869126288,0.0013,-0.010638263869126287
STX,1781794800000,1781881200000,largo,3,0.002365953399463729,0.0029,-0.0005340466005362707
GMX,1781794800000,1781881200000,largo,4,0.0013579889744222454,0.0049,-0.0035420110255777546
BCH,1781794800000,1781881200000,largo,1,-0.0005586450463969524,0.0013,-0.0018586450463969524
YGG,1781794800000,1781881200000,largo,4,0.00015637827937575488,0.0049,-0.004743621720624245
BANANA,1781794800000,1781881200000,largo,4,0.0009053240633666325,0.0049,-0.003994675936633368
TRB,1781794800000,1781881200000,largo,4,0.003892177322378744,0.0049,-0.0010078226776212558
ARK,1781794800000,1781881200000,largo,4,0.0007856488553910832,0.0049,-0.0041143511446089165
BIGTIME,1781794800000,1781881200000,largo,3,-0.0024448466686338866,0.0029,-0.005344846668633886
TIA,1781794800000,1781881200000,largo,2,-0.006954719882788843,0.0019,-0.008854719882788843
PENDLE,1781794800000,1781881200000,largo,1,-0.0026066193891385683,0.0013,-0.003906619389138569
MEME,1781794800000,1781881200000,largo,3,0.003656311203110479,0.0029,0.0007563112031104794
ORDI,1781794800000,1781881200000,largo,3,-0.004854814893597283,0.0029,-0.007754814893597283
SUSHI,1781794800000,1781881200000,largo,3,0.000509698439464521,0.0029,-0.0023903015605354788
IMX,1781794800000,1781881200000,largo,3,-0.00007119718062179068,0.0029,-0.0029711971806217906
GMT,1781794800000,1781881200000,largo,4,-0.0007618080612209541,0.0049,-0.005661808061220954
SUPER,1781794800000,1781881200000,largo,4,-0.00038720086528400377,0.0049,-0.005287200865284004
kLUNC,1781794800000,1781881200000,largo,3,-0.008489939320524933,0.0029,-0.011389939320524933
GALA,1781794800000,1781881200000,largo,3,0.001956564897304134,0.0029,-0.000943435102695866
ACE,1781794800000,1781881200000,largo,4,0.0,0.0049,-0.0049
WIF,1781794800000,1781881200000,largo,1,0.0004895062203845241,0.0013,-0.0008104937796154758
CAKE,1781794800000,1781881200000,largo,2,0.002897293059613257,0.0019,0.000997293059613257
PEOPLE,1781794800000,1781881200000,largo,4,-0.003440474194965219,0.0049,-0.008340474194965218
XAI,1781794800000,1781881200000,largo,3,-0.0012845216923567388,0.0029,-0.004184521692356739
UMA,1781794800000,1781881200000,largo,4,0.0007383888691094516,0.0049,-0.004161611130890548
ZETA,1781794800000,1781881200000,largo,4,-0.001915971572844096,0.0049,-0.006815971572844096
DYM,1781794800000,1781881200000,largo,3,0.005327032425537544,0.0029,0.0024270324255375444
W,1781794800000,1781881200000,largo,4,0.0020942416031149067,0.0049,-0.002805758396885093
kFLOKI,1781794800000,1781881200000,largo,2,0.002878244744070443,0.0019,0.0009782447440704431
MNT,1781794800000,1781881200000,largo,2,0.004573974324450218,0.0019,0.0026739743244502184
SAGA,1781794800000,1781881200000,largo,2,-0.006010536502142387,0.0019,-0.007910536502142388
REZ,1781794800000,1781881200000,largo,3,0.004126335008894491,0.0029,0.0012263350088944913
TURBO,1781794800000,1781881200000,largo,4,0.003342621496689707,0.0049,-0.0015573785033102926
IO,1781794800000,1781881200000,largo,2,0.01775881286253255,0.0019,0.015858812862532552
RENDER,1781794800000,1781881200000,largo,2,0.011222679207321708,0.0019,0.009322679207321707
POL,1781794800000,1781881200000,largo,2,0.024667400627013367,0.0019,0.02276740062701337
CELO,1781794800000,1781881200000,largo,4,0.026098167047656492,0.0049,0.021198167047656494
GOAT,1781794800000,1781881200000,largo,3,0.0016533898250248426,0.0029,-0.0012466101749751572
MOODENG,1781794800000,1781881200000,largo,3,0.004091114446812905,0.0029,0.0011911144468129053
PNUT,1781794800000,1781881200000,largo,3,0.004338401598598141,0.0029,0.0014384015985981413
SAND,1781794800000,1781881200000,largo,3,0.0019411961114911029,0.0029,-0.0009588038885088969
ME,1781794800000,1781881200000,largo,3,0.001950902911075016,0.0029,-0.0009490970889249838
MOVE,1781794800000,1781881200000,largo,3,0.0017410774202929755,0.0029,-0.0011589225797070243
USUAL,1781794800000,1781881200000,largo,4,-0.0010095912013523254,0.0049,-0.005909591201352325
FARTCOIN,1781794800000,1781881200000,largo,1,0.006934726049096786,0.0013,0.005634726049096786
AIXBT,1781794800000,1781881200000,largo,3,0.019430173548119666,0.0029,0.016530173548119666
GRIFFAIN,1781794800000,1781881200000,largo,4,0.0066178449988876535,0.0049,0.0017178449988876536
S,1781794800000,1781881200000,largo,3,-0.002047212569933474,0.0029,-0.004947212569933474
MELANIA,1781794800000,1781881200000,largo,3,0.00587786001005259,0.0029,0.0029778600100525904
ANIME,1781794800000,1781881200000,largo,3,-0.002488890173689422,0.0029,-0.005388890173689422
VVV,1781794800000,1781881200000,largo,1,-0.008284237211948323,0.0013,-0.009584237211948322
LAYER,1781794800000,1781881200000,largo,2,0.005730412693924212,0.0019,0.0038304126939242124
IP,1781794800000,1781881200000,largo,2,0.022954439845955518,0.0019,0.02105443984595552
NIL,1781794800000,1781881200000,largo,2,0.0020819915318203226,0.0019,0.00018199153182032264
WCT,1781794800000,1781881200000,largo,3,0.020580095883986984,0.0029,0.017680095883986984
DOOD,1781794800000,1781881200000,largo,4,0.002031832734226852,0.0049,-0.002868167265773148
NXPC,1781794800000,1781881200000,largo,3,0.008438600929069827,0.0029,0.0055386009290698274
AVNT,1781794800000,1781881200000,largo,2,0.006409104524213427,0.0019,0.004509104524213427
STBL,1781794800000,1781881200000,largo,2,-0.0004689515111928702,0.0019,-0.0023689515111928704
HEMI,1781794800000,1781881200000,largo,2,0.014304296713615078,0.0019,0.012404296713615077
2Z,1781794800000,1781881200000,largo,3,-0.0022540795997445383,0.0029,-0.005154079599744538
ZEC,1781794800000,1781881200000,largo,1,0.0009691844191318099,0.0013,-0.00033081558086819006
MET,1781794800000,1781881200000,largo,3,-0.0121793264013328,0.0029,-0.015079326401332799
AXS,1781794800000,1781881200000,largo,1,-0.0005292853712646905,0.0013,-0.0018292853712646904
SKR,1781794800000,1781881200000,largo,4,0.006566795731126952,0.0049,0.001666795731126952
AZTEC,1781794800000,1781881200000,largo,2,-0.006700970504783325,0.0019,-0.008600970504783326
KAITO,1781812800000,1781899200000,corto,3,0.004286563961074719,0.0029,0.0013865639610747193
TRX,1781874000000,1781960400000,largo,1,0.002642171803465749,0.0013,0.0013421718034657489
ETC,1781895600000,1781982000000,largo,2,-0.0038442131306937657,0.0019,-0.0057442131306937655
MANTA,1781899200000,1781985600000,corto,3,-0.005606352283503864,0.0029,-0.008506352283503864
ZEN,1781910000000,1781996400000,corto,4,0.004223712635080765,0.0049,-0.0006762873649192348
AXS,1781913600000,1782000000000,corto,4,-0.07711059097548194,0.0049,-0.08201059097548194
SAND,1781917200000,1782003600000,corto,4,0.030606493735803285,0.0049,0.025706493735803283
INIT,1781917200000,1782003600000,largo,3,0.0031648378064693342,0.0029,0.00026483780646933443
ENS,1781920800000,1782007200000,largo,3,0.0010538963519994486,0.0029,-0.0018461036480005512
VVV,1781924400000,1782010800000,corto,1,-0.0017995575177567192,0.0013,-0.003099557517756719
ACE,1781928000000,1782014400000,corto,3,-0.06467106802622696,0.0029,-0.06757106802622696
ANIME,1781931600000,1782018000000,corto,3,0.009389740349838919,0.0029,0.006489740349838919
AVAX,1781938800000,1782025200000,corto,1,-0.0067738380877496625,0.0013,-0.008073838087749662
ASTER,1781938800000,1782025200000,corto,1,0.0067875130721992355,0.0013,0.005487513072199236
W,1781949600000,1782036000000,corto,4,-0.007174918672295264,0.0049,-0.012074918672295265
ZK,1781949600000,1782036000000,corto,4,0.00941203369846019,0.0049,0.004512033698460189
SOPH,1781953200000,1782039600000,corto,4,0.009892754501802672,0.0049,0.004992754501802673
IO,1781964000000,1782050400000,corto,2,-0.005053017786104883,0.0019,-0.006953017786104883
RESOLV,1781967600000,1782054000000,corto,3,-0.0979635202877799,0.0029,-0.1008635202877799
CHIP,1781967600000,1782054000000,corto,2,-0.016261440612027275,0.0019,-0.018161440612027274
TNSR,1781978400000,1782064800000,corto,4,0.018072781059694506,0.0049,0.013172781059694506
SAGA,1781989200000,1782075600000,corto,3,0.05207525715383924,0.0029,0.04917525715383924
VINE,1781992800000,1782079200000,corto,4,-0.0018796229944469118,0.0049,-0.006779622994446912
PUMP,1781992800000,1782079200000,corto,1,0.008069983271391627,0.0013,0.006769983271391627
STABLE,1781992800000,1782079200000,corto,3,0.0011082595628039166,0.0029,-0.0017917404371960832
SUPER,1782000000000,1782086400000,corto,4,-0.013776099668041749,0.0049,-0.01867609966804175
CELO,1782007200000,1782093600000,corto,3,0.0032415444407854163,0.0029,0.00034154444078541646
TAO,1782010800000,1782097200000,corto,1,0.010534661242996932,0.0013,0.009234661242996933
ACE,1782021600000,1782108000000,largo,2,0.0012099215027131511,0.0019,-0.0006900784972868489
DYM,1782021600000,1782108000000,corto,3,0.039574410274337044,0.0029,0.036674410274337044
ME,1782021600000,1782108000000,corto,3,0.004031638272169651,0.0029,0.0011316382721696513
GOAT,1782025200000,1782111600000,corto,3,0.003499628611949338,0.0029,0.000599628611949338
COMP,1782028800000,1782115200000,corto,4,-0.007975672297722178,0.0049,-0.012875672297722178
XPL,1782028800000,1782115200000,corto,1,0.0013277275683626134,0.0013,0.000027727568362613444
2Z,1782032400000,1782118800000,corto,3,-0.00013523747721566853,0.0029,-0.0030352374772156685
ZRO,1782043200000,1782129600000,corto,2,-0.035882524224422646,0.0019,-0.037782524224422645
AIXBT,1782043200000,1782129600000,corto,3,-0.0024237281983067126,0.0029,-0.005323728198306713
TRUMP,1782043200000,1782129600000,corto,1,0.0002627913714437566,0.0013,-0.0010372086285562433
MELANIA,1782043200000,1782129600000,corto,3,0.0017438968046883817,0.0029,-0.0011561031953116181
PEOPLE,1782046800000,1782133200000,corto,4,-0.007568785606631539,0.0049,-0.01246878560663154
VVV,1782050400000,1782136800000,corto,1,0.015420895868636307,0.0013,0.014120895868636307
BABY,1782050400000,1782136800000,corto,3,0.009941145563621336,0.0029,0.007041145563621336
LTC,1782054000000,1782140400000,corto,2,0.0009739901157368843,0.0019,-0.0009260098842631157
WLD,1782054000000,1782140400000,corto,1,-0.0014784526128071636,0.0013,-0.0027784526128071634
WIF,1782054000000,1782140400000,corto,2,0.010758512470970335,0.0019,0.008858512470970335
DOOD,1782061200000,1782147600000,corto,4,0.000647039815521554,0.0049,-0.004252960184478446
NEO,1782082800000,1782169200000,largo,4,0.0022625510476807615,0.0049,-0.0026374489523192384
NIL,1782082800000,1782169200000,largo,3,0.005121783957007531,0.0029,0.002221783957007531
PAXG,1782082800000,1782169200000,largo,2,-0.0005019540458910878,0.0019,-0.002401954045891088
SYRUP,1782082800000,1782169200000,largo,4,0.00819472288121233,0.0049,0.0032947228812123305
DASH,1782082800000,1782169200000,largo,2,0.002787377316447391,0.0019,0.000887377316447391
BTC,1782086400000,1782172800000,corto,1,-0.001966446205268287,0.0013,-0.003266446205268287
ETH,1782086400000,1782172800000,corto,1,-0.0016769310316535801,0.0013,-0.0029769310316535803
ATOM,1782086400000,1782172800000,corto,2,-0.0007235688958438122,0.0019,-0.002623568895843812
ARB,1782086400000,1782172800000,corto,2,0.0013226719898602154,0.0019,-0.0005773280101397846
DOGE,1782086400000,1782172800000,corto,1,-0.0018549619474823897,0.0013,-0.00315496194748239
SUI,1782086400000,1782172800000,corto,1,-0.0032873549775968326,0.0013,-0.0045873549775968326
kPEPE,1782086400000,1782172800000,corto,1,-0.002488890173689405,0.0013,-0.003788890173689405
LINK,1782086400000,1782172800000,corto,1,0.0002795887521865793,0.0013,-0.0010204112478134205
XRP,1782086400000,1782172800000,corto,1,-0.0019475926836090777,0.0013,-0.003247592683609078
BCH,1782086400000,1782172800000,corto,2,0.008241385609444875,0.0019,0.006341385609444875
APT,1782086400000,1782172800000,corto,2,0.004092464976672491,0.0019,0.002192464976672491
AAVE,1782086400000,1782172800000,corto,1,-0.006670146041098218,0.0013,-0.007970146041098218
kSHIB,1782086400000,1782172800000,corto,3,-0.0021533169388412605,0.0029,-0.00505331693884126
DOT,1782086400000,1782172800000,corto,2,0.0027728874513772675,0.0019,0.0008728874513772675
BSV,1782086400000,1782172800000,corto,4,-0.003300472678257713,0.0049,-0.008200472678257712
MINA,1782086400000,1782172800000,corto,4,0.0049703791869167594,0.0049,0.0000703791869167596
kBONK,1782086400000,1782172800000,corto,2,-0.0028461978710261036,0.0019,-0.004746197871026103
UMA,1782086400000,1782172800000,corto,4,-0.006477278644987462,0.0049,-0.011377278644987462
AR,1782086400000,1782172800000,corto,3,-0.00811454359202053,0.0029,-0.01101454359202053
IOTA,1782086400000,1782172800000,corto,4,-0.0014123805587080993,0.0049,-0.006312380558708099
VIRTUAL,1782086400000,1782172800000,corto,2,-0.0033303911704143005,0.0019,-0.005230391170414301
LAYER,1782086400000,1782172800000,corto,3,-0.0108790939279441,0.0029,-0.0137790939279441
HYPER,1782086400000,1782172800000,corto,3,-0.003003595163534238,0.0029,-0.0059035951635342376
INIT,1782086400000,1782172800000,corto,3,-0.005088113695318691,0.0029,-0.00798811369531869
PROVE,1782086400000,1782172800000,corto,3,-0.004096095166330335,0.0029,-0.006996095166330335
BNB,1782090000000,1782176400000,corto,1,0.002369428722521528,0.0013,0.0010694287225215282
FOGO,1782090000000,1782176400000,corto,4,-0.0058839851239854525,0.0049,-0.010783985123985453
HMSTR,1782111600000,1782198000000,largo,2,-0.005698021114637667,0.0019,-0.0075980211146376665
STABLE,1782118800000,1782205200000,corto,3,0.0006632542958156742,0.0029,-0.0022367457041843255
CRV,1782126000000,1782212400000,corto,1,-0.004260848329821958,0.0013,-0.005560848329821958
GRASS,1782126000000,1782212400000,corto,2,-0.008519829591919383,0.0019,-0.010419829591919384
ALGO,1782126000000,1782212400000,corto,2,-0.019253155304881187,0.0019,-0.021153155304881186
0G,1782129600000,1782216000000,corto,3,0.008621794837372751,0.0029,0.0057217948373727515
STBL,1782133200000,1782219600000,corto,3,-0.014094027085916299,0.0029,-0.016994027085916297
TRX,1782140400000,1782226800000,largo,1,0.0006376098954457013,0.0013,-0.0006623901045542986
SNX,1782158400000,1782244800000,corto,2,-0.006254804426918435,0.0019,-0.008154804426918435
RUNE,1782169200000,1782255600000,corto,3,-0.004330409303170804,0.0029,-0.007230409303170804
POPCAT,1782176400000,1782262800000,corto,2,0.03096892000306274,0.0019,0.029068920003062743
CC,1782180000000,1782266400000,corto,2,-0.00590126950280059,0.0019,-0.00780126950280059
INJ,1782187200000,1782273600000,largo,1,-0.0022603386834109548,0.0013,-0.0035603386834109547
YGG,1782194400000,1782280800000,largo,4,-0.00754144996916937,0.0049,-0.01244144996916937
UNI,1782194400000,1782280800000,largo,1,-0.0022002965524217833,0.0013,-0.003500296552421783
TRB,1782194400000,1782280800000,largo,4,0.0006804007066496703,0.0049,-0.004219599293350329
GAS,1782194400000,1782280800000,largo,4,-0.006315810468123854,0.0049,-0.011215810468123854
kBONK,1782194400000,1782280800000,largo,2,0.000227868293113012,0.0019,-0.001672131706886988
GMT,1782194400000,1782280800000,largo,4,-0.0050652254681094674,0.0049,-0.009965225468109467
ETHFI,1782194400000,1782280800000,largo,2,-0.0066027867231894565,0.0019,-0.008502786723189456
IOTA,1782194400000,1782280800000,largo,4,-0.00042723885675147524,0.0049,-0.005327238856751475
SPX,1782194400000,1782280800000,largo,1,0.015968403178730984,0.0013,0.014668403178730985
KAITO,1782194400000,1782280800000,largo,3,-0.00018221159371669348,0.0029,-0.0030822115937166935
SOPH,1782194400000,1782280800000,largo,4,-0.021541243831569464,0.0049,-0.026441243831569462
PROVE,1782194400000,1782280800000,largo,3,0.007070711202279425,0.0029,0.0041707112022794255
SKR,1782194400000,1782280800000,largo,4,0.002513195592726522,0.0049,-0.0023868044072734777
KAS,1782201600000,1782288000000,corto,2,-0.003023274467576213,0.0019,-0.004923274467576213
SYRUP,1782201600000,1782288000000,largo,2,-0.002226232063659554,0.0019,-0.004126232063659554
VVV,1782208800000,1782295200000,largo,1,-0.004006506474409821,0.0013,-0.005306506474409821
MELANIA,1782216000000,1782302400000,largo,2,-0.005840759027733896,0.0019,-0.007740759027733896
ANIME,1782216000000,1782302400000,corto,3,0.0025873235649509123,0.0029,-0.0003126764350490875
SKY,1782219600000,1782306000000,largo,3,-0.02189768374195683,0.0029,-0.02479768374195683
LTC,1782223200000,1782309600000,largo,1,0.0021153854042213053,0.0013,0.0008153854042213054
MEME,1782241200000,1782327600000,corto,4,-0.004000005333346137,0.0049,-0.008900005333346138
ASTER,1782241200000,1782327600000,corto,1,0.02578288690810886,0.0013,0.02448288690810886
GRASS,1782252000000,1782338400000,largo,2,-0.0028470403358645466,0.0019,-0.004747040335864546
DOOD,1782259200000,1782345600000,corto,4,0.007052215405324947,0.0049,0.002152215405324947
HEMI,1782270000000,1782356400000,largo,3,0.0,0.0029,-0.0029
TNSR,1782277200000,1782363600000,corto,2,-0.0048509154904010626,0.0019,-0.006750915490401062
AVNT,1782284400000,1782370800000,largo,2,-0.003944778291016341,0.0019,-0.0058447782910163405
STBL,1782284400000,1782370800000,corto,4,-0.003305926472505343,0.0049,-0.008205926472505343
CELO,1782291600000,1782378000000,corto,4,0.011784892634247948,0.0049,0.006884892634247948
PROVE,1782291600000,1782378000000,corto,3,0.003449078089114874,0.0029,0.000549078089114874
AAVE,1782295200000,1782381600000,corto,1,-0.00042446109238680383,0.0013,-0.0017244610923868038
SUSHI,1782295200000,1782381600000,largo,4,-0.0014531046150004744,0.0049,-0.006353104615000474
INJ,1782298800000,1782385200000,largo,2,-0.01114476914025792,0.0019,-0.013044769140257921
CAKE,1782298800000,1782385200000,corto,3,0.001816393445740491,0.0029,-0.0010836065542595087
MANTA,1782302400000,1782388800000,corto,3,-0.018948547170226534,0.0029,-0.021848547170226534
PAXG,1782302400000,1782388800000,largo,1,0.007081491427045002,0.0013,0.005781491427045002
BTC,1782306000000,1782392400000,largo,1,-0.04987387212550971,0.0013,-0.051173872125509716
ETH,1782306000000,1782392400000,largo,1,-0.06188321262883549,0.0013,-0.06318321262883549
BNB,1782306000000,1782392400000,largo,1,-0.038163311939338605,0.0013,-0.03946331193933861
DOGE,1782306000000,1782392400000,largo,1,-0.05901593092553678,0.0013,-0.06031593092553678
LINK,1782306000000,1782392400000,largo,1,-0.05863953612782091,0.0013,-0.059939536127820915
TRX,1782306000000,1782392400000,largo,1,-0.014547055924005193,0.0013,-0.015847055924005194
kSHIB,1782306000000,1782392400000,largo,3,-0.07498768085095311,0.0029,-0.07788768085095311
UNI,1782306000000,1782392400000,largo,1,-0.06192924786258605,0.0013,-0.06322924786258605
BANANA,1782306000000,1782392400000,largo,4,-0.0669644241134834,0.0049,-0.0718644241134834
POLYX,1782306000000,1782392400000,largo,4,-0.0719166927400795,0.0049,-0.0768166927400795
kBONK,1782306000000,1782392400000,largo,3,-0.07972932628582599,0.0029,-0.08262932628582599
GALA,1782306000000,1782392400000,largo,4,-0.07711372454737231,0.0049,-0.08201372454737231
PEOPLE,1782306000000,1782392400000,largo,4,-0.07986855094787616,0.0049,-0.08476855094787616
ENS,1782306000000,1782392400000,largo,3,-0.0722614757827936,0.0029,-0.0751614757827936
kFLOKI,1782306000000,1782392400000,largo,4,-0.08400759533719684,0.0049,-0.08890759533719685
MNT,1782306000000,1782392400000,largo,3,-0.08589411884086552,0.0029,-0.08879411884086552
HBAR,1782306000000,1782392400000,largo,2,-0.043909830570034857,0.0019,-0.045809830570034855
HMSTR,1782306000000,1782392400000,largo,3,-0.04196419909903219,0.0029,-0.04486419909903219
MOODENG,1782306000000,1782392400000,largo,3,-0.08489235501498209,0.0029,-0.08779235501498209
VIRTUAL,1782306000000,1782392400000,largo,2,-0.07760514301246847,0.0019,-0.07950514301246847
PENGU,1782306000000,1782392400000,largo,1,-0.08256363059139342,0.0013,-0.08386363059139341
SPX,1782306000000,1782392400000,largo,1,-0.06768431925510647,0.0013,-0.06898431925510647
APEX,1782306000000,1782392400000,largo,4,-0.05446394568651283,0.0049,-0.059363945686512834
MON,1782306000000,1782392400000,largo,2,-0.04221121786111087,0.0019,-0.04411121786111087
STABLE,1782309600000,1782396000000,corto,3,-0.017120956046552407,0.0029,-0.020020956046552407
SOL,1782313200000,1782399600000,largo,1,-0.00009050729344122075,0.0013,-0.0013905072934412208
LTC,1782313200000,1782399600000,largo,1,0.0031712238255586903,0.0013,0.0018712238255586904
ARB,1782313200000,1782399600000,largo,1,0.001093194970855028,0.0013,-0.00020680502914497204
kPEPE,1782313200000,1782399600000,largo,1,0.0029592074014777705,0.0013,0.0016592074014777705
BCH,1782313200000,1782399600000,largo,2,0.0062077397918070916,0.0019,0.004307739791807092
DOT,1782313200000,1782399600000,largo,2,0.007341925962455029,0.0019,0.005441925962455029
GAS,1782313200000,1782399600000,largo,4,0.002887506661469322,0.0049,-0.0020124933385306776
ORDI,1782313200000,1782399600000,largo,3,-0.0015518916790648062,0.0029,-0.004451891679064806
XAI,1782313200000,1782399600000,largo,4,-0.0028449521322312507,0.0049,-0.0077449521322312505
AR,1782313200000,1782399600000,largo,2,0.003414664330174281,0.0019,0.0015146643301742811
BRETT,1782313200000,1782399600000,largo,4,-0.001617469014180614,0.0049,-0.006517469014180614
TRUMP,1782313200000,1782399600000,largo,1,-0.00037016472752857837,0.0013,-0.0016701647275285782
SYRUP,1782313200000,1782399600000,largo,4,0.004063529247011195,0.0049,-0.0008364707529888047
PUMP,1782313200000,1782399600000,largo,1,-0.01756632371789917,0.0013,-0.018866323717899168
ZRO,1782316800000,1782403200000,largo,1,-0.008497456710150076,0.0013,-0.009797456710150077
MERL,1782316800000,1782403200000,largo,3,-0.014134725302668292,0.0029,-0.017034725302668294
GOAT,1782316800000,1782403200000,largo,4,-0.00041488611971293395,0.0049,-0.005314886119712934
IOTA,1782316800000,1782403200000,largo,4,-0.012031229729956995,0.0049,-0.016931229729956997
FARTCOIN,1782316800000,1782403200000,largo,1,-0.012342053466610338,0.0013,-0.013642053466610338
S,1782316800000,1782403200000,largo,2,-0.00890280758912584,0.0019,-0.010802807589125841
VINE,1782316800000,1782403200000,largo,4,-0.004458322141711164,0.0049,-0.009358322141711164
FOGO,1782316800000,1782403200000,largo,4,0.008675657213579002,0.0049,0.0037756572135790017
ONDO,1782324000000,1782410400000,corto,1,0.018454703412991005,0.0013,0.017154703412991006
WLFI,1782363600000,1782450000000,corto,1,0.0036293862000124576,0.0013,0.0023293862000124577
COMP,1782370800000,1782457200000,largo,4,-0.00313650441161384,0.0049,-0.00803650441161384
HYPER,1782370800000,1782457200000,corto,3,-0.02508287971257467,0.0029,-0.027982879712574668
POPCAT,1782378000000,1782464400000,largo,1,-0.0035278130677487297,0.0013,-0.00482781306774873
ATOM,1782392400000,1782478800000,largo,2,0.01922176005744314,0.0019,0.017321760057443143
DYDX,1782392400000,1782478800000,largo,1,0.021077282634913198,0.0013,0.0197772826349132
AVAX,1782392400000,1782478800000,largo,1,0.024202175895877188,0.0013,0.02290217589587719
APE,1782392400000,1782478800000,largo,2,0.004918587516586631,0.0019,0.0030185875165866316
OP,1782392400000,1782478800000,largo,1,0.03135657988979329,0.0013,0.03005657988979329
INJ,1782392400000,1782478800000,largo,1,0.018313637705229226,0.0013,0.017013637705229227
SUI,1782392400000,1782478800000,largo,1,0.020805391946406005,0.0013,0.019505391946406006
CRV,1782392400000,1782478800000,largo,1,0.018673503524712875,0.0013,0.017373503524712876
LDO,1782392400000,1782478800000,largo,2,0.025066242089661503,0.0019,0.023166242089661504
STX,1782392400000,1782478800000,largo,3,0.02024077610044654,0.0029,0.01734077610044654
CFX,1782392400000,1782478800000,largo,4,0.01857204580686311,0.0049,0.01367204580686311
GMX,1782392400000,1782478800000,largo,3,0.0237114480238416,0.0029,0.0208114480238416
SNX,1782392400000,1782478800000,largo,2,0.013636457995166211,0.0019,0.01173645799516621
XRP,1782392400000,1782478800000,largo,1,0.018372327218761475,0.0013,0.017072327218761476
APT,1782392400000,1782478800000,largo,1,0.023110629242628602,0.0013,0.021810629242628603
YGG,1782392400000,1782478800000,largo,3,0.024219969329787202,0.0029,0.021319969329787202
RUNE,1782392400000,1782478800000,largo,2,0.014909808193332201,0.0019,0.0130098081933322
TRB,1782392400000,1782478800000,largo,3,0.015388470165011672,0.0029,0.012488470165011673
BIGTIME,1782392400000,1782478800000,largo,4,0.03291553510242849,0.0049,0.02801553510242849
KAS,1782392400000,1782478800000,largo,3,0.022159977257314223,0.0029,0.019259977257314223
BLUR,1782392400000,1782478800000,largo,3,0.020310617717914883,0.0029,0.017410617717914884
TIA,1782392400000,1782478800000,largo,2,0.029638176987552497,0.0019,0.027738176987552498
BSV,1782392400000,1782478800000,largo,3,0.009245058144051209,0.0029,0.006345058144051209
ADA,1782392400000,1782478800000,largo,1,0.02067508083498002,0.0013,0.019375080834980022
MINA,1782392400000,1782478800000,largo,3,0.028240154926305872,0.0029,0.025340154926305872
PENDLE,1782392400000,1782478800000,largo,1,0.022561035385646137,0.0013,0.021261035385646138
FET,1782392400000,1782478800000,largo,1,0.03463807361041331,0.0013,0.033338073610413306
NEAR,1782392400000,1782478800000,largo,1,0.01500599937335462,0.0013,0.013705999373354621
MEME,1782392400000,1782478800000,largo,3,0.022430846988182353,0.0029,0.019530846988182353
NEO,1782392400000,1782478800000,largo,4,0.022327971591359765,0.0049,0.017427971591359767
ZEN,1782392400000,1782478800000,largo,3,0.02380860519433094,0.0029,0.02090860519433094
FIL,1782392400000,1782478800000,largo,2,0.02486718359620734,0.0019,0.022967183596207343
PYTH,1782392400000,1782478800000,largo,2,0.02181291920586791,0.0019,0.01991291920586791
SUSHI,1782392400000,1782478800000,largo,2,0.02973944472714092,0.0019,0.027839444727140922
IMX,1782392400000,1782478800000,largo,3,0.023345471358188957,0.0029,0.020445471358188957
GMT,1782392400000,1782478800000,largo,4,0.030393370726925675,0.0049,0.025493370726925674
kLUNC,1782392400000,1782478800000,largo,3,0.012597134210726741,0.0029,0.009697134210726741
ACE,1782392400000,1782478800000,largo,3,0.02670385644742819,0.0029,0.02380385644742819
WIF,1782392400000,1782478800000,largo,2,0.01717579730202928,0.0019,0.015275797302029279
CAKE,1782392400000,1782478800000,largo,3,0.011013161023501295,0.0029,0.008113161023501295
ETC,1782392400000,1782478800000,largo,2,0.01777665433082492,0.0019,0.01587665433082492
UMA,1782392400000,1782478800000,largo,4,0.017819131139713958,0.0049,0.012919131139713958
ALT,1782392400000,1782478800000,largo,3,0.025425098365810177,0.0029,0.022525098365810178
ZETA,1782392400000,1782478800000,largo,3,0.02882715262601822,0.0029,0.025927152626018222
DYM,1782392400000,1782478800000,largo,4,0.027221382683625412,0.0049,0.022321382683625414
W,1782392400000,1782478800000,largo,2,0.02583566732891489,0.0019,0.023935667328914893
STRK,1782392400000,1782478800000,largo,2,0.015246310572873885,0.0019,0.013346310572873884
TAO,1782392400000,1782478800000,largo,1,0.025025002594578714,0.0013,0.023725002594578715
ETHFI,1782392400000,1782478800000,largo,2,0.03119000942622399,0.0019,0.029290009426223992
ENA,1782392400000,1782478800000,largo,1,0.022107906502689824,0.0013,0.020807906502689825
SAGA,1782392400000,1782478800000,largo,3,0.025337247919749888,0.0029,0.022437247919749888
EIGEN,1782392400000,1782478800000,largo,1,0.031498667059371016,0.0013,0.030198667059371017
REZ,1782392400000,1782478800000,largo,4,0.05493592539217867,0.0049,0.050035925392178666
TURBO,1782392400000,1782478800000,largo,4,0.021506205220963463,0.0049,0.01660620522096346
IO,1782392400000,1782478800000,largo,2,0.02211687839353831,0.0019,0.02021687839353831
ZK,1782392400000,1782478800000,largo,3,0.020039552014459068,0.0029,0.017139552014459068
RENDER,1782392400000,1782478800000,largo,2,0.024916956550191688,0.0019,0.02301695655019169
POL,1782392400000,1782478800000,largo,2,0.02900673899316694,0.0019,0.027106738993166943
kNEIRO,1782392400000,1782478800000,largo,2,0.01589910194242108,0.0019,0.01399910194242108
PURR,1782392400000,1782478800000,largo,2,0.0370906681962222,0.0019,0.0351906681962222
PNUT,1782392400000,1782478800000,largo,2,0.029222459972612524,0.0019,0.027322459972612526
XLM,1782392400000,1782478800000,largo,1,0.0187489366703235,0.0013,0.0174489366703235
SAND,1782392400000,1782478800000,largo,3,0.020959692109635514,0.0029,0.018059692109635515
ALGO,1782392400000,1782478800000,largo,2,0.014253117641869466,0.0019,0.012353117641869466
HYPE,1782392400000,1782478800000,largo,1,0.03635950955932275,0.0013,0.03505950955932275
ME,1782392400000,1782478800000,largo,2,0.03623647082511052,0.0019,0.03433647082511052
USUAL,1782392400000,1782478800000,largo,4,0.0250868344297351,0.0049,0.020186834429735102
AIXBT,1782392400000,1782478800000,largo,3,0.024211308246333017,0.0029,0.021311308246333018
BIO,1782392400000,1782478800000,largo,1,0.01845689977731669,0.0013,0.01715689977731669
GRIFFAIN,1782392400000,1782478800000,largo,4,0.016177158438734546,0.0049,0.011277158438734546
MORPHO,1782392400000,1782478800000,largo,1,0.011854903082542459,0.0013,0.01055490308254246
MELANIA,1782392400000,1782478800000,largo,3,0.010720769745101695,0.0029,0.007820769745101696
ANIME,1782392400000,1782478800000,largo,3,0.0289421843709201,0.0029,0.0260421843709201
VVV,1782392400000,1782478800000,largo,1,0.03039297015633677,0.0013,0.029092970156336773
BERA,1782392400000,1782478800000,largo,3,0.02692006674846484,0.0029,0.024020066748464842
LAYER,1782392400000,1782478800000,largo,2,0.01796450848537105,0.0019,0.01606450848537105
IP,1782392400000,1782478800000,largo,2,0.02155191322344488,0.0019,0.01965191322344488
KAITO,1782392400000,1782478800000,largo,3,0.028741479099342857,0.0029,0.025841479099342857
NIL,1782392400000,1782478800000,largo,2,0.020616285026458143,0.0019,0.018716285026458144
BABY,1782392400000,1782478800000,largo,3,0.016285458690518104,0.0029,0.013385458690518104
WCT,1782392400000,1782478800000,largo,3,0.026755531439681263,0.0029,0.023855531439681263
ZORA,1782392400000,1782478800000,largo,2,0.017851439248052298,0.0019,0.0159514392480523
INIT,1782392400000,1782478800000,largo,3,0.024702687746456304,0.0029,0.021802687746456304
NXPC,1782392400000,1782478800000,largo,3,0.021815256667678636,0.0029,0.018915256667678636
SOPH,1782392400000,1782478800000,largo,3,0.018854493496343536,0.0029,0.015954493496343536
PROVE,1782392400000,1782478800000,largo,3,0.014525307160773467,0.0029,0.011625307160773467
LINEA,1782392400000,1782478800000,largo,3,0.021758908917865975,0.0029,0.018858908917865975
SKY,1782392400000,1782478800000,largo,3,0.002689325007027293,0.0029,-0.00021067499297270677
ASTER,1782392400000,1782478800000,largo,1,0.017224815598575305,0.0013,0.015924815598575306
AVNT,1782392400000,1782478800000,largo,2,0.017057936687764844,0.0019,0.015157936687764844
STBL,1782392400000,1782478800000,largo,3,0.021310865641542213,0.0029,0.018410865641542214
0G,1782392400000,1782478800000,largo,2,0.020422960089723573,0.0019,0.018522960089723574
HEMI,1782392400000,1782478800000,largo,3,0.021542904152111474,0.0029,0.018642904152111475
2Z,1782392400000,1782478800000,largo,3,0.01820175460888882,0.0029,0.015301754608888819
ZEC,1782392400000,1782478800000,largo,1,0.02900841641306799,0.0013,0.027708416413067993
MET,1782392400000,1782478800000,largo,1,0.04927739787049486,0.0013,0.047977397870494855
MEGA,1782392400000,1782478800000,largo,2,0.005265852154532213,0.0019,0.0033658521545322133
CC,1782392400000,1782478800000,largo,2,0.007236212480035296,0.0019,0.005336212480035296
ICP,1782392400000,1782478800000,largo,2,0.027949294869623085,0.0019,0.026049294869623086
AERO,1782392400000,1782478800000,largo,1,0.023412117035700505,0.0013,0.022112117035700506
AXS,1782392400000,1782478800000,largo,3,0.02211811992796975,0.0029,0.019218119927969752
SKR,1782392400000,1782478800000,largo,3,0.03423079688402243,0.0029,0.03133079688402243
AZTEC,1782392400000,1782478800000,largo,3,0.02265171842416663,0.0029,0.01975171842416663
CHIP,1782392400000,1782478800000,largo,1,0.026247488201244912,0.0013,0.024947488201244913
TNSR,1782396000000,1782482400000,corto,2,0.020207747627397694,0.0019,0.018307747627397696
MOVE,1782396000000,1782482400000,corto,3,0.0033780812637743294,0.0029,0.00047808126377432963
W,1782486000000,1782572400000,corto,2,-0.008733679968754631,0.0019,-0.010633679968754632
GOAT,1782500400000,1782586800000,corto,3,0.011267724846342269,0.0029,0.008367724846342269
GMX,1782511200000,1782597600000,corto,3,-0.005289745443429184,0.0029,-0.008189745443429184
GRIFFAIN,1782558000000,1782644400000,corto,3,0.0003118665236566217,0.0029,-0.002588133476343378
PENGU,1782568800000,1782655200000,corto,2,-0.0003226326854893501,0.0019,-0.00222263268548935
SUSHI,1782572400000,1782658800000,corto,3,0.0010674495642981215,0.0029,-0.0018325504357018783
SPX,1782572400000,1782658800000,corto,2,-0.0015200681111002898,0.0019,-0.0034200681111002896
RESOLV,1782572400000,1782658800000,corto,2,-0.028047150087998875,0.0019,-0.029947150087998874
0G,1782572400000,1782658800000,corto,3,0.010903569760790472,0.0029,0.008003569760790473
ETH,1782579600000,1782666000000,largo,1,0.0,0.0013,-0.0013
AIXBT,1782579600000,1782666000000,largo,3,-0.006297580508787178,0.0029,-0.009197580508787178
S,1782579600000,1782666000000,corto,3,0.020034059033115965,0.0029,0.017134059033115965
KAS,1782583200000,1782669600000,corto,3,-0.0026352378840703975,0.0029,-0.005535237884070397
STBL,1782583200000,1782669600000,corto,2,0.004136839630726211,0.0019,0.002236839630726211
MEGA,1782583200000,1782669600000,corto,2,0.008330629507745305,0.0019,0.006430629507745305
SUI,1782586800000,1782673200000,largo,1,-0.006211336901081784,0.0013,-0.007511336901081784
HEMI,1782601200000,1782687600000,corto,4,-0.012888555857443185,0.0049,-0.017788555857443183
BABY,1782604800000,1782691200000,corto,4,0.0013499029325844897,0.0049,-0.00355009706741551
MEME,1782615600000,1782702000000,corto,4,-0.013445580709351118,0.0049,-0.01834558070935112
STRK,1782615600000,1782702000000,corto,2,-0.007897036748264969,0.0019,-0.00979703674826497
CELO,1782615600000,1782702000000,corto,3,0.023358621730482865,0.0029,0.020458621730482865
ICP,1782615600000,1782702000000,corto,2,-0.000459094673383512,0.0019,-0.002359094673383512
ZORA,1782619200000,1782705600000,corto,3,0.010861452758907927,0.0029,0.007961452758907927
ORDI,1782630000000,1782716400000,corto,3,-0.011973344460626348,0.0029,-0.014873344460626348
RENDER,1782630000000,1782716400000,corto,2,-0.005118700791727508,0.0019,-0.0070187007917275075
TURBO,1782644400000,1782730800000,corto,4,0.015487035201162225,0.0049,0.010587035201162226
GOAT,1782644400000,1782730800000,corto,3,0.007840192396200605,0.0029,0.004940192396200605
PNUT,1782644400000,1782730800000,corto,3,0.002543059976470693,0.0029,-0.000356940023529307
GAS,1782648000000,1782734400000,corto,4,0.0036498015323435246,0.0049,-0.0012501984676564753
USUAL,1782648000000,1782734400000,corto,4,-0.0031662295580497345,0.0049,-0.008066229558049734
AERO,1782648000000,1782734400000,corto,2,0.0005330206405181079,0.0019,-0.001366979359481892
JTO,1782651600000,1782738000000,corto,1,-0.0019611598093293298,0.0013,-0.0032611598093293297
ACE,1782655200000,1782741600000,corto,4,-0.0067340321813441194,0.0049,-0.01163403218134412
XAI,1782655200000,1782741600000,corto,4,-0.0014035090023203122,0.0049,-0.006303509002320312
MANTA,1782655200000,1782741600000,corto,2,-0.02355595036676858,0.0019,-0.02545595036676858
DYM,1782655200000,1782741600000,corto,4,-0.012820688429061469,0.0049,-0.01772068842906147
REZ,1782655200000,1782741600000,corto,4,0.0013162226316157457,0.0049,-0.0035837773683842543
BRETT,1782655200000,1782741600000,corto,4,0.00037893141794838244,0.0049,-0.0045210685820516175
DYDX,1782658800000,1782745200000,corto,1,-0.01826647518270605,0.0013,-0.019566475182706048
ANIME,1782658800000,1782745200000,corto,4,-0.0013708021337786216,0.0049,-0.006270802133778622
BANANA,1782666000000,1782752400000,corto,4,-0.013971636299024478,0.0049,-0.018871636299024476
IOTA,1782673200000,1782759600000,largo,4,-0.006039915711670944,0.0049,-0.010939915711670944
SEI,1782676800000,1782763200000,corto,2,0.0020400132303345473,0.0019,0.00014001323033454726
ZRO,1782684000000,1782770400000,corto,1,0.006576945363516238,0.0013,0.005276945363516238
PAXG,1782684000000,1782770400000,largo,2,-0.0016442045506775051,0.0019,-0.003544204550677505
PENDLE,1782687600000,1782774000000,corto,3,0.0019229352867125035,0.0029,-0.0009770647132874963
FARTCOIN,1782687600000,1782774000000,corto,1,-0.001140007248508903,0.0013,-0.002440007248508903
AZTEC,1782687600000,1782774000000,corto,4,0.003066311333145172,0.0049,-0.0018336886668548279
FOGO,1782694800000,1782781200000,corto,3,0.014284411262939336,0.0029,0.011384411262939336
TRB,1782702000000,1782788400000,corto,4,0.000367579493203307,0.0049,-0.004532420506796693
BABY,1782712800000,1782799200000,corto,4,-0.0033124091450543805,0.0049,-0.00821240914505438
TNSR,1782720000000,1782806400000,corto,4,0.013099323956512116,0.0049,0.008199323956512116
APE,1782745200000,1782831600000,corto,2,-0.008414621225182817,0.0019,-0.010314621225182818
ORDI,1782745200000,1782831600000,corto,2,0.0032338302839814495,0.0019,0.0013338302839814495
ETH,1782752400000,1782838800000,corto,1,0.0008911521913756667,0.0013,-0.00040884780862433323
CRV,1782752400000,1782838800000,corto,1,0.00260437575786332,0.0013,0.0013043757578633203
LINK,1782752400000,1782838800000,corto,1,0.0014061273260805862,0.0013,0.00010612732608058627
PEOPLE,1782752400000,1782838800000,corto,4,0.005239834640807133,0.0049,0.00033983464080713285
MERL,1782752400000,1782838800000,corto,4,-0.01067780901347511,0.0049,-0.01557780901347511
PURR,1782752400000,1782838800000,corto,3,0.004004516179699215,0.0029,0.0011045161796992154
SKY,1782752400000,1782838800000,corto,3,0.012885736903724658,0.0029,0.009985736903724658
KAS,1782756000000,1782842400000,corto,3,0.007859371746480822,0.0029,0.004959371746480822
MEME,1782784800000,1782871200000,corto,2,-0.006589809679055583,0.0019,-0.008489809679055584
HEMI,1782784800000,1782871200000,largo,4,0.0075329923075454506,0.0049,0.0026329923075454507
MEGA,1782788400000,1782874800000,corto,2,-0.01664785940086324,0.0019,-0.01854785940086324
PAXG,1782799200000,1782885600000,corto,1,0.0012840689118787379,0.0013,-0.000015931088121262085
ENA,1782806400000,1782892800000,largo,1,0.0051516198710425684,0.0013,0.0038516198710425685
SKR,1782806400000,1782892800000,corto,3,-0.018565169843997153,0.0029,-0.021465169843997153
HYPER,1782810000000,1782896400000,largo,3,-0.0073265963115381584,0.0029,-0.010226596311538157
BIGTIME,1782817200000,1782903600000,largo,3,0.007077170374085079,0.0029,0.004177170374085079
PYTH,1782817200000,1782903600000,largo,2,0.014896455560919755,0.0019,0.012996455560919754
INIT,1782817200000,1782903600000,largo,3,0.0021995533916280125,0.0029,-0.0007004466083719873
XPL,1782817200000,1782903600000,largo,1,-0.006281599243130187,0.0013,-0.007581599243130187
CC,1782817200000,1782903600000,largo,2,-0.0006782880270904926,0.0019,-0.002578288027090493
DOGE,1782820800000,1782907200000,largo,1,0.003437273209915506,0.0013,0.002137273209915506
NEAR,1782820800000,1782907200000,largo,1,-0.0021252804420163847,0.0013,-0.0034252804420163846
kBONK,1782820800000,1782907200000,largo,2,-0.0038544976655099563,0.0019,-0.005754497665509956
TNSR,1782820800000,1782907200000,corto,4,0.029253591615584593,0.0049,0.02435359161558459
LINEA,1782820800000,1782907200000,largo,3,-0.010371743796781824,0.0029,-0.013271743796781824
DYDX,1782831600000,1782918000000,corto,1,0.005591026748570456,0.0013,0.004291026748570456
BIO,1782838800000,1782925200000,corto,3,0.005093844794406479,0.0029,0.0021938447944064793
VINE,1782849600000,1782936000000,largo,4,0.004903305928520715,0.0049,3.305928520715498e-6
POPCAT,1782864000000,1782950400000,largo,3,-0.00746245085960571,0.0029,-0.01036245085960571
ME,1782864000000,1782950400000,corto,4,0.0060718688822241846,0.0049,0.0011718688822241847
LAYER,1782878400000,1782964800000,corto,2,-0.011360544185152192,0.0019,-0.013260544185152193
RESOLV,1782878400000,1782964800000,corto,3,0.0025737540005789012,0.0029,-0.0003262459994210986
kPEPE,1782885600000,1782972000000,largo,1,0.0,0.0013,-0.0013
STRK,1782885600000,1782972000000,largo,2,-0.008304316116915027,0.0019,-0.010204316116915028
CELO,1782892800000,1782979200000,corto,3,0.009834720784961238,0.0029,0.0069347207849612385
IOTA,1782892800000,1782979200000,corto,3,0.010879595101583234,0.0029,0.007979595101583234
BTC,1782910800000,1782997200000,corto,1,-0.006495896099575368,0.0013,-0.007795896099575368
ZETA,1782910800000,1782997200000,corto,4,-0.004654354740387167,0.0049,-0.009554354740387166
GRASS,1782910800000,1782997200000,corto,1,0.010666619910646874,0.0013,0.009366619910646874
SAND,1782910800000,1782997200000,corto,4,-0.0041287147704089575,0.0049,-0.009028714770408957
BERA,1782910800000,1782997200000,corto,2,-0.003552874901309434,0.0019,-0.005452874901309434
PAXG,1782910800000,1782997200000,corto,1,-0.0037844833019585167,0.0013,-0.005084483301958516
WCT,1782910800000,1782997200000,corto,4,-0.010003313857274739,0.0049,-0.014903313857274739
MET,1782910800000,1782997200000,corto,2,0.007783777597627987,0.0019,0.005883777597627988
ICP,1782910800000,1782997200000,corto,2,-0.002902500418975483,0.0019,-0.004802500418975483
VVV,1782914400000,1783000800000,corto,1,0.004249713312593746,0.0013,0.0029497133125937457
NIL,1782914400000,1783000800000,corto,3,0.020012569858748983,0.0029,0.017112569858748983
INIT,1782918000000,1783004400000,corto,2,0.003780322119330437,0.0019,0.001880322119330437
MON,1782918000000,1783004400000,corto,2,0.006286191125514612,0.0019,0.004386191125514612
STABLE,1782918000000,1783004400000,largo,2,-0.002609092255923343,0.0019,-0.004509092255923343
TURBO,1782921600000,1783008000000,corto,4,-0.004662013105811371,0.0049,-0.009562013105811371
GOAT,1782921600000,1783008000000,corto,2,-0.009328077786983198,0.0019,-0.011228077786983199
HEMI,1782932400000,1783018800000,corto,3,0.006581677399394685,0.0029,0.0036816773993946852
LIT,1782932400000,1783018800000,corto,1,0.02467816043543464,0.0013,0.02337816043543464
VINE,1782939600000,1783026000000,corto,4,-0.006112488469077055,0.0049,-0.011012488469077056
WLFI,1782943200000,1783029600000,largo,2,0.0028191306875201766,0.0019,0.0009191306875201766
BABY,1782950400000,1783036800000,corto,4,0.002820060439379961,0.0049,-0.002079939560620039
ME,1782954000000,1783040400000,corto,3,-0.02139679145338448,0.0029,-0.02429679145338448
KAITO,1782961200000,1783047600000,largo,2,0.005435031915368553,0.0019,0.0035350319153685536
APEX,1782968400000,1783054800000,corto,4,-0.00491775882879241,0.0049,-0.009817758828792409
GRIFFAIN,1782979200000,1783065600000,corto,2,-0.0017984664990409222,0.0019,-0.0036984664990409224
STBL,1782979200000,1783065600000,corto,2,0.008033672352675561,0.0019,0.006133672352675561
0G,1782979200000,1783065600000,corto,3,-0.0014851947406545878,0.0029,-0.004385194740654587
UNI,1782990000000,1783076400000,corto,1,-0.0030923396526694566,0.0013,-0.004392339652669457
ZEC,1782990000000,1783076400000,corto,1,-0.00695978255667951,0.0013,-0.00825978255667951
ZK,1782993600000,1783080000000,corto,3,0.008105414182821341,0.0029,0.005205414182821342
FET,1782997200000,1783083600000,corto,1,-0.0068394602707591585,0.0013,-0.00813946027075916
MERL,1782997200000,1783083600000,corto,4,0.0007067494867355758,0.0049,-0.004193250513264424
ASTER,1783000800000,1783087200000,largo,2,0.0030568488630337586,0.0019,0.0011568488630337586
MEGA,1783004400000,1783090800000,corto,2,-0.023557179227227304,0.0019,-0.025457179227227303
kLUNC,1783026000000,1783112400000,corto,3,0.00044681720527365047,0.0029,-0.0024531827947263493
POLYX,1783036800000,1783123200000,corto,4,0.009548833742616378,0.0049,0.004648833742616378
RESOLV,1783040400000,1783126800000,corto,2,-0.003812285953867092,0.0019,-0.005712285953867092
TRB,1783065600000,1783152000000,corto,4,0.010004572640735346,0.0049,0.005104572640735347
GOAT,1783069200000,1783155600000,corto,3,-0.004970780704508688,0.0029,-0.007870780704508688
MELANIA,1783072800000,1783159200000,corto,3,-0.014040414622983003,0.0029,-0.016940414622983003
ETHFI,1783083600000,1783170000000,corto,2,-0.005027516145321987,0.0019,-0.006927516145321987
NIL,1783094400000,1783180800000,corto,3,0.009937010587356939,0.0029,0.007037010587356939
AERO,1783094400000,1783180800000,largo,2,0.015373835576334673,0.0019,0.013473835576334673
LTC,1783108800000,1783195200000,corto,1,0.0028614226810444923,0.0013,0.0015614226810444923
kPEPE,1783108800000,1783195200000,corto,1,0.005856532112712871,0.0013,0.0045565321127128714
SNX,1783108800000,1783195200000,corto,3,0.0019312896284220107,0.0029,-0.0009687103715779891
kBONK,1783112400000,1783198800000,corto,1,-0.02387035410722619,0.0013,-0.02517035410722619
kFLOKI,1783112400000,1783198800000,corto,3,-0.0013764627087232354,0.0029,-0.0042764627087232355
kNEIRO,1783112400000,1783198800000,corto,3,-0.0007605141441922845,0.0029,-0.003660514144192284
FOGO,1783112400000,1783198800000,corto,4,0.006114325489336446,0.0049,0.001214325489336446
DYDX,1783126800000,1783213200000,largo,1,-0.007466784321578119,0.0013,-0.008766784321578118
ANIME,1783126800000,1783213200000,largo,3,-0.007859990447376853,0.0029,-0.010759990447376853
VVV,1783126800000,1783213200000,largo,1,-0.04112280636471617,0.0013,-0.042422806364716174
BABY,1783126800000,1783213200000,largo,4,-0.026140158654970755,0.0049,-0.031040158654970756
KAS,1783137600000,1783224000000,corto,4,0.001516691966688411,0.0049,-0.0033833080333115885
BSV,1783152000000,1783238400000,corto,3,0.019705749953053717,0.0029,0.016805749953053718
DYM,1783152000000,1783238400000,corto,4,0.02403961918614689,0.0049,0.019139619186146893
IO,1783152000000,1783238400000,corto,3,-0.000518119812402276,0.0029,-0.003418119812402276
VINE,1783152000000,1783238400000,largo,3,-0.0034518501654776756,0.0029,-0.006351850165477676
GMT,1783155600000,1783242000000,corto,4,0.007282050703803743,0.0049,0.002382050703803743
AR,1783162800000,1783249200000,corto,3,-0.003292594643376321,0.0029,-0.00619259464337632
SOPH,1783162800000,1783249200000,corto,4,-0.0009983029680050754,0.0049,-0.005898302968005075
HMSTR,1783166400000,1783252800000,largo,1,-0.005865119452398022,0.0013,-0.007165119452398022
BCH,1783173600000,1783260000000,corto,1,-0.003279518580098525,0.0013,-0.004579518580098525
SAGA,1783173600000,1783260000000,corto,3,-0.0036324050110071527,0.0029,-0.0065324050110071525
NOT,1783173600000,1783260000000,largo,4,-0.002395210725954933,0.0049,-0.007295210725954933
LDO,1783177200000,1783263600000,corto,2,0.0030205307025273917,0.0019,0.0011205307025273917
MERL,1783177200000,1783263600000,corto,4,0.001818365992492435,0.0049,-0.0030816340075075646
REZ,1783177200000,1783263600000,corto,4,-0.002970789443535719,0.0049,-0.007870789443535718
XLM,1783177200000,1783263600000,corto,1,0.006077229164750414,0.0013,0.004777229164750414
CRV,1783180800000,1783267200000,corto,1,-0.0006114050748954909,0.0013,-0.001911405074895491
EIGEN,1783180800000,1783267200000,corto,2,-0.0034320068007060184,0.0019,-0.005332006800706018
SEI,1783184400000,1783270800000,corto,2,-0.008604445209708317,0.0019,-0.010504445209708318
ONDO,1783184400000,1783270800000,corto,1,0.0002443270329472812,0.0013,-0.0010556729670527188
GRASS,1783202400000,1783288800000,largo,1,0.0005780012876945607,0.0013,-0.0007219987123054392
GAS,1783209600000,1783296000000,corto,4,0.0070044647808118025,0.0049,0.0021044647808118027
STABLE,1783216800000,1783303200000,corto,3,-0.009034262349375969,0.0029,-0.011934262349375968
ZK,1783220400000,1783306800000,corto,3,0.003884603871144031,0.0029,0.0009846038711440312
APEX,1783234800000,1783321200000,largo,4,0.006243744610737787,0.0049,0.0013437446107377867
ZORA,1783238400000,1783324800000,corto,4,-0.0005524099021846203,0.0049,-0.0054524099021846205
PENDLE,1783245600000,1783332000000,largo,1,0.023153176905793185,0.0013,0.021853176905793185
GMX,1783252800000,1783339200000,corto,4,0.012654457840255614,0.0049,0.007754457840255614
TRX,1783252800000,1783339200000,corto,2,0.0020777323534233345,0.0019,0.00017773235342333454
BANANA,1783252800000,1783339200000,corto,4,0.009749704158057431,0.0049,0.0048497041580574315
CAKE,1783252800000,1783339200000,corto,3,0.011322458112250538,0.0029,0.008422458112250538
PYTH,1783260000000,1783346400000,largo,2,0.01967976979250308,0.0019,0.01777976979250308
INIT,1783260000000,1783346400000,corto,3,-0.007365690699329863,0.0029,-0.010265690699329862
TRB,1783267200000,1783353600000,corto,3,0.030578367890699846,0.0029,0.027678367890699846
ALGO,1783270800000,1783357200000,corto,2,0.0010913039914360865,0.0019,-0.0008086960085639135
STX,1783274400000,1783360800000,corto,3,-0.003981269895757185,0.0029,-0.006881269895757185
W,1783274400000,1783360800000,corto,3,0.004777839953713086,0.0029,0.001877839953713086
GOAT,1783274400000,1783360800000,corto,3,-0.006430037732146716,0.0029,-0.009330037732146716
IMX,1783281600000,1783368000000,corto,3,-0.005086193502127681,0.0029,-0.00798619350212768
BOME,1783285200000,1783371600000,corto,4,-0.009029406719394157,0.0049,-0.013929406719394157
MON,1783285200000,1783371600000,corto,2,-0.03051498768792182,0.0019,-0.03241498768792182
BTC,1783288800000,1783375200000,corto,1,0.0037278701140144154,0.0013,0.0024278701140144155
SPX,1783299600000,1783386000000,corto,1,0.03672151181173888,0.0013,0.03542151181173888
BERA,1783306800000,1783393200000,corto,2,0.0021581054587585086,0.0019,0.0002581054587585086
MET,1783314000000,1783400400000,largo,2,0.009116598857751219,0.0019,0.007216598857751219
ICP,1783314000000,1783400400000,largo,2,0.007816289365513564,0.0019,0.005916289365513565
COMP,1783317600000,1783404000000,corto,4,-0.007066348546458746,0.0049,-0.011966348546458746
GRIFFAIN,1783317600000,1783404000000,corto,3,-0.010111309604320474,0.0029,-0.013011309604320474
PUMP,1783317600000,1783404000000,largo,1,0.029324031488086006,0.0013,0.028024031488086007
ATOM,1783321200000,1783407600000,corto,2,0.00522588943135713,0.0019,0.00332588943135713
MINA,1783321200000,1783407600000,corto,2,-0.0023022941416540243,0.0019,-0.004202294141654024
POL,1783321200000,1783407600000,corto,3,-0.0018684110600275439,0.0029,-0.004768411060027544
HMSTR,1783321200000,1783407600000,largo,1,-0.061939299440290585,0.0013,-0.06323929944029058
MELANIA,1783321200000,1783407600000,corto,3,0.005239354685999601,0.0029,0.002339354685999601
FOGO,1783321200000,1783407600000,corto,4,0.005919592709484421,0.0049,0.0010195927094844215
SAGA,1783328400000,1783414800000,corto,4,-0.002263297835254054,0.0049,-0.007163297835254054
VIRTUAL,1783328400000,1783414800000,largo,2,0.005498611619664598,0.0019,0.003598611619664598
HEMI,1783332000000,1783418400000,corto,3,0.004901448278392161,0.0029,0.002001448278392161
APE,1783335600000,1783422000000,largo,3,0.010142809550443643,0.0029,0.007242809550443643
SNX,1783335600000,1783422000000,largo,3,0.0007553373829006509,0.0029,-0.002144662617099349
RENDER,1783335600000,1783422000000,largo,2,0.003117209506700371,0.0019,0.001217209506700371
DOGE,1783339200000,1783425600000,largo,1,0.0007083809781845546,0.0013,-0.0005916190218154453
LDO,1783339200000,1783425600000,largo,2,-0.0034977784964175455,0.0019,-0.005397778496417546
CFX,1783339200000,1783425600000,largo,4,-0.0037873249411662633,0.0049,-0.008687324941166263
XRP,1783339200000,1783425600000,largo,1,0.001154991021738023,0.0013,-0.00014500897826197692
kSHIB,1783339200000,1783425600000,largo,2,0.00022792022890687948,0.0019,-0.0016720797710931205
NEO,1783339200000,1783425600000,largo,3,-0.0009130567743993956,0.0029,-0.0038130567743993953
SUPER,1783339200000,1783425600000,largo,4,0.0003954511867050566,0.0049,-0.004504548813294943
kLUNC,1783339200000,1783425600000,largo,4,-0.004580845113558978,0.0049,-0.009480845113558978
MANTA,1783339200000,1783425600000,largo,3,-0.0017400937713518137,0.0029,-0.004640093771351814
UMA,1783339200000,1783425600000,largo,4,-0.0004436036343865847,0.0049,-0.005343603634386585
HBAR,1783339200000,1783425600000,largo,2,0.0019198839953377606,0.0019,0.000019883995337760616
REZ,1783339200000,1783425600000,largo,4,0.0006913239127738626,0.0049,-0.0042086760872261375
TURBO,1783339200000,1783425600000,largo,4,-0.009019226866849256,0.0049,-0.013919226866849255
SAND,1783339200000,1783425600000,largo,4,-0.003021028640994387,0.0049,-0.007921028640994386
IOTA,1783339200000,1783425600000,largo,4,-0.0009258251396526548,0.0049,-0.005825825139652655
SOPH,1783339200000,1783425600000,largo,4,-0.0024193560188070025,0.0049,-0.007319356018807002
SYRUP,1783339200000,1783425600000,largo,3,-0.011430655407211141,0.0029,-0.014330655407211141
ZK,1783342800000,1783429200000,corto,4,0.00724025509214963,0.0049,0.0023402550921496302
APEX,1783342800000,1783429200000,corto,3,0.011442634311436523,0.0029,0.008542634311436523
CHIP,1783342800000,1783429200000,corto,2,0.011958626268149657,0.0019,0.010058626268149656
BLUR,1783346400000,1783432800000,corto,4,0.010963041650316184,0.0049,0.0060630416503161845
ETHFI,1783346400000,1783432800000,corto,1,-0.007270570139851744,0.0013,-0.008570570139851744
ETH,1783350000000,1783436400000,corto,1,-0.004626928008202798,0.0013,-0.0059269280082027975
ARB,1783350000000,1783436400000,corto,1,-0.00922830643649653,0.0013,-0.010528306436496531
LINK,1783350000000,1783436400000,corto,1,-0.008612517455410655,0.0013,-0.009912517455410656
GMX,1783350000000,1783436400000,corto,4,-0.0045896111658973,0.0049,-0.0094896111658973
YGG,1783350000000,1783436400000,corto,4,-0.0054611251730830555,0.0049,-0.010361125173083055
DOT,1783350000000,1783436400000,corto,2,-0.00973190449160707,0.0019,-0.011631904491607071
POLYX,1783350000000,1783436400000,corto,4,-0.006408829392335331,0.0049,-0.01130882939233533
NEAR,1783350000000,1783436400000,corto,1,-0.015323352725148964,0.0013,-0.016623352725148963
ZEN,1783350000000,1783436400000,corto,3,-0.019320056027553874,0.0029,-0.022220056027553874
FIL,1783350000000,1783436400000,corto,2,-0.009225052609185765,0.0019,-0.011125052609185766
PYTH,1783350000000,1783436400000,corto,1,-0.0014949853843706027,0.0013,-0.002794985384370603
SUSHI,1783350000000,1783436400000,corto,4,-0.01343957100616709,0.0049,-0.01833957100616709
DYM,1783350000000,1783436400000,corto,3,-0.009319731948802448,0.0029,-0.012219731948802447
TNSR,1783350000000,1783436400000,corto,4,-0.0047142102627265635,0.0049,-0.009614210262726564
MERL,1783350000000,1783436400000,corto,3,-0.008095957588757743,0.0029,-0.010995957588757743
BRETT,1783350000000,1783436400000,corto,4,-0.006451635281488595,0.0049,-0.011351635281488595
MORPHO,1783350000000,1783436400000,corto,2,-0.006864614204501653,0.0019,-0.008764614204501654
TRUMP,1783350000000,1783436400000,corto,1,-0.01209968568824033,0.0013,-0.01339968568824033
PROVE,1783350000000,1783436400000,corto,4,-0.0032502186958969547,0.0049,-0.008150218695896955
AZTEC,1783350000000,1783436400000,corto,4,-0.00856819703197949,0.0049,-0.01346819703197949
kBONK,1783357200000,1783443600000,largo,1,-0.005671092703816392,0.0013,-0.006971092703816392
ANIME,1783357200000,1783443600000,corto,4,0.003974711646540559,0.0049,-0.0009252883534594412
JTO,1783364400000,1783450800000,corto,1,0.007447283075283798,0.0013,0.006147283075283798
WLFI,1783382400000,1783468800000,corto,2,-0.002739962327229535,0.0019,-0.004639962327229535
STBL,1783422000000,1783508400000,corto,3,-0.003963046487106396,0.0029,-0.006863046487106395
RUNE,1783429200000,1783515600000,largo,3,0.0038847400050452266,0.0029,0.0009847400050452268
BANANA,1783429200000,1783515600000,corto,3,-0.0015677055924880803,0.0029,-0.00446770559248808
PURR,1783436400000,1783522800000,corto,3,0.0052167164083537195,0.0029,0.0023167164083537197
ZEC,1783436400000,1783522800000,corto,1,0.012537497253980909,0.0013,0.011237497253980908
DASH,1783436400000,1783522800000,corto,2,0.005436975824845019,0.0019,0.003536975824845019
MNT,1783447200000,1783533600000,largo,3,0.00573342420513977,0.0029,0.00283342420513977
BRETT,1783447200000,1783533600000,largo,4,-0.0009694620245481195,0.0049,-0.005869462024548119
VINE,1783447200000,1783533600000,largo,2,-0.001082983725721249,0.0019,-0.002982983725721249
STABLE,1783447200000,1783533600000,corto,3,0.01403873618085413,0.0029,0.01113873618085413
GRASS,1783450800000,1783537200000,largo,1,0.0010520779508038345,0.0013,-0.0002479220491961654
AVAX,1783472400000,1783558800000,largo,1,0.00616985233733896,0.0013,0.00486985233733896
SUPER,1783472400000,1783558800000,largo,4,-0.000231144396933275,0.0049,-0.005131144396933275
JUP,1783472400000,1783558800000,largo,1,-0.01339696715633651,0.0013,-0.014696967156336511
WIF,1783472400000,1783558800000,largo,2,0.0021574981400213143,0.0019,0.0002574981400213143
ALT,1783472400000,1783558800000,largo,2,-0.005129038331793629,0.0019,-0.007029038331793629
0G,1783472400000,1783558800000,largo,3,0.018251141753593707,0.0029,0.015351141753593707
ETHFI,1783476000000,1783562400000,largo,1,0.01766152028056578,0.0013,0.01636152028056578
DYDX,1783479600000,1783566000000,largo,2,-0.007864309082184653,0.0019,-0.009764309082184654
JTO,1783494000000,1783580400000,largo,1,-0.0038887159255012248,0.0013,-0.005188715925501224
KAITO,1783494000000,1783580400000,largo,2,-0.006303434976257826,0.0019,-0.008203434976257825
CRV,1783497600000,1783584000000,largo,1,-0.004341612227062616,0.0013,-0.005641612227062616
PAXG,1783497600000,1783584000000,largo,1,0.000048756704056579664,0.0013,-0.0012512432959434204
MANTA,1783501200000,1783587600000,largo,2,0.0022489413509583452,0.0019,0.00034894135095834525
ME,1783508400000,1783594800000,corto,3,0.00016287971369186843,0.0029,-0.0027371202863081313
CC,1783508400000,1783594800000,corto,2,-0.017260574687470484,0.0019,-0.019160574687470483
SYRUP,1783519200000,1783605600000,largo,2,0.005444330186036683,0.0019,0.0035443301860366835
SKR,1783519200000,1783605600000,corto,2,-0.0075997832531030885,0.0019,-0.009499783253103088
STX,1783526400000,1783612800000,corto,3,0.005907313566942768,0.0029,0.003007313566942768
HEMI,1783533600000,1783620000000,largo,3,-0.002879612134938187,0.0029,-0.005779612134938187
MET,1783548000000,1783634400000,corto,2,-0.0030524864069247596,0.0019,-0.004952486406924759
ARB,1783566000000,1783652400000,corto,1,0.009446837179960785,0.0013,0.008146837179960786
RSR,1783569600000,1783656000000,corto,4,0.029165536161725174,0.0049,0.024265536161725172
RESOLV,1783612800000,1783699200000,corto,3,-0.021409422086962126,0.0029,-0.024309422086962126
ICP,1783616400000,1783702800000,corto,2,0.0028314439668859575,0.0019,0.0009314439668859575
S,1783620000000,1783706400000,corto,3,-0.0001179500286412468,0.0029,-0.0030179500286412466
MORPHO,1783620000000,1783706400000,corto,2,0.006550095825804865,0.0019,0.004650095825804865
ZEC,1783620000000,1783706400000,corto,1,-0.00029951179801180445,0.0013,-0.0015995117980118043
AIXBT,1783623600000,1783710000000,corto,3,0.0067491819749284495,0.0029,0.0038491819749284497
TAO,1783634400000,1783720800000,corto,1,0.00014102051871914677,0.0013,-0.0011589794812808531
ORDI,1783638000000,1783724400000,corto,3,0.004586112142634419,0.0029,0.001686112142634419
ETH,1783645200000,1783731600000,corto,1,0.0020103876766054164,0.0013,0.0007103876766054165
DOGE,1783645200000,1783731600000,corto,1,0.0019291612785050172,0.0013,0.0006291612785050173
LINK,1783645200000,1783731600000,corto,1,0.0009790386121547152,0.0013,-0.0003209613878452848
SUSHI,1783645200000,1783731600000,corto,3,0.0024378364096875305,0.0029,-0.0004621635903124693
SUPER,1783645200000,1783731600000,corto,4,0.0057272883826839345,0.0049,0.0008272883826839347
ALT,1783645200000,1783731600000,corto,4,-0.0019906598718251256,0.0049,-0.0068906598718251255
IOTA,1783645200000,1783731600000,corto,4,-0.009672267215434021,0.0049,-0.014572267215434021
PENGU,1783645200000,1783731600000,corto,2,0.004797706308162951,0.0019,0.0028977063081629516
SPX,1783645200000,1783731600000,corto,1,0.0021654990461675836,0.0013,0.0008654990461675837
APEX,1783645200000,1783731600000,corto,2,0.005960365273036376,0.0019,0.004060365273036376
CELO,1783656000000,1783742400000,corto,4,-0.020796298448775983,0.0049,-0.02569629844877598
HEMI,1783656000000,1783742400000,largo,4,0.01774498726674513,0.0049,0.01284498726674513
kBONK,1783659600000,1783746000000,corto,1,-0.0031804308154291,0.0013,-0.0044804308154291
MON,1783666800000,1783753200000,largo,1,-0.00021614611561502318,0.0013,-0.001516146115615023
DOT,1783674000000,1783760400000,corto,2,0.0013753518692115791,0.0019,-0.0005246481307884208
SUI,1783677600000,1783764000000,corto,1,0.003573334618507677,0.0013,0.002273334618507677
SAGA,1783677600000,1783764000000,corto,4,0.0023014969882792745,0.0049,-0.0025985030117207254
MERL,1783684800000,1783771200000,corto,3,-0.007679383613848497,0.0029,-0.010579383613848498
USUAL,1783688400000,1783774800000,corto,4,0.00978800636616282,0.0049,0.004888006366162821
FOGO,1783688400000,1783774800000,corto,4,-0.007702480566022055,0.0049,-0.012602480566022055
SOL,1783692000000,1783778400000,largo,1,0.003997017140042714,0.0013,0.002697017140042714
CRV,1783692000000,1783778400000,largo,2,0.0035518900738301285,0.0019,0.0016518900738301285
MELANIA,1783692000000,1783778400000,largo,3,0.010615681413029302,0.0029,0.007715681413029302
AERO,1783692000000,1783778400000,largo,2,-0.002456180759202443,0.0019,-0.004356180759202443
WIF,1783695600000,1783782000000,largo,2,-0.005465205535406445,0.0019,-0.0073652055354064445
kPEPE,1783699200000,1783785600000,corto,1,-0.007509422022131568,0.0013,-0.008809422022131568
VIRTUAL,1783702800000,1783789200000,corto,2,0.005598300659242402,0.0019,0.003698300659242402
DYDX,1783717200000,1783803600000,corto,2,0.004008021397538711,0.0019,0.002108021397538711
HMSTR,1783720800000,1783807200000,corto,3,-0.004962789342129097,0.0029,-0.007862789342129098
KAS,1783728000000,1783814400000,corto,3,0.002188184680552894,0.0029,-0.0007118153194471057
SKR,1783742400000,1783828800000,corto,3,-0.003955614431452019,0.0029,-0.0068556144314520185
GRASS,1783749600000,1783836000000,corto,2,0.001652451724033752,0.0019,-0.0002475482759662479
KAITO,1783756800000,1783843200000,corto,2,0.007553714617834765,0.0019,0.005653714617834765
HBAR,1783764000000,1783850400000,largo,1,-0.0009165767979033151,0.0013,-0.002216576797903315
NEO,1783767600000,1783854000000,corto,4,0.0021803623981489417,0.0049,-0.002719637601851058
MOODENG,1783778400000,1783864800000,corto,3,-0.007415606685262029,0.0029,-0.01031560668526203
CFX,1783782000000,1783868400000,corto,4,-0.0039586892485924015,0.0049,-0.008858689248592401
ADA,1783782000000,1783868400000,corto,1,0.003459056154022916,0.0013,0.002159056154022916
SOPH,1783782000000,1783868400000,largo,4,0.0014618359082305956,0.0049,-0.003438164091769404
UMA,1783785600000,1783872000000,corto,4,0.003164685840509248,0.0049,-0.0017353141594907517
ZEN,1783792800000,1783879200000,corto,3,-0.0038265352813674383,0.0029,-0.0067265352813674385
STBL,1783792800000,1783879200000,corto,3,-0.01002373279576191,0.0029,-0.01292373279576191
COMP,1783796400000,1783882800000,corto,4,-0.0032361535700521607,0.0049,-0.00813615357005216
FIL,1783807200000,1783893600000,largo,3,-0.004806051132099171,0.0029,-0.007706051132099171
BERA,1783807200000,1783893600000,largo,3,0.0016731155215330758,0.0029,-0.001226884478466924
0G,1783807200000,1783893600000,largo,3,-0.0058654379856670855,0.0029,-0.008765437985667085
BTC,1783810800000,1783897200000,largo,1,-0.0017231930323403832,0.0013,-0.0030231930323403834
ETH,1783810800000,1783897200000,largo,1,0.0009413850129002229,0.0013,-0.00035861498709977707
SOL,1783810800000,1783897200000,largo,1,0.0019522613379697065,0.0013,0.0006522613379697066
AVAX,1783810800000,1783897200000,largo,2,0.001953354529761642,0.0019,0.00005335452976164214
BNB,1783810800000,1783897200000,largo,1,0.00013939225001673007,0.0013,-0.0011606077499832698
OP,1783810800000,1783897200000,largo,2,0.0021011564086249154,0.0019,0.00020115640862491545
LTC,1783810800000,1783897200000,largo,2,-0.0038130734595283604,0.0019,-0.005713073459528361
DOGE,1783810800000,1783897200000,largo,1,0.0005091334521210019,0.0013,-0.000790866547878998
LINK,1783810800000,1783897200000,largo,1,0.0012137973948307325,0.0013,-0.00008620260516926741
XRP,1783810800000,1783897200000,largo,1,-0.00027633215300439226,0.0013,-0.0015763321530043923
BCH,1783810800000,1783897200000,largo,2,-0.0018716861032352765,0.0019,-0.0037716861032352765
YGG,1783810800000,1783897200000,largo,4,0.004538065591013831,0.0049,-0.0003619344089861691
SEI,1783810800000,1783897200000,largo,2,-0.0016334973908792845,0.0019,-0.0035334973908792847
TRB,1783810800000,1783897200000,largo,3,0.004067078980168876,0.0029,0.001167078980168876
POLYX,1783810800000,1783897200000,largo,4,-0.0009947500129477112,0.0049,-0.005894750012947711
FET,1783810800000,1783897200000,largo,2,0.0030994047392871047,0.0019,0.0011994047392871047
ORDI,1783810800000,1783897200000,largo,3,0.0020173613513286915,0.0029,-0.0008826386486713083
SUSHI,1783810800000,1783897200000,largo,3,0.0034754581001528676,0.0029,0.0005754581001528678
JUP,1783810800000,1783897200000,largo,1,0.0029370058695859496,0.0013,0.0016370058695859497
CAKE,1783810800000,1783897200000,largo,2,0.0018552881017461409,0.0019,-0.00004471189825385911
ENS,1783810800000,1783897200000,largo,3,0.001391245144529033,0.0029,-0.0015087548554709668
ETC,1783810800000,1783897200000,largo,3,-0.0003800280681845404,0.0029,-0.0032800280681845404
ONDO,1783810800000,1783897200000,largo,2,-0.0008981248377754816,0.0019,-0.0027981248377754817
STRK,1783810800000,1783897200000,largo,2,0.0046995722614860454,0.0019,0.0027995722614860457
TAO,1783810800000,1783897200000,largo,1,0.0,0.0013,-0.0013
kFLOKI,1783810800000,1783897200000,largo,3,0.0017450840055162676,0.0029,-0.0011549159944837322
SAGA,1783810800000,1783897200000,largo,2,0.0007877117382491863,0.0019,-0.0011122882617508136
REZ,1783810800000,1783897200000,largo,3,-0.001180870044720961,0.0029,-0.004080870044720961
BRETT,1783810800000,1783897200000,largo,3,0.0036436899071976476,0.0029,0.0007436899071976478
XLM,1783810800000,1783897200000,largo,2,-0.0018770284115572707,0.0019,-0.003777028411557271
SAND,1783810800000,1783897200000,largo,3,0.0015490572690001942,0.0029,-0.0013509427309998056
PENGU,1783810800000,1783897200000,largo,2,0.0035131780174370727,0.0019,0.0016131780174370727
FARTCOIN,1783810800000,1783897200000,largo,1,0.004706854080165508,0.0013,0.003406854080165508
BIO,1783810800000,1783897200000,largo,3,0.002483415616284885,0.0029,-0.0004165843837151146
GRIFFAIN,1783810800000,1783897200000,largo,2,-0.0011686340000101783,0.0019,-0.0030686340000101783
TRUMP,1783810800000,1783897200000,largo,1,0.0019298815896498756,0.0013,0.0006298815896498757
MELANIA,1783810800000,1783897200000,largo,4,0.007370135314362682,0.0049,0.0024701353143626818
LAYER,1783810800000,1783897200000,largo,4,0.00277744043764971,0.0049,-0.00212255956235029
NIL,1783810800000,1783897200000,largo,3,-0.006354583452924359,0.0029,-0.009254583452924358
BABY,1783810800000,1783897200000,largo,4,0.002576013289767775,0.0049,-0.0023239867102322247
ZORA,1783810800000,1783897200000,largo,3,-0.0022002209096024235,0.0029,-0.005100220909602424
LINEA,1783810800000,1783897200000,largo,4,0.00042274361229879365,0.0049,-0.004477256387701206
ASTER,1783810800000,1783897200000,largo,2,0.0006432833402385424,0.0019,-0.0012567166597614574
MET,1783810800000,1783897200000,largo,2,-0.0004733727899046916,0.0019,-0.0023733727899046915
AXS,1783810800000,1783897200000,largo,4,0.0030136550410939057,0.0049,-0.0018863449589060942
DASH,1783810800000,1783897200000,largo,3,0.001803217194540815,0.0029,-0.0010967828054591847
AZTEC,1783810800000,1783897200000,largo,4,-0.0066768078086506455,0.0049,-0.011576807808650644
SNX,1783818000000,1783904400000,corto,3,0.020902425400852017,0.0029,0.018002425400852017
ALT,1783818000000,1783904400000,corto,3,0.02001317577574468,0.0029,0.01711317577574468
WCT,1783818000000,1783904400000,corto,3,0.009326072280020796,0.0029,0.006426072280020796
STABLE,1783821600000,1783908000000,corto,3,0.009833623163297108,0.0029,0.006933623163297108
XMR,1783825200000,1783911600000,corto,1,-0.006496995508360709,0.0013,-0.007796995508360709
WLFI,1783828800000,1783915200000,largo,2,0.003256849658962307,0.0019,0.001356849658962307
MON,1783861200000,1783947600000,corto,2,0.004582749416305887,0.0019,0.0026827494163058872
2Z,1783864800000,1783951200000,corto,3,-0.0014295134456141852,0.0029,-0.0043295134456141846
HEMI,1783868400000,1783954800000,corto,3,0.004382431186488329,0.0029,0.0014824311864883293
CC,1783872000000,1783958400000,largo,2,0.0028603707872621844,0.0019,0.0009603707872621844
VINE,1783893600000,1783980000000,largo,3,0.0008101383464911182,0.0029,-0.0020898616535088817
PAXG,1783893600000,1783980000000,largo,2,-0.0009999000933072963,0.0019,-0.0028999000933072963
EIGEN,1783900800000,1783987200000,corto,2,-0.0,0.0019,-0.0019
BTC,1783904400000,1783990800000,largo,1,-0.00028786182831116086,0.0013,-0.0015878618283111609
SOL,1783904400000,1783990800000,largo,1,-0.0017920794903848545,0.0013,-0.0030920794903848544
TRB,1783904400000,1783990800000,largo,3,0.0016024574437966048,0.0029,-0.001297542556203395
PENDLE,1783904400000,1783990800000,largo,2,-0.006892578554996788,0.0019,-0.008792578554996789
ENS,1783904400000,1783990800000,largo,3,-0.00024425989374019164,0.0029,-0.0031442598937401916
AR,1783904400000,1783990800000,largo,3,-0.0021447448913989374,0.0029,-0.005044744891398938
IO,1783904400000,1783990800000,largo,3,-0.0063095754005178,0.0029,-0.0092095754005178
LINEA,1783904400000,1783990800000,largo,4,0.0007917656787340257,0.0049,-0.004108234321265974
0G,1783904400000,1783990800000,largo,3,-0.0034662079764861725,0.0029,-0.006366207976486172
MET,1783904400000,1783990800000,largo,3,-0.004783569842567681,0.0029,-0.007683569842567681
AERO,1783904400000,1783990800000,largo,2,-0.0021869657357946964,0.0019,-0.004086965735794697
PEOPLE,1783908000000,1783994400000,corto,4,0.010026077302127696,0.0049,0.005126077302127696
SKR,1783908000000,1783994400000,corto,3,0.0008864266508405429,0.0029,-0.002013573349159457
CFX,1783911600000,1783998000000,largo,3,-0.0002575599719216235,0.0029,-0.0031575599719216234
COMP,1783911600000,1783998000000,largo,4,0.0004844374564885833,0.0049,-0.004415562543511417
UMA,1783911600000,1783998000000,largo,4,-0.0003631944387360603,0.0049,-0.00526319443873606
REZ,1783911600000,1783998000000,largo,4,-0.00334029538136989,0.0049,-0.00824029538136989
BERA,1783911600000,1783998000000,largo,3,-0.00660819217634866,0.0029,-0.00950819217634866
WCT,1783911600000,1783998000000,largo,4,-0.008261616688834387,0.0049,-0.013161616688834386
INIT,1783911600000,1783998000000,largo,3,0.0001681755756970048,0.0029,-0.002731824424302995
SOPH,1783911600000,1783998000000,largo,4,-0.0066094093876737404,0.0049,-0.01150940938767374
HYPE,1783915200000,1784001600000,largo,1,0.002527128475221522,0.0013,0.001227128475221522
BIO,1783918800000,1784005200000,corto,3,-0.005830709140006333,0.0029,-0.008730709140006333
BSV,1783922400000,1784008800000,corto,3,0.011090686694158284,0.0029,0.008190686694158284
ASTER,1783926000000,1784012400000,corto,2,0.002079019325117901,0.0019,0.00017901932511790101
TRX,1783936800000,1784023200000,largo,2,-0.00003079908218964487,0.0019,-0.0019307990821896448
POL,1783944000000,1784030400000,largo,2,0.00035601970351693807,0.0019,-0.001543980296483062
IMX,1783947600000,1784034000000,largo,4,-0.0029879355690643644,0.0049,-0.007887935569064364
PROVE,1783947600000,1784034000000,corto,4,-0.005847100549405759,0.0049,-0.01074710054940576
CRV,1783951200000,1784037600000,corto,1,-0.002176086125725146,0.0013,-0.0034760861257251458
ALGO,1783951200000,1784037600000,corto,3,-0.0005060341739885256,0.0029,-0.0034060341739885255
kBONK,1783958400000,1784044800000,largo,2,-0.01135203109319452,0.0019,-0.01325203109319452
SPX,1783962000000,1784048400000,largo,1,-0.007392144358568476,0.0013,-0.008692144358568476
S,1783962000000,1784048400000,largo,3,0.003050690726440511,0.0029,0.00015069072644051124
APEX,1783962000000,1784048400000,largo,2,0.005089632584643015,0.0019,0.003189632584643015
PURR,1783976400000,1784062800000,largo,2,-0.0018059456623363388,0.0019,-0.003705945662336339
GRIFFAIN,1783976400000,1784062800000,largo,4,0.0016688524555067928,0.0049,-0.003231147544493207
INJ,1784001600000,1784088000000,corto,2,-0.0007632821501435713,0.0019,-0.0026632821501435715
NXPC,1784001600000,1784088000000,corto,3,0.0005477737049089184,0.0029,-0.0023522262950910816
CHIP,1784005200000,1784091600000,corto,2,-0.006126933827502738,0.0019,-0.008026933827502738
APE,1784012400000,1784098800000,largo,2,0.001214657008778298,0.0019,-0.000685342991221702
ZORA,1784023200000,1784109600000,largo,4,-0.000299715272736638,0.0049,-0.005199715272736638
RSR,1784026800000,1784113200000,corto,4,-0.0008186656208359037,0.0049,-0.005718665620835904
BTC,1784030400000,1784116800000,corto,1,-0.006590418507478744,0.0013,-0.007890418507478743
ETH,1784030400000,1784116800000,corto,1,-0.022456347644531374,0.0013,-0.023756347644531373
BNB,1784030400000,1784116800000,corto,1,-0.006698087080871829,0.0013,-0.00799808708087183
LTC,1784030400000,1784116800000,corto,2,-0.005556362917609605,0.0019,-0.007456362917609605
SUI,1784030400000,1784116800000,corto,1,-0.010469366864349084,0.0013,-0.011769366864349085
LINK,1784030400000,1784116800000,corto,1,-0.01771081749588712,0.0013,-0.01901081749588712
RUNE,1784030400000,1784116800000,corto,2,-0.010651685485844038,0.0019,-0.012551685485844039
PENDLE,1784030400000,1784116800000,corto,2,-0.01775641665305864,0.0019,-0.019656416653058638
SUPER,1784030400000,1784116800000,corto,4,-0.01047407805995672,0.0049,-0.01537407805995672
ENS,1784030400000,1784116800000,corto,3,-0.022076464729476462,0.0029,-0.024976464729476462
ONDO,1784030400000,1784116800000,corto,1,-0.02605801678480405,0.0013,-0.02735801678480405
VIRTUAL,1784030400000,1784116800000,corto,1,-0.007298646969359895,0.0013,-0.008598646969359896
FARTCOIN,1784030400000,1784116800000,corto,1,-0.02152608703776459,0.0013,-0.02282608703776459
AIXBT,1784030400000,1784116800000,corto,3,-0.013739793472427373,0.0029,-0.016639793472427375
ANIME,1784030400000,1784116800000,corto,4,-0.012903404835907782,0.0049,-0.017803404835907782
LAYER,1784030400000,1784116800000,corto,4,-0.015690397464642573,0.0049,-0.02059039746464257
PAXG,1784030400000,1784116800000,corto,1,-0.007286771611384432,0.0013,-0.008586771611384433
MON,1784030400000,1784116800000,corto,2,-0.013635672295426561,0.0019,-0.015535672295426562
AZTEC,1784030400000,1784116800000,corto,3,-0.030385104276005704,0.0029,-0.0332851042760057
GRAM,1784034000000,1784120400000,corto,2,-0.0014452231614743554,0.0019,-0.003345223161474355
HEMI,1784041200000,1784127600000,corto,3,-0.0004410143401138605,0.0029,-0.0033410143401138605
XPL,1784044800000,1784131200000,corto,1,0.01766165557251016,0.0013,0.01636165557251016
CC,1784066400000,1784152800000,corto,2,-0.0022711464394378233,0.0019,-0.0041711464394378235
PUMP,1784077200000,1784163600000,corto,1,0.0017905107737883443,0.0013,0.0004905107737883444
0G,1784077200000,1784163600000,corto,3,-0.0036427989495233046,0.0029,-0.0065427989495233044
MET,1784077200000,1784163600000,corto,2,-0.005555743245720172,0.0019,-0.0074557432457201716
SKR,1784077200000,1784163600000,corto,3,-0.006489896338126751,0.0029,-0.00938989633812675
BSV,1784084400000,1784170800000,corto,2,0.0006758532904729648,0.0019,-0.0012241467095270352
MINA,1784084400000,1784170800000,corto,3,0.004478811938771225,0.0029,0.001578811938771225
2Z,1784102400000,1784188800000,corto,3,0.009230407175318731,0.0029,0.0063304071753187315
IOTA,1784106000000,1784192400000,corto,3,0.014253616011499375,0.0029,0.011353616011499375
INJ,1784116800000,1784203200000,corto,1,-0.002207133313995194,0.0013,-0.003507133313995194
ZEN,1784116800000,1784203200000,corto,2,0.0034449433564457312,0.0019,0.0015449433564457312
RSR,1784116800000,1784203200000,corto,4,0.005721306983609277,0.0049,0.0008213069836092773
DASH,1784116800000,1784203200000,corto,2,0.010542310911093013,0.0019,0.008642310911093012
APEX,1784120400000,1784206800000,corto,4,-0.011134348349999094,0.0049,-0.016034348349999096
APE,1784127600000,1784214000000,corto,2,0.00321828789153811,0.0019,0.00131828789153811
kPEPE,1784131200000,1784217600000,largo,1,-0.0069179230928702274,0.0013,-0.008217923092870227
TRX,1784131200000,1784217600000,largo,2,-0.0004642597461868603,0.0019,-0.00236425974618686
ZORA,1784131200000,1784217600000,corto,3,-0.0018874778743308716,0.0029,-0.004787477874330872
LDO,1784134800000,1784221200000,corto,2,-0.011092871225274727,0.0019,-0.012992871225274727
ORDI,1784134800000,1784221200000,corto,3,0.009439239879797962,0.0029,0.006539239879797962
ONDO,1784145600000,1784232000000,corto,1,0.017243424790734648,0.0013,0.01594342479073465
MEGA,1784160000000,1784246400000,corto,2,0.000779946743179882,0.0019,-0.0011200532568201179
SUSHI,1784163600000,1784250000000,corto,3,0.006510320825421007,0.0029,0.003610320825421007
XPL,1784170800000,1784257200000,largo,1,0.010988237406094276,0.0013,0.009688237406094275
HMSTR,1784174400000,1784260800000,corto,3,-0.005333345975362603,0.0029,-0.008233345975362603
HEMI,1784181600000,1784268000000,corto,3,-0.003937468897165978,0.0029,-0.006837468897165978
kBONK,1784185200000,1784271600000,largo,1,0.000605877025501608,0.0013,-0.000694122974498392
ZEC,1784188800000,1784275200000,largo,1,-0.00564526733517104,0.0013,-0.00694526733517104
MNT,1784196000000,1784282400000,corto,3,0.006440256657291267,0.0029,0.003540256657291267
STABLE,1784199600000,1784286000000,corto,3,0.010001520358587174,0.0029,0.007101520358587174
PAXG,1784203200000,1784289600000,largo,1,-0.007264897904423269,0.0013,-0.008564897904423269
AVAX,1784206800000,1784293200000,corto,1,-0.002028508194092458,0.0013,-0.003328508194092458
NEAR,1784206800000,1784293200000,corto,1,-0.014569173876638678,0.0013,-0.01586917387663868
SKY,1784206800000,1784293200000,largo,2,0.0011429725250083674,0.0019,-0.0007570274749916326
POL,1784214000000,1784300400000,largo,2,-0.0024756484308630505,0.0019,-0.00437564843086305
HYPE,1784217600000,1784304000000,largo,1,-0.008924351484530822,0.0013,-0.010224351484530821
PURR,1784221200000,1784307600000,largo,2,0.0020955494606048654,0.0019,0.0001955494606048654
W,1784235600000,1784322000000,corto,3,-0.0031931905791549855,0.0029,-0.006093190579154985
GAS,1784239200000,1784325600000,largo,4,-0.0017465558486014171,0.0049,-0.006646555848601417
JTO,1784239200000,1784325600000,largo,1,-0.00015918075007746707,0.0013,-0.001459180750077467
MET,1784239200000,1784325600000,largo,2,-0.0011445577534251817,0.0019,-0.0030445577534251814
kSHIB,1784246400000,1784332800000,corto,2,-0.0012064182908518128,0.0019,-0.003106418290851813
CRV,1784250000000,1784336400000,largo,1,-0.004499184286653498,0.0013,-0.005799184286653498
S,1784257200000,1784343600000,corto,3,-0.00032449095766190185,0.0029,-0.0032244909576619016
BERA,1784257200000,1784343600000,corto,2,0.0021768716079401604,0.0019,0.0002768716079401604
GRAM,1784264400000,1784350800000,largo,1,-0.0006743543313077663,0.0013,-0.001974354331307766
BANANA,1784275200000,1784361600000,corto,4,-0.004075611075661747,0.0049,-0.008975611075661746
NIL,1784278800000,1784365200000,corto,3,0.003214272968764462,0.0029,0.0003142729687644623
BCH,1784286000000,1784372400000,largo,2,0.005942874633546471,0.0019,0.0040428746335464715
CELO,1784304000000,1784390400000,corto,3,-0.013050342352811712,0.0029,-0.01595034235281171
GALA,1784307600000,1784394000000,corto,3,-0.0009775171843875686,0.0029,-0.003877517184387568
ZRO,1784340000000,1784426400000,corto,1,-0.012204632243409841,0.0013,-0.01350463224340984
TRUMP,1784340000000,1784426400000,corto,1,0.007898030384274975,0.0013,0.006598030384274975
MELANIA,1784340000000,1784426400000,corto,4,-0.004001005587410718,0.0049,-0.008901005587410717
MOODENG,1784343600000,1784430000000,corto,3,-0.0014098559228298067,0.0029,-0.004309855922829807
MANTA,1784347200000,1784433600000,largo,3,0.006122780493095546,0.0029,0.003222780493095546
MET,1784350800000,1784437200000,corto,2,-0.0017349820010354891,0.0019,-0.003634982001035489
GAS,1784354400000,1784440800000,corto,4,-0.00018618506849535284,0.0049,-0.005086185068495353
TRX,1784361600000,1784448000000,corto,2,-0.0007366030656548523,0.0019,-0.002636603065654852
FARTCOIN,1784361600000,1784448000000,largo,1,0.0032976122215564512,0.0013,0.0019976122215564513
NEO,1784365200000,1784451600000,corto,4,-0.0006837273171223506,0.0049,-0.00558372731712235
ONDO,1784365200000,1784451600000,largo,1,-0.004100510531831692,0.0013,-0.005400510531831692
BSV,1784368800000,1784455200000,corto,3,0.006850115235097354,0.0029,0.0039501152350973545
WLD,1784376000000,1784462400000,largo,1,-0.001290461519011713,0.0013,-0.002590461519011713
LTC,1784383200000,1784469600000,corto,2,0.0010562116784946618,0.0019,-0.0008437883215053382
ZEC,1784383200000,1784469600000,corto,1,0.002657236244043297,0.0013,0.0013572362440432972
ACE,1784386800000,1784473200000,corto,3,-0.0,0.0029,-0.0029
XAI,1784386800000,1784473200000,corto,4,-0.007326040092072881,0.0049,-0.012226040092072881
GOAT,1784394000000,1784480400000,corto,3,-0.004542709205102803,0.0029,-0.007442709205102802
VINE,1784401200000,1784487600000,corto,2,-0.00045014630514800345,0.0019,-0.0023501463051480032
ZORA,1784412000000,1784498400000,corto,3,-0.011792965357961566,0.0029,-0.014692965357961565
LIT,1784412000000,1784498400000,corto,1,0.0017130239053521554,0.0013,0.00041302390535215543
LAYER,1784422800000,1784509200000,corto,3,0.0014253160427241099,0.0029,-0.00147468395727589
WCT,1784422800000,1784509200000,corto,4,0.005662310051877522,0.0049,0.0007623100518775218
ETH,1784426400000,1784512800000,corto,1,-0.00512301670112116,0.0013,-0.0064230167011211595
SYRUP,1784433600000,1784520000000,corto,3,-0.0065305450977856516,0.0029,-0.009430545097785651
RSR,1784437200000,1784523600000,largo,4,-0.008347293876762765,0.0049,-0.013247293876762765
SUSHI,1784444400000,1784530800000,corto,3,-0.008969206265361941,0.0029,-0.011869206265361941
kFLOKI,1784448000000,1784534400000,corto,3,0.0033481640308428585,0.0029,0.0004481640308428587
SKR,1784448000000,1784534400000,corto,3,0.0012402333228099462,0.0029,-0.0016597666771900536
HYPER,1784451600000,1784538000000,largo,4,0.0009516355033536807,0.0049,-0.003948364496646319
kBONK,1784455200000,1784541600000,corto,1,-0.017173473585170376,0.0013,-0.018473473585170375
ANIME,1784455200000,1784541600000,corto,3,0.0015226497041569633,0.0029,-0.0013773502958430365
YGG,1784458800000,1784545200000,largo,4,0.003886263409488317,0.0049,-0.0010137365905116828
NXPC,1784458800000,1784545200000,largo,4,0.006866430645772679,0.0049,0.001966430645772679
REZ,1784473200000,1784559600000,corto,4,-0.023915551396557932,0.0049,-0.028815551396557934
WLD,1784476800000,1784563200000,largo,1,0.00936725142001376,0.0013,0.00806725142001376
BERA,1784480400000,1784566800000,corto,3,-0.002384954244459128,0.0029,-0.005284954244459128
PUMP,1784484000000,1784570400000,corto,1,-0.022683418331711044,0.0013,-0.023983418331711043
PENDLE,1784487600000,1784574000000,corto,2,0.001921706570383255,0.0019,0.000021706570383254976
MERL,1784491200000,1784577600000,corto,3,0.0033220719022531466,0.0029,0.00042207190225314675
SNX,1784494800000,1784581200000,corto,3,-0.013077159234503196,0.0029,-0.015977159234503196
ORDI,1784494800000,1784581200000,largo,3,-0.0023350207974162035,0.0029,-0.005235020797416203
ACE,1784494800000,1784581200000,corto,2,0.04791335569589762,0.0019,0.04601335569589762
TRUMP,1784494800000,1784581200000,largo,1,-0.002132196969840711,0.0013,-0.003432196969840711
PEOPLE,1784498400000,1784584800000,corto,4,0.0018914323777687169,0.0049,-0.003008567622231283
PAXG,1784498400000,1784584800000,largo,2,-0.0021989014357294786,0.0019,-0.004098901435729479
AZTEC,1784498400000,1784584800000,corto,4,0.007171034315456757,0.0049,0.002271034315456757
MET,1784502000000,1784588400000,corto,2,0.013917250968182941,0.0019,0.01201725096818294
JTO,1784505600000,1784592000000,corto,2,-0.007805987640255101,0.0019,-0.009705987640255102
BSV,1784509200000,1784595600000,corto,3,0.014622518867541926,0.0029,0.011722518867541927
FET,1784516400000,1784602800000,largo,2,0.0060388208698955005,0.0019,0.004138820869895501
DYM,1784523600000,1784610000000,largo,4,0.0006668889877037743,0.0049,-0.004233111012296226
VINE,1784523600000,1784610000000,largo,2,0.0048678422947000324,0.0019,0.0029678422947000327
XAI,1784527200000,1784613600000,corto,3,0.004234304138788455,0.0029,0.0013343041387884553
RSR,1784530800000,1784617200000,corto,4,-0.0,0.0049,-0.0049
SAND,1784530800000,1784617200000,corto,3,-0.0014165193494493804,0.0029,-0.0043165193494493805
PENGU,1784530800000,1784617200000,corto,2,-0.001561036845254036,0.0019,-0.003461036845254036
INIT,1784530800000,1784617200000,corto,3,-0.009700462251427195,0.0029,-0.012600462251427195
HEMI,1784530800000,1784617200000,corto,2,0.011800541521577753,0.0019,0.009900541521577752
AXS,1784530800000,1784617200000,corto,3,0.0015848372969721935,0.0029,-0.0013151627030278063
SAGA,1784534400000,1784620800000,corto,4,-0.0038865186892809876,0.0049,-0.008786518689280987
POLYX,1784538000000,1784624400000,corto,3,0.010768128925137357,0.0029,0.007868128925137358
XRP,1784545200000,1784631600000,corto,1,-0.00405966491719048,0.0013,-0.00535966491719048
UNI,1784545200000,1784631600000,corto,1,0.0017889577318741634,0.0013,0.0004889577318741634
BIGTIME,1784545200000,1784631600000,corto,3,0.008617595139954581,0.0029,0.005717595139954582
BTC,1784559600000,1784646000000,corto,1,0.0024428454048069635,0.0013,0.0011428454048069635
SOL,1784559600000,1784646000000,corto,1,-0.0019602448254376474,0.0013,-0.0032602448254376473
STX,1784559600000,1784646000000,corto,3,0.0006546645078333884,0.0029,-0.0022453354921666115
APT,1784559600000,1784646000000,corto,1,-0.0022849691678250694,0.0013,-0.0035849691678250693
ADA,1784559600000,1784646000000,corto,1,0.003591077476166714,0.0013,0.002291077476166714
ALGO,1784559600000,1784646000000,corto,3,-0.00020091594099214645,0.0029,-0.0031009159409921463
HYPE,1784559600000,1784646000000,corto,1,0.0021515647581480057,0.0013,0.0008515647581480057
ME,1784559600000,1784646000000,corto,4,0.00031367628864465856,0.0049,-0.004586323711355342
FARTCOIN,1784559600000,1784646000000,corto,1,-0.004530263383828881,0.0013,-0.005830263383828881
ZEC,1784559600000,1784646000000,corto,1,0.0014009477120342278,0.0013,0.0001009477120342279
MON,1784563200000,1784649600000,corto,2,0.013045453388789511,0.0019,0.01114545338878951
APEX,1784566800000,1784653200000,largo,4,-0.0021600613215726145,0.0049,-0.007060061321572614
SKR,1784574000000,1784660400000,corto,3,-0.0,0.0029,-0.0029
BABY,1784577600000,1784664000000,corto,4,-0.007420037135198988,0.0049,-0.012320037135198988
MINA,1784588400000,1784674800000,corto,3,-0.010676371748609085,0.0029,-0.013576371748609085
USUAL,1784592000000,1784678400000,corto,4,0.00997238181293695,0.0049,0.0050723818129369495
MELANIA,1784595600000,1784682000000,corto,3,-0.002738363672827461,0.0029,-0.005638363672827461
CELO,1784599200000,1784685600000,corto,3,-0.002452397953611714,0.0029,-0.005352397953611714
YGG,1784602800000,1784689200000,corto,2,0.0033622446617535447,0.0019,0.0014622446617535447
PROVE,1784602800000,1784689200000,corto,4,0.002639821404114532,0.0049,-0.002260178595885468
STABLE,1784602800000,1784689200000,corto,3,0.0023117579648165277,0.0029,-0.0005882420351834721
BANANA,1784613600000,1784700000000,corto,4,0.013765051928784662,0.0049,0.008865051928784663
ONDO,1784613600000,1784700000000,corto,1,0.002993072898582664,0.0013,0.001693072898582664
VVV,1784613600000,1784700000000,corto,1,0.0033554397544465686,0.0013,0.0020554397544465686
REZ,1784642400000,1784728800000,largo,3,0.007632091675924439,0.0029,0.00473209167592444
PURR,1784642400000,1784728800000,largo,3,-0.003261355858102509,0.0029,-0.006161355858102509
GRAM,1784642400000,1784728800000,corto,1,0.007803062444066793,0.0013,0.006503062444066793
SAGA,1784646000000,1784732400000,corto,2,-0.021683092487953692,0.0019,-0.02358309248795369
VINE,1784649600000,1784736000000,corto,2,0.00897862273883708,0.0019,0.007078622738837081
WLFI,1784649600000,1784736000000,largo,2,-0.014312086192298696,0.0019,-0.016212086192298695
HMSTR,1784653200000,1784739600000,corto,3,0.01652930195121047,0.0029,0.013629301951210471
HYPE,1784653200000,1784739600000,largo,1,0.01363165040395647,0.0013,0.012331650403956469
NIL,1784653200000,1784739600000,corto,3,0.00338491619131164,0.0029,0.0004849161913116403
TRX,1784656800000,1784743200000,corto,2,0.0010350707207608723,0.0019,-0.0008649292792391277
MANTA,1784656800000,1784743200000,corto,4,0.005086642663666627,0.0049,0.00018664266366662675
AZTEC,1784660400000,1784746800000,largo,3,-0.0015047833443911959,0.0029,-0.004404783344391196
BIO,1784667600000,1784754000000,corto,3,0.0057735805623425175,0.0029,0.0028735805623425177
ARB,1784678400000,1784764800000,corto,1,-0.007736554945803619,0.0013,-0.009036554945803618
GOAT,1784678400000,1784764800000,corto,4,-0.004984573055333635,0.0049,-0.009884573055333634
BRETT,1784682000000,1784768400000,largo,4,0.009882588392495653,0.0049,0.004982588392495654
ZEN,1784689200000,1784775600000,largo,4,-0.0037206856876478137,0.0049,-0.008620685687647813
DOGE,1784696400000,1784782800000,largo,1,-0.0011592444129522976,0.0013,-0.0024592444129522975
BCH,1784696400000,1784782800000,largo,1,-0.0007353955380372295,0.0013,-0.0020353955380372295
WLD,1784696400000,1784782800000,largo,1,0.0028642397161635523,0.0013,0.0015642397161635523
RUNE,1784696400000,1784782800000,largo,3,-0.0026912963212067224,0.0029,-0.005591296321206722
NEO,1784696400000,1784782800000,largo,3,0.009991267363570267,0.0029,0.007091267363570268
MNT,1784696400000,1784782800000,largo,2,0.000023950661638254275,0.0019,-0.0018760493383617458
ETHFI,1784707200000,1784793600000,corto,1,-0.0013979295448525368,0.0013,-0.0026979295448525367
BLUR,1784714400000,1784800800000,corto,3,-0.0024108172614727566,0.0029,-0.0053108172614727564
kLUNC,1784725200000,1784811600000,corto,4,0.008006986853672541,0.0049,0.0031069868536725415
ZETA,1784725200000,1784811600000,corto,3,0.003540871212088125,0.0029,0.0006408712120881252
TAO,1784725200000,1784811600000,corto,1,0.008890774703935352,0.0013,0.007590774703935352
RENDER,1784725200000,1784811600000,corto,3,0.0051982789499232344,0.0029,0.0022982789499232346
PAXG,1784725200000,1784811600000,corto,1,0.004149793525613571,0.0013,0.0028497935256135707
NXPC,1784725200000,1784811600000,corto,3,-0.0068141351163105105,0.0029,-0.00971413511631051
MORPHO,1784728800000,1784815200000,largo,2,0.002771791118607623,0.0019,0.0008717911186076229
INIT,1784732400000,1784818800000,corto,3,-0.005703404854129355,0.0029,-0.008603404854129356
STBL,1784746800000,1784833200000,corto,3,-0.012778263817123475,0.0029,-0.015678263817123474
CFX,1784754000000,1784840400000,corto,3,0.005134140401055022,0.0029,0.0022341404010550224
LTC,1784757600000,1784844000000,largo,1,0.0006359300691260725,0.0013,-0.0006640699308739274
YGG,1784764800000,1784851200000,corto,3,0.007551651986818204,0.0029,0.004651651986818204
WLFI,1784764800000,1784851200000,largo,1,0.0031870880735242932,0.0013,0.0018870880735242933
0G,1784764800000,1784851200000,corto,3,0.013094566508789535,0.0029,0.010194566508789535
JTO,1784768400000,1784854800000,largo,2,-0.007850546302976824,0.0019,-0.009750546302976825
STABLE,1784768400000,1784854800000,corto,3,0.0008957741140661925,0.0029,-0.0020042258859338073
BRETT,1784775600000,1784862000000,largo,2,0.0011068069751910472,0.0019,-0.0007931930248089528
MOODENG,1784779200000,1784865600000,corto,4,0.0011965627447459836,0.0049,-0.0037034372552540162
LDO,1784793600000,1784880000000,largo,1,-0.007677725849815092,0.0013,-0.008977725849815092
GAS,1784793600000,1784880000000,corto,2,0.0019370466105164295,0.0019,0.00003704661051642951
POPCAT,1784797200000,1784883600000,corto,3,0.004814142867180059,0.0029,0.0019141428671800593
ASTER,1784797200000,1784883600000,largo,2,0.0007809200910037839,0.0019,-0.0011190799089962162
SUPER,1784800800000,1784887200000,largo,3,-0.007050448443384991,0.0029,-0.00995044844338499
DOGE,1784808000000,1784894400000,largo,1,-0.004447660761440741,0.0013,-0.005747660761440741
MNT,1784808000000,1784894400000,largo,2,-0.001774925396372087,0.0019,-0.003674925396372087
BSV,1784811600000,1784898000000,largo,4,-0.005946797607400239,0.0049,-0.01084679760740024
APEX,1784811600000,1784898000000,largo,3,-0.014403271760739212,0.0029,-0.01730327176073921
POL,1784818800000,1784905200000,largo,2,0.005782653906296454,0.0019,0.0038826539062964543
KAITO,1784818800000,1784905200000,largo,1,-0.012016050082672647,0.0013,-0.013316050082672646
NIL,1784818800000,1784905200000,largo,3,0.001455901022970346,0.0029,-0.0014440989770296538
HEMI,1784818800000,1784905200000,largo,2,-0.0034514296773625144,0.0019,-0.005351429677362515
CC,1784818800000,1784905200000,corto,2,0.003706203703261802,0.0019,0.001806203703261802
AR,1784826000000,1784912400000,largo,3,0.004464293128685528,0.0029,0.001564293128685528
TRUMP,1784826000000,1784912400000,largo,1,0.0010140060441690387,0.0013,-0.00028599395583096127
BABY,1784826000000,1784912400000,largo,4,0.00416233691468733,0.0049,-0.0007376630853126696
ZEC,1784826000000,1784912400000,largo,1,0.005129828056053584,0.0013,0.003829828056053584
FOGO,1784826000000,1784912400000,largo,4,0.00406386626052396,0.0049,-0.0008361337394760396
PURR,1784829600000,1784916000000,largo,2,-0.0037519423858533235,0.0019,-0.005651942385853323
PROVE,1784836800000,1784923200000,corto,4,0.0024619587616803097,0.0049,-0.00243804123831969
XPL,1784840400000,1784926800000,largo,1,-0.018414884270309084,0.0013,-0.019714884270309083
PUMP,1784844000000,1784930400000,largo,1,0.007650310536462571,0.0013,0.006350310536462571
INJ,1784851200000,1784937600000,corto,2,-0.015650973822544302,0.0019,-0.0175509738225443
STX,1784851200000,1784937600000,largo,3,-0.018360667972806662,0.0029,-0.021260667972806662
kLUNC,1784851200000,1784937600000,largo,4,0.003003817663880305,0.0049,-0.0018961823361196947
kNEIRO,1784851200000,1784937600000,largo,4,0.011258454416938278,0.0049,0.0063584544169382785
ANIME,1784851200000,1784937600000,corto,4,-0.00370782775552573,0.0049,-0.00860782775552573
SKR,1784851200000,1784937600000,corto,3,0.002226346003082846,0.0029,-0.0006736539969171536
SKY,1784854800000,1784941200000,largo,2,-0.004261135385821894,0.0019,-0.006161135385821893
AERO,1784854800000,1784941200000,corto,2,0.00834837522282238,0.0019,0.0064483752228223805
ZRO,1784872800000,1784959200000,corto,1,0.0081857754859602,0.0013,0.0068857754859602
PEOPLE,1784876400000,1784962800000,corto,4,0.0023242311450803487,0.0049,-0.002575768854919651
CRV,1784887200000,1784973600000,largo,1,0.0017722645312244875,0.0013,0.0004722645312244876
MET,1784887200000,1784973600000,largo,2,-0.0016731220014567464,0.0019,-0.0035731220014567464
BNB,1784898000000,1784984400000,largo,1,0.001991769190289163,0.0013,0.000691769190289163
SEI,1784898000000,1784984400000,largo,2,-0.0032527011288700516,0.0019,-0.005152701128870052
NEO,1784898000000,1784984400000,largo,3,0.0,0.0029,-0.0029
GRASS,1784901600000,1784988000000,largo,2,0.0019785958429002198,0.0019,0.00007859584290021977
MEME,1784905200000,1784991600000,corto,4,-0.0038610086574595933,0.0049,-0.008761008657459593
ACE,1784905200000,1784991600000,corto,2,0.03545254074193006,0.0019,0.03355254074193006
ALGO,1784905200000,1784991600000,corto,2,-0.00026208572735856493,0.0019,-0.002162085727358565
ME,1784905200000,1784991600000,corto,3,-0.0010665042528378232,0.0029,-0.003966504252837823
MERL,1784908800000,1784995200000,corto,3,0.004138137917416268,0.0029,0.0012381379174162682
XAI,1784912400000,1784998800000,corto,4,-0.002923978691435282,0.0049,-0.007823978691435283
SAGA,1784912400000,1784998800000,corto,3,-0.0,0.0029,-0.0029
HBAR,1784923200000,1785009600000,corto,1,0.004152548339964592,0.0013,0.002852548339964592
WLD,1784926800000,1785013200000,largo,1,0.004261942752534768,0.0013,0.0029619427525347684
ETHFI,1784926800000,1785013200000,largo,2,-0.0027320769886314674,0.0019,-0.004632076988631467
HYPE,1784926800000,1785013200000,largo,1,-0.00046503217310521526,0.0013,-0.0017650321731052152
CC,1784937600000,1785024000000,largo,3,0.0019603044748499636,0.0029,-0.0009396955251500362
MON,1784941200000,1785027600000,largo,1,-0.0029377082939547306,0.0013,-0.00423770829395473
MORPHO,1784962800000,1785049200000,corto,2,0.003332642118031392,0.0019,0.0014326421180313922
VINE,1784962800000,1785049200000,largo,2,0.009024628126083862,0.0019,0.007124628126083862
0G,1784970000000,1785056400000,corto,3,0.00011553347595306383,0.0029,-0.002784466524046936
AVAX,1784984400000,1785070800000,corto,1,0.004278625401053338,0.0013,0.0029786254010533385
kSHIB,1784984400000,1785070800000,corto,2,0.02025241927497612,0.0019,0.01835241927497612
TURBO,1784988000000,1785074400000,corto,4,0.006146300848694066,0.0049,0.001246300848694066
IMX,1784991600000,1785078000000,corto,4,0.0017238681592348832,0.0049,-0.003176131840765117
PEOPLE,1784991600000,1785078000000,corto,4,-0.01960515725492286,0.0049,-0.02450515725492286
UMA,1784991600000,1785078000000,corto,4,-0.0010796297088652162,0.0049,-0.005979629708865216
kNEIRO,1784991600000,1785078000000,corto,3,-0.004896370154411363,0.0029,-0.0077963701544113626
GOAT,1784991600000,1785078000000,corto,4,-0.005280691871789564,0.0049,-0.010180691871789563
MOODENG,1784991600000,1785078000000,corto,4,-0.008824915729335801,0.0049,-0.0137249157293358
PNUT,1784991600000,1785078000000,corto,4,-0.002320186655697126,0.0049,-0.007220186655697126
TRX,1784995200000,1785081600000,corto,2,-0.0003305536804195194,0.0019,-0.0022305536804195195
kLUNC,1784995200000,1785081600000,corto,4,0.002089169437130874,0.0049,-0.0028108305628691257
BOME,1784995200000,1785081600000,corto,4,0.003906254967065211,0.0049,-0.0009937450329347884
PENGU,1784995200000,1785081600000,corto,2,-0.0001579404567762384,0.0019,-0.0020579404567762382
GRAM,1784998800000,1785085200000,corto,2,0.0029678504884093474,0.0019,0.0010678504884093474
FET,1785013200000,1785099600000,corto,2,-0.00591435473889012,0.0019,-0.00781435473889012
WIF,1785016800000,1785103200000,largo,2,0.0024828500177101957,0.0019,0.0005828500177101957
PURR,1785020400000,1785106800000,largo,4,-0.002414833875956845,0.0049,-0.007314833875956845
CRV,1785027600000,1785114000000,largo,2,0.00599944662080045,0.0019,0.004099446620800451
ORDI,1785027600000,1785114000000,corto,3,-0.010329622075052277,0.0029,-0.013229622075052277
kPEPE,1785031200000,1785117600000,corto,1,0.004750602758597865,0.0013,0.0034506027585978647
ETC,1785031200000,1785117600000,corto,2,0.004822772791226089,0.0019,0.0029227727912260896
TAO,1785034800000,1785121200000,corto,1,0.00764487696615329,0.0013,0.00634487696615329
ME,1785034800000,1785121200000,corto,4,0.006250496758086892,0.0049,0.0013504967580868924
ZORA,1785034800000,1785121200000,corto,3,-0.0049125060414310865,0.0029,-0.007812506041431086
MEME,1785042000000,1785128400000,corto,4,-0.0056657375356773,0.0049,-0.0105657375356773
POPCAT,1785042000000,1785128400000,corto,3,-0.0022915817352129,0.0029,-0.0051915817352129
AIXBT,1785042000000,1785128400000,corto,3,-0.008309998177128335,0.0029,-0.011209998177128335
AAVE,1785045600000,1785132000000,corto,1,-0.002461721493294332,0.0013,-0.003761721493294332
BABY,1785045600000,1785132000000,corto,4,0.007073276896733256,0.0049,0.0021732768967332563
STRK,1785049200000,1785135600000,corto,2,-0.0031918316277760083,0.0019,-0.005091831627776008
BIO,1785049200000,1785135600000,corto,3,0.00561513412198603,0.0029,0.00271513412198603
IO,1785052800000,1785139200000,corto,3,-0.004755120705010511,0.0029,-0.0076551207050105105
VINE,1785056400000,1785142800000,corto,4,0.0004389815698239241,0.0049,-0.004461018430176076
HYPER,1785056400000,1785142800000,corto,4,0.002188800473612775,0.0049,-0.0027111995263872247
UNI,1785060000000,1785146400000,corto,1,0.00028192477921084225,0.0013,-0.0010180752207891576
KAS,1785060000000,1785146400000,corto,3,0.0013877843376821333,0.0029,-0.0015122156623178665
KAITO,1785063600000,1785150000000,corto,1,-0.009388122869404658,0.0013,-0.010688122869404657
RUNE,1785067200000,1785153600000,corto,4,0.0018794163101357407,0.0049,-0.003020583689864259
LTC,1785070800000,1785157200000,largo,1,0.004248184982359479,0.0013,0.002948184982359479
POLYX,1785070800000,1785157200000,corto,4,-0.0007895108262914428,0.0049,-0.0056895108262914424
GAS,1785070800000,1785157200000,largo,4,-0.0005964807811804679,0.0049,-0.005496480781180467
PENDLE,1785070800000,1785157200000,corto,2,0.004944306473357687,0.0019,0.0030443064733576873
TNSR,1785070800000,1785157200000,corto,4,-0.0050251362026729795,0.0049,-0.00992513620267298
ETH,1785074400000,1785160800000,corto,1,0.014749605728743544,0.0013,0.013449605728743545
BSV,1785074400000,1785160800000,corto,4,0.01152876687415217,0.0049,0.00662876687415217
LINK,1785078000000,1785164400000,corto,1,0.002307639540637764,0.0013,0.001007639540637764
WLD,1785078000000,1785164400000,corto,1,0.0025626311907780796,0.0013,0.0012626311907780797
RSR,1785078000000,1785164400000,corto,4,-0.0023210842142033354,0.0049,-0.007221084214203335
ONDO,1785078000000,1785164400000,corto,1,-0.0004964011022757588,0.0013,-0.0017964011022757586
ETHFI,1785081600000,1785168000000,corto,2,-0.0075466562163797254,0.0019,-0.009446656216379726
MERL,1785085200000,1785171600000,corto,2,0.00010818998171319334,0.0019,-0.0017918100182868065
BCH,1785088800000,1785175200000,corto,2,0.0018128157055094908,0.0019,-0.00008718429449050915
AXS,1785088800000,1785175200000,largo,4,-0.004276174743069631,0.0049,-0.00917617474306963
ENS,1785099600000,1785186000000,corto,4,0.004127084570422887,0.0049,-0.0007729154295771125
REZ,1785099600000,1785186000000,corto,4,-0.005928138887395467,0.0049,-0.010828138887395467
PAXG,1785099600000,1785186000000,corto,2,0.00007370916822529106,0.0019,-0.001826290831774709
PUMP,1785099600000,1785186000000,corto,1,-0.008786183689463002,0.0013,-0.010086183689463003
MON,1785099600000,1785186000000,corto,1,0.0031821057659647245,0.0013,0.0018821057659647246
BTC,1785103200000,1785189600000,corto,1,0.01583778709858181,0.0013,0.01453778709858181
SOL,1785103200000,1785189600000,corto,1,0.020789935737881196,0.0013,0.019489935737881197
XRP,1785103200000,1785189600000,corto,1,0.018679972560200556,0.0013,0.017379972560200557
DOT,1785103200000,1785189600000,corto,2,0.04669575600182403,0.0019,0.04479575600182403
TIA,1785103200000,1785189600000,corto,3,0.03600201103779671,0.0029,0.03310201103779671
NEAR,1785103200000,1785189600000,corto,1,0.020595294247066204,0.0013,0.019295294247066205
ENA,1785103200000,1785189600000,corto,1,0.03371158646747742,0.0013,0.03241158646747742
GRASS,1785103200000,1785189600000,corto,3,0.03917075464658628,0.0029,0.03627075464658628
XLM,1785103200000,1785189600000,corto,2,0.01899245199607104,0.0019,0.01709245199607104
SPX,1785103200000,1785189600000,corto,2,0.03330085566797199,0.0019,0.03140085566797199
XPL,1785103200000,1785189600000,corto,2,0.026090625009059364,0.0019,0.024190625009059365
APEX,1785103200000,1785189600000,corto,4,0.015397895882124821,0.0049,0.010497895882124821
ZEC,1785103200000,1785189600000,corto,1,0.01605843636434496,0.0013,0.01475843636434496
BNB,1785110400000,1785196800000,largo,1,-0.0016965631002317644,0.0013,-0.0029965631002317646
MORPHO,1785114000000,1785200400000,corto,2,0.012449472464035619,0.0019,0.010549472464035618
ZRO,1785121200000,1785207600000,corto,2,-0.005594257857986688,0.0019,-0.007494257857986688
NIL,1785121200000,1785207600000,largo,2,-0.0177916062266846,0.0019,-0.0196916062266846
kLUNC,1785128400000,1785214800000,corto,3,0.0032267990662641723,0.0029,0.00032679906626417255
PROVE,1785132000000,1785218400000,largo,4,-0.00022871519340369976,0.0049,-0.0051287151934037
MEGA,1785132000000,1785218400000,largo,2,0.01445584780100408,0.0019,0.01255584780100408
MOVE,1785139200000,1785225600000,largo,4,0.0025190440958159513,0.0049,-0.0023809559041840485
PYTH,1785142800000,1785229200000,corto,2,0.005253065564261054,0.0019,0.0033530655642610542
RESOLV,1785153600000,1785240000000,largo,4,-0.0029009679943927265,0.0049,-0.007800967994392727
ATOM,1785160800000,1785247200000,largo,3,0.002787458250852923,0.0029,-0.0001125417491470767
DYDX,1785160800000,1785247200000,largo,3,0.007695036221800413,0.0029,0.004795036221800413
AVAX,1785160800000,1785247200000,largo,1,0.004182447616578577,0.0013,0.002882447616578577
OP,1785160800000,1785247200000,largo,2,0.009536465678130473,0.0019,0.007636465678130473
ARB,1785160800000,1785247200000,largo,1,0.007306319754629156,0.0013,0.0060063197546291565
DOGE,1785160800000,1785247200000,largo,1,0.005862933487854055,0.0013,0.004562933487854055
SUI,1785160800000,1785247200000,largo,1,0.005965616560697672,0.0013,0.004665616560697672
CRV,1785160800000,1785247200000,largo,2,0.0035886335613602815,0.0019,0.0016886335613602815
APT,1785160800000,1785247200000,largo,1,0.008254561057747963,0.0013,0.006954561057747963
YGG,1785160800000,1785247200000,largo,3,0.0016529400440505242,0.0029,-0.0012470599559494756
TRX,1785160800000,1785247200000,largo,2,-0.0004009190351462138,0.0019,-0.002300919035146214
SEI,1785160800000,1785247200000,largo,2,0.012198282754614452,0.0019,0.010298282754614451
TRB,1785160800000,1785247200000,largo,4,0.0038328343524237723,0.0049,-0.0010671656475762276
BIGTIME,1785160800000,1785247200000,largo,4,0.004345652835840446,0.0049,-0.0005543471641595542
ADA,1785160800000,1785247200000,largo,1,0.0021704445162685133,0.0013,0.0008704445162685133
MINA,1785160800000,1785247200000,largo,2,0.004049065067301577,0.0019,0.002149065067301577
POLYX,1785160800000,1785247200000,largo,4,0.004570690294831766,0.0049,-0.00032930970516823355
GAS,1785160800000,1785247200000,largo,4,0.009368994753091183,0.0049,0.004468994753091184
PENDLE,1785160800000,1785247200000,largo,2,0.013783863014171454,0.0019,0.011883863014171454
MEME,1785160800000,1785247200000,largo,4,0.0019821612039912025,0.0049,-0.0029178387960087974
ORDI,1785160800000,1785247200000,largo,3,0.003658965634053886,0.0029,0.0007589656340538861
NEO,1785160800000,1785247200000,largo,4,0.002524722569792475,0.0049,-0.002375277430207525
ZEN,1785160800000,1785247200000,largo,3,0.006841354523053097,0.0029,0.003941354523053098
FIL,1785160800000,1785247200000,largo,2,0.0026182544592499054,0.0019,0.0007182544592499055
SUSHI,1785160800000,1785247200000,largo,3,0.0020773832451347852,0.0029,-0.0008226167548652146
IMX,1785160800000,1785247200000,largo,3,0.005885934070555978,0.0029,0.0029859340705559786
kBONK,1785160800000,1785247200000,largo,1,0.0023993156325909093,0.0013,0.0010993156325909094
GMT,1785160800000,1785247200000,largo,4,0.013803783838828599,0.0049,0.008903783838828599
SUPER,1785160800000,1785247200000,largo,4,0.006001262171671741,0.0049,0.0011012621716717415
JUP,1785160800000,1785247200000,largo,2,0.01563889388445473,0.0019,0.013738893884454728
GALA,1785160800000,1785247200000,largo,4,-0.002218525591025106,0.0049,-0.007118525591025106
WIF,1785160800000,1785247200000,largo,2,0.008226582071963473,0.0019,0.006326582071963473
CAKE,1785160800000,1785247200000,largo,3,0.002642785270367088,0.0029,-0.0002572147296329118
XAI,1785160800000,1785247200000,largo,4,0.0031347988053714785,0.0049,-0.0017652011946285213
UMA,1785160800000,1785247200000,largo,4,0.0058842386999557504,0.0049,0.0009842386999557506
ALT,1785160800000,1785247200000,largo,4,0.007454312059299333,0.0049,0.0025543120592993332
ZETA,1785160800000,1785247200000,largo,4,0.006747663928775279,0.0049,0.0018476639287752792
DYM,1785160800000,1785247200000,largo,4,0.0,0.0049,-0.0049
W,1785160800000,1785247200000,largo,3,0.013544225107757253,0.0029,0.010644225107757253
STRK,1785160800000,1785247200000,largo,2,-0.004936540349432646,0.0019,-0.0068365403494326455
TAO,1785160800000,1785247200000,largo,1,0.010574197325595378,0.0013,0.009274197325595378
AR,1785160800000,1785247200000,largo,3,0.007523898491509326,0.0029,0.004623898491509326
kFLOKI,1785160800000,1785247200000,largo,3,0.009988446116140066,0.0029,0.007088446116140066
MNT,1785160800000,1785247200000,largo,3,0.003282002441092033,0.0029,0.00038200244109203333
POPCAT,1785160800000,1785247200000,largo,3,0.0070177442535326795,0.0029,0.00411774425353268
TURBO,1785160800000,1785247200000,largo,4,0.009132483563272472,0.0049,0.0042324835632724725
IO,1785160800000,1785247200000,largo,3,0.005085372383279431,0.0029,0.0021853723832794313
ZK,1785160800000,1785247200000,largo,4,0.0029101935445221723,0.0049,-0.0019898064554778275
RENDER,1785160800000,1785247200000,largo,3,0.003695023034451212,0.0029,0.000795023034451212
GOAT,1785160800000,1785247200000,largo,4,0.004095461343792203,0.0049,-0.0008045386562077969
MOODENG,1785160800000,1785247200000,largo,3,0.011039487779228249,0.0029,0.008139487779228249
SAND,1785160800000,1785247200000,largo,3,0.009255270639827676,0.0029,0.006355270639827677
IOTA,1785160800000,1785247200000,largo,4,0.008481124897287176,0.0049,0.0035811248972871766
ALGO,1785160800000,1785247200000,largo,3,0.0034247682868719094,0.0029,0.0005247682868719096
HYPE,1785160800000,1785247200000,largo,1,0.01098398302593877,0.0013,0.009683983025938769
ME,1785160800000,1785247200000,largo,4,0.015102059840278027,0.0049,0.010202059840278027
VIRTUAL,1785160800000,1785247200000,largo,1,0.018061513729131645,0.0013,0.016761513729131646
PENGU,1785160800000,1785247200000,largo,1,0.008341183777173022,0.0013,0.0070411837771730225
USUAL,1785160800000,1785247200000,largo,4,0.0,0.0049,-0.0049
FARTCOIN,1785160800000,1785247200000,largo,1,0.015210346517759286,0.0013,0.013910346517759287
AIXBT,1785160800000,1785247200000,largo,4,0.0114957416718336,0.0049,0.0065957416718336
BIO,1785160800000,1785247200000,largo,3,0.004374533770085471,0.0029,0.0014745337700854712
S,1785160800000,1785247200000,largo,3,0.005692703535518886,0.0029,0.002792703535518886
TRUMP,1785160800000,1785247200000,largo,1,-0.0038827064206379386,0.0013,-0.005182706420637938
ANIME,1785160800000,1785247200000,largo,4,0.008476337329713453,0.0049,0.0035763373297134533
BERA,1785160800000,1785247200000,largo,3,0.008073754991083098,0.0029,0.005173754991083098
LAYER,1785160800000,1785247200000,largo,3,-0.005184212757908461,0.0029,-0.008084212757908462
BABY,1785160800000,1785247200000,largo,3,0.0026827068142469728,0.0029,-0.00021729318575302702
WCT,1785160800000,1785247200000,largo,4,0.0014215024721968104,0.0049,-0.0034784975278031897
SOPH,1785160800000,1785247200000,largo,4,0.009405592068335742,0.0049,0.0045055920683357426
AVNT,1785160800000,1785247200000,largo,3,0.0077743549870577045,0.0029,0.004874354987057705
STBL,1785160800000,1785247200000,largo,3,-0.005632826018288823,0.0029,-0.008532826018288822
0G,1785160800000,1785247200000,largo,3,0.0019975331241050315,0.0029,-0.0009024668758949683
CC,1785160800000,1785247200000,largo,2,-0.004099066371422753,0.0019,-0.005999066371422753
ICP,1785160800000,1785247200000,largo,2,0.0005235726814672969,0.0019,-0.0013764273185327032
FOGO,1785160800000,1785247200000,largo,4,0.004654589491236246,0.0049,-0.00024541050876375394
DASH,1785160800000,1785247200000,largo,3,0.012757905000066135,0.0029,0.009857905000066135
CHIP,1785160800000,1785247200000,largo,3,-0.0057479287854571804,0.0029,-0.008647928785457181
GRAM,1785160800000,1785247200000,largo,2,0.007587659528064213,0.0019,0.005687659528064213
ACE,1785168000000,1785254400000,corto,2,0.018301164382404467,0.0019,0.01640116438240447
MELANIA,1785171600000,1785258000000,largo,3,0.0002537105176617888,0.0029,-0.002646289482338211
LINEA,1785171600000,1785258000000,corto,3,0.002111933203143613,0.0029,-0.0007880667968563869
RUNE,1785186000000,1785272400000,corto,3,-0.002408582015058349,0.0029,-0.005308582015058349
ETH,1785189600000,1785276000000,largo,1,-0.006415795421048282,0.0013,-0.007715795421048282
CFX,1785189600000,1785276000000,largo,3,-0.007244704030030551,0.0029,-0.010144704030030552
SNX,1785189600000,1785276000000,largo,3,-0.01152575695141058,0.0029,-0.01442575695141058
FET,1785189600000,1785276000000,largo,2,-0.012201400204224923,0.0019,-0.014101400204224923
ETC,1785189600000,1785276000000,largo,2,-0.00825077393824751,0.0019,-0.010150773938247511
MANTA,1785189600000,1785276000000,largo,3,-0.007608456688154514,0.0029,-0.010508456688154514
CELO,1785189600000,1785276000000,largo,3,-0.005829366973697376,0.0029,-0.008729366973697375
HMSTR,1785189600000,1785276000000,largo,4,-0.017804624633506818,0.0049,-0.022704624633506816
GRIFFAIN,1785189600000,1785276000000,largo,4,-0.00203045755038184,0.0049,-0.00693045755038184
HYPER,1785189600000,1785276000000,largo,4,-0.0109154214416228,0.0049,-0.0158154214416228
SYRUP,1785189600000,1785276000000,largo,3,0.001983948707376207,0.0029,-0.000916051292623793
ASTER,1785189600000,1785276000000,largo,2,-0.00046681208442256057,0.0019,-0.0023668120844225603
2Z,1785189600000,1785276000000,largo,3,-0.007346394375229833,0.0029,-0.010246394375229832
STABLE,1785189600000,1785276000000,largo,3,-0.005690815231754848,0.0029,-0.008590815231754848
AXS,1785189600000,1785276000000,largo,3,-0.008696121320426553,0.0029,-0.011596121320426553
AZTEC,1785189600000,1785276000000,largo,2,-0.01103895899551067,0.0019,-0.01293895899551067
REZ,1785218400000,1785304800000,largo,2,-0.008744093869229128,0.0019,-0.010644093869229128
APEX,1785243600000,1785330000000,largo,3,0.0030198958438134404,0.0029,0.00011989584381344063
RSR,1785247200000,1785333600000,corto,4,0.00744728307528391,0.0049,0.00254728307528391
PENGU,1785250800000,1785337200000,corto,1,0.004137223622345923,0.0013,0.002837223622345923
CASHCAT,1785279600000,1785366000000,corto,1,-0.00908288039899728,0.0013,-0.01038288039899728
COMP,1785286800000,1785373200000,largo,4,0.006241018817161998,0.0049,0.001341018817161998
POL,1785286800000,1785373200000,largo,2,0.007526023920134174,0.0019,0.0056260239201341745
WLFI,1785286800000,1785373200000,largo,2,0.001961694105567084,0.0019,0.0000616941055670841
ADA,1785290400000,1785376800000,corto,1,0.007958900834275239,0.0013,0.006658900834275239
LTC,1785294000000,1785380400000,largo,1,0.0021172430828316057,0.0013,0.0008172430828316058
GAS,1785294000000,1785380400000,largo,4,0.0032718004571961157,0.0049,-0.0016281995428038842
GRASS,1785294000000,1785380400000,largo,2,-0.006956773845854535,0.0019,-0.008856773845854536
AXS,1785294000000,1785380400000,largo,3,0.0020709489908198077,0.0029,-0.0008290510091801921
SKR,1785294000000,1785380400000,largo,2,-0.0002734108014297423,0.0019,-0.002173410801429742
CHIP,1785301200000,1785387600000,corto,2,0.000041343669256587934,0.0019,-0.001858656330743412
kSHIB,1785322800000,1785409200000,corto,1,-0.00735774797370372,0.0013,-0.008657747973703719
CELO,1785333600000,1785420000000,corto,3,0.007224489786401181,0.0029,0.004324489786401181
MNT,1785337200000,1785423600000,largo,2,-0.0008072043421925711,0.0019,-0.002707204342192571
FIL,1785340800000,1785427200000,largo,3,-0.000042466752078344314,0.0029,-0.002942466752078344
PAXG,1785348000000,1785434400000,corto,1,0.0010008178248631042,0.0013,-0.0002991821751368957
SUI,1785351600000,1785438000000,largo,1,-0.0010150615984536,0.0013,-0.0023150615984536002
LDO,1785351600000,1785438000000,largo,2,0.011533843862501805,0.0019,0.009633843862501804
BCH,1785351600000,1785438000000,largo,2,-0.005159004297374185,0.0019,-0.007059004297374185
BIGTIME,1785351600000,1785438000000,largo,4,-0.001544401851374136,0.0049,-0.006444401851374136
NEO,1785351600000,1785438000000,largo,3,0.004965801420426057,0.0029,0.0020658014204260576
RSR,1785351600000,1785438000000,largo,4,0.0024009615375380463,0.0049,-0.0024990384624619536
W,1785351600000,1785438000000,largo,2,0.004830927269665592,0.0019,0.0029309272696655926
HYPE,1785351600000,1785438000000,largo,1,0.008016002299073515,0.0013,0.0067160022990735155
MEGA,1785351600000,1785438000000,largo,2,0.003953735815856213,0.0019,0.0020537358158562134
CAKE,1785405600000,1785492000000,corto,4,-0.007005163478334821,0.0049,-0.011905163478334821
BOME,1785409200000,1785495600000,corto,3,-0.0051063940745740555,0.0029,-0.008006394074574055
XMR,1785420000000,1785506400000,largo,1,0.008551582952506763,0.0013,0.007251582952506763
ZK,1785452400000,1785538800000,corto,3,-0.0,0.0029,-0.0029
JTO,1785456000000,1785542400000,corto,1,0.003613759518524602,0.0013,0.002313759518524602
ALGO,1785456000000,1785542400000,corto,2,0.0014715399273426701,0.0019,-0.0004284600726573299
POPCAT,1785463200000,1785549600000,largo,3,0.0012322298070135175,0.0029,-0.0016677701929864823
GRASS,1785466800000,1785553200000,largo,2,-0.0006656418142031387,0.0019,-0.0025656418142031385
ATOM,1785470400000,1785556800000,largo,2,0.0008928209675500707,0.0019,-0.0010071790324499294
GRIFFAIN,1785470400000,1785556800000,largo,2,0.003989532781903441,0.0019,0.002089532781903441
LAYER,1785470400000,1785556800000,corto,3,-0.001621621976980628,0.0029,-0.004521621976980628
CFX,1785474000000,1785560400000,corto,3,0.009021540900353973,0.0029,0.006121540900353974
SKR,1785474000000,1785560400000,corto,4,-0.004801590922645839,0.0049,-0.009701590922645838
SAND,1785477600000,1785564000000,corto,4,-0.003338667402063567,0.0049,-0.008238667402063566
BABY,1785477600000,1785564000000,corto,4,0.0003161555511633661,0.0049,-0.004583844448836634
kNEIRO,1785481200000,1785567600000,corto,3,-0.0034355862013396733,0.0029,-0.006335586201339673
GOAT,1785481200000,1785567600000,corto,4,0.005558490988530465,0.0049,0.0006584909885304652
HYPER,1785484800000,1785571200000,largo,3,-0.0002869646335784951,0.0029,-0.003186964633578495
STBL,1785484800000,1785571200000,corto,3,-0.007600986714136733,0.0029,-0.010500986714136733
APEX,1785484800000,1785571200000,largo,3,0.009343742855842647,0.0029,0.006443742855842647
BCH,1785488400000,1785574800000,largo,1,-0.009426845661647405,0.0013,-0.010726845661647406
SYRUP,1785492000000,1785578400000,corto,3,0.004404739062213663,0.0029,0.0015047390622136628
NIL,1785495600000,1785582000000,largo,2,-0.0057357160606722295,0.0019,-0.007635716060672229
VINE,1785499200000,1785585600000,corto,3,0.0005750100785193625,0.0029,-0.0023249899214806374
LINK,1785502800000,1785589200000,largo,1,-0.0013087067895818096,0.0013,-0.0026087067895818094
RSR,1785506400000,1785592800000,corto,4,-0.004743091896012632,0.0049,-0.009643091896012632
XLM,1785506400000,1785592800000,corto,2,0.0010502363997020301,0.0019,-0.0008497636002979699
AIXBT,1785506400000,1785592800000,corto,3,-0.0037521296291958663,0.0029,-0.006652129629195866
PUMP,1785506400000,1785592800000,corto,1,0.015910490050275797,0.0013,0.014610490050275798
CC,1785506400000,1785592800000,corto,2,0.0076726719116601665,0.0019,0.005772671911660167
DOGE,1785513600000,1785600000000,corto,1,0.0019275394152894324,0.0013,0.0006275394152894325
kPEPE,1785513600000,1785600000000,corto,1,0.006803965371061547,0.0013,0.005503965371061547
GMX,1785513600000,1785600000000,corto,3,0.008195312890356613,0.0029,0.005295312890356613
PNUT,1785513600000,1785600000000,corto,3,0.004306529771696809,0.0029,0.001406529771696809
ETHFI,1785517200000,1785603600000,corto,2,0.004036155343256234,0.0019,0.002136155343256234
TRUMP,1785531600000,1785618000000,largo,2,0.004955515288522333,0.0019,0.0030555152885223336
GRAM,1785531600000,1785618000000,corto,2,-0.0015828480173571409,0.0019,-0.003482848017357141
kSHIB,1785542400000,1785628800000,corto,1,-0.0002075334655159958,0.0013,-0.0015075334655159957
MERL,1785542400000,1785628800000,corto,4,-0.00966191091173689,0.0049,-0.01456191091173689
ZORA,1785546000000,1785632400000,corto,3,0.01006097975640796,0.0029,0.00716097975640796
ORDI,1785549600000,1785636000000,largo,2,-0.010683324474658182,0.0019,-0.012583324474658182
NXPC,1785549600000,1785636000000,corto,4,0.00016103059616126114,0.0049,-0.0047389694038387385
STABLE,1785574800000,1785661200000,corto,3,-0.009607290119557698,0.0029,-0.012507290119557698
BANANA,1785585600000,1785672000000,corto,4,-0.006597533722033433,0.0049,-0.011497533722033434
STBL,1785589200000,1785675600000,corto,3,0.0022899978780226986,0.0029,-0.0006100021219773012
CRV,1785600000000,1785686400000,largo,2,0.0009837195225439823,0.0019,-0.0009162804774560177
VINE,1785600000000,1785686400000,corto,3,-0.002679561223482103,0.0029,-0.005579561223482103
SOL,1785603600000,1785690000000,largo,1,0.0024726619657016733,0.0013,0.0011726619657016733
KAITO,1785603600000,1785690000000,corto,1,0.038485808974513466,0.0013,0.037185808974513464
ETH,1785607200000,1785693600000,largo,1,0.003740119769156796,0.0013,0.002440119769156796
AVAX,1785607200000,1785693600000,largo,1,0.0002265364846695515,0.0013,-0.0010734635153304484
DOGE,1785607200000,1785693600000,largo,1,0.003240393097229941,0.0013,0.001940393097229941
SUI,1785607200000,1785693600000,largo,1,0.0016927699632992468,0.0013,0.00039276996329924685
BLUR,1785607200000,1785693600000,largo,4,0.005027301596539243,0.0049,0.00012730159653924315
TIA,1785607200000,1785693600000,largo,3,0.0019410414926023993,0.0029,-0.0009589585073976005
SPX,1785607200000,1785693600000,largo,2,0.00571623302705,0.0019,0.00381623302705
STRK,1785610800000,1785697200000,largo,3,-0.005296406758839261,0.0029,-0.008196406758839262
PAXG,1785610800000,1785697200000,corto,2,0.00014756880422266347,0.0019,-0.0017524311957773364
ACE,1785614400000,1785700800000,corto,2,-0.0,0.0019,-0.0019
DYDX,1785618000000,1785704400000,corto,3,-0.0013382702626317147,0.0029,-0.004238270262631715
STX,1785621600000,1785708000000,corto,4,0.006161802113808987,0.0049,0.0012618021138089868
TRB,1785628800000,1785715200000,corto,4,0.0032054893450611526,0.0049,-0.0016945106549388473
HYPER,1785628800000,1785715200000,corto,3,0.020593347949583035,0.0029,0.017693347949583035
FOGO,1785628800000,1785715200000,corto,4,0.004191371922497437,0.0049,-0.0007086280775025627
kPEPE,1785632400000,1785718800000,corto,1,0.0031244601012625577,0.0013,0.0018244601012625578
RSR,1785632400000,1785718800000,corto,4,0.005518342738446759,0.0049,0.0006183427384467595
ENA,1785632400000,1785718800000,corto,1,0.0011931429472320384,0.0013,-0.00010685705276796157
PUMP,1785632400000,1785718800000,corto,1,0.0033678165101155427,0.0013,0.002067816510115543
BTC,1785636000000,1785722400000,corto,1,0.0010924204529894782,0.0013,-0.00020757954701052178
LIT,1785636000000,1785722400000,corto,1,0.01024522317609529,0.0013,0.00894522317609529
AZTEC,1785636000000,1785722400000,corto,4,0.004338401598598019,0.0049,-0.0005615984014019811
REZ,1785646800000,1785733200000,corto,4,-0.007745972114655329,0.0049,-0.012645972114655329
BOME,1785654000000,1785740400000,corto,3,-0.0033670065479044697,0.0029,-0.0062670065479044695
PNUT,1785654000000,1785740400000,corto,3,0.0002578981316681178,0.0029,-0.002642101868331882
XMR,1785654000000,1785740400000,largo,1,0.0019309818143138488,0.0013,0.0006309818143138488
SAGA,1785657600000,1785744000000,corto,2,-0.010058111873034781,0.0019,-0.011958111873034782
NIL,1785661200000,1785747600000,corto,2,-0.006798706055577253,0.0019,-0.008698706055577253
ASTER,1785661200000,1785747600000,largo,2,-0.0011986616381828821,0.0019,-0.0030986616381828824
ME,1785679200000,1785765600000,corto,4,0.0004982147408544368,0.0049,-0.004401785259145563
STABLE,1785682800000,1785769200000,corto,2,0.006840146850935746,0.0019,0.004940146850935747
HYPE,1785686400000,1785772800000,corto,1,-0.00492367477020901,0.0013,-0.00622367477020901
SYRUP,1785686400000,1785772800000,corto,4,-0.009517406986890171,0.0049,-0.014417406986890171
STBL,1785686400000,1785772800000,corto,3,0.009481098616008205,0.0029,0.006581098616008205
kLUNC,1785693600000,1785780000000,corto,4,0.006495657653703826,0.0049,0.0015956576537038258
ZEC,1785697200000,1785783600000,corto,1,0.00384327335869749,0.0013,0.00254327335869749
STRK,1785708000000,1785794400000,corto,3,0.009336377946688719,0.0029,0.006436377946688719
PAXG,1785708000000,1785794400000,largo,1,-0.0001233943314210258,0.0013,-0.0014233943314210257
BIGTIME,1785711600000,1785798000000,corto,4,0.004649507660731897,0.0049,-0.0002504923392681029
CELO,1785715200000,1785801600000,largo,4,-0.015763386873764596,0.0049,-0.020663386873764594
SOPH,1785715200000,1785801600000,largo,4,-0.00386947471070256,0.0049,-0.00876947471070256
0G,1785715200000,1785801600000,largo,3,-0.006815077490109971,0.0029,-0.00971507749010997
GRAM,1785715200000,1785801600000,largo,3,-0.07996015612299458,0.0029,-0.08286015612299458
SUPER,1785722400000,1785808800000,corto,4,-0.0052138205043034845,0.0049,-0.010113820504303483
BANANA,1785726000000,1785812400000,largo,4,-0.00558194515098657,0.0049,-0.01048194515098657
HEMI,1785726000000,1785812400000,largo,3,-0.004283579049419515,0.0029,-0.007183579049419515
WLD,1785736800000,1785823200000,largo,1,-0.013921052039956477,0.0013,-0.015221052039956478
MNT,1785736800000,1785823200000,largo,4,0.0014913491888646612,0.0049,-0.0034086508111353386
GOAT,1785736800000,1785823200000,largo,4,-0.005852923909055947,0.0049,-0.010752923909055946
2Z,1785736800000,1785823200000,largo,4,-0.0037322558537363137,0.0049,-0.008632255853736313
KAS,1785740400000,1785826800000,largo,2,0.013305825465346593,0.0019,0.011405825465346593
ACE,1785740400000,1785826800000,corto,2,-0.0060790460763821925,0.0019,-0.007979046076382192
BLUR,1785747600000,1785834000000,largo,4,-0.0030310894459490614,0.0049,-0.007931089445949061
S,1785747600000,1785834000000,corto,3,0.004469574944362443,0.0029,0.001569574944362443
BERA,1785747600000,1785834000000,corto,4,0.006294984816221088,0.0049,0.0013949848162210883
MANTA,1785758400000,1785844800000,largo,4,-0.00283286308430409,0.0049,-0.007732863084304089
BTC,1785762000000,1785848400000,corto,1,0.0034971376392555847,0.0013,0.0021971376392555847
SOL,1785762000000,1785848400000,corto,1,0.002320391300912168,0.0013,0.0010203913009121678
SUI,1785762000000,1785848400000,corto,1,0.004330948460750423,0.0013,0.0030309484607504234
LINK,1785762000000,1785848400000,corto,1,0.003186601887038616,0.0013,0.001886601887038616
STX,1785762000000,1785848400000,corto,3,0.005181169688765865,0.0029,0.002281169688765865
SNX,1785762000000,1785848400000,corto,3,0.0008925007051325866,0.0029,-0.0020074992948674133
APT,1785762000000,1785848400000,corto,2,0.0017488636846397306,0.0019,-0.00015113631536026943
COMP,1785762000000,1785848400000,corto,4,0.0017880562637298926,0.0049,-0.003111943736270107
POLYX,1785762000000,1785848400000,corto,4,0.00015598920586325967,0.0049,-0.00474401079413674
NEAR,1785762000000,1785848400000,corto,1,-0.00017320516194671044,0.0013,-0.0014732051619467104
NEO,1785762000000,1785848400000,corto,4,0.00032088993750600505,0.0049,-0.004579110062493995
ZETA,1785762000000,1785848400000,corto,4,0.006621386798277556,0.0049,0.0017213867982775561
DYM,1785762000000,1785848400000,corto,4,0.0037807228399060443,0.0049,-0.0011192771600939556
BIO,1785762000000,1785848400000,corto,4,0.001729316895878429,0.0049,-0.003170683104121571
SPX,1785762000000,1785848400000,corto,2,-0.0034668517358349515,0.0019,-0.005366851735834952
ANIME,1785762000000,1785848400000,corto,4,0.0033319481054773083,0.0049,-0.0015680518945226916
XPL,1785762000000,1785848400000,corto,1,-0.0010012418835387109,0.0013,-0.002301241883538711
AVNT,1785762000000,1785848400000,corto,3,0.006545850408300643,0.0029,0.0036458504083006433
ATOM,1785765600000,1785852000000,corto,2,-0.008157959148815591,0.0019,-0.010057959148815592
PUMP,1785772800000,1785859200000,corto,1,0.01067151078784033,0.0013,0.00937151078784033
VVV,1785776400000,1785862800000,corto,1,0.0019042105352375966,0.0013,0.0006042105352375966
CASHCAT,1785780000000,1785866400000,corto,1,0.0681967524457289,0.0013,0.0668967524457289
FET,1785783600000,1785870000000,corto,2,-0.002849778017663008,0.0019,-0.004749778017663008
CFX,1785801600000,1785888000000,largo,3,0.0009973277559526096,0.0029,-0.0019026722440473902
ASTER,1785801600000,1785888000000,corto,2,-0.003878628693677927,0.0019,-0.005778628693677927
AVAX,1785805200000,1785891600000,corto,1,-0.0010354064895130542,0.0013,-0.002335406489513054
GRAM,1785805200000,1785891600000,corto,1,-0.007894966723772398,0.0013,-0.009194966723772399
CC,1785823200000,1785909600000,largo,3,0.005939073604073297,0.0029,0.0030390736040732972
TURBO,1785830400000,1785916800000,corto,4,0.0024301348532916704,0.0049,-0.0024698651467083294
PURR,1785830400000,1785916800000,corto,3,-0.012734265244154724,0.0029,-0.015634265244154726
SKR,1785830400000,1785916800000,corto,2,0.03292067862008944,0.0019,0.03102067862008944
LDO,1785837600000,1785924000000,largo,2,-0.005219289283278831,0.0019,-0.007119289283278831
MORPHO,1785852000000,1785938400000,largo,2,0.001271051966483617,0.0019,-0.0006289480335163831
BANANA,1785855600000,1785942000000,corto,4,-0.0029382132617402673,0.0049,-0.007838213261740267
MNT,1785855600000,1785942000000,corto,2,0.0035945847299526375,0.0019,0.0016945847299526375
LINEA,1785855600000,1785942000000,corto,3,0.0035149421074443855,0.0029,0.0006149421074443857
TRX,1785859200000,1785945600000,corto,2,-0.0022879465754602744,0.0019,-0.004187946575460275
ZORA,1785862800000,1785949200000,corto,3,-0.008029305337011431,0.0029,-0.010929305337011431
BIO,1785866400000,1785952800000,corto,3,0.0072572531970006475,0.0029,0.004357253197000648
PUMP,1785866400000,1785952800000,corto,1,0.0045146803545266945,0.0013,0.0032146803545266946
XMR,1785870000000,1785956400000,largo,1,0.011187640228530903,0.0013,0.009887640228530902
STRK,1785873600000,1785960000000,corto,3,-0.0027488727303520886,0.0029,-0.005648872730352089
VINE,1785877200000,1785963600000,largo,2,-0.004793873034999131,0.0019,-0.006693873034999131
PYTH,1785880800000,1785967200000,corto,2,0.003686897904860963,0.0019,0.0017868979048609628
DYDX,1785884400000,1785970800000,largo,3,0.00026679710238739976,0.0029,-0.0026332028976126
CASHCAT,1785884400000,1785970800000,corto,1,0.06712701186104877,0.0013,0.06582701186104878
BNB,1785891600000,1785978000000,corto,1,0.0027241558516147317,0.0013,0.0014241558516147317
BIGTIME,1785891600000,1785978000000,corto,3,0.02043866767727407,0.0029,0.01753866767727407
MOODENG,1785891600000,1785978000000,corto,4,0.016700955568789585,0.0049,0.011800955568789585
USUAL,1785891600000,1785978000000,corto,4,0.015767458252701098,0.0049,0.010867458252701098
AXS,1785891600000,1785978000000,corto,4,-0.002701487460160739,0.0049,-0.007601487460160739
RESOLV,1785895200000,1785981600000,corto,4,0.0008606593181236675,0.0049,-0.004039340681876332
ACE,1785898800000,1785985200000,corto,2,-0.01966355490877828,0.0019,-0.02156355490877828
ENA,1785898800000,1785985200000,largo,1,0.011809969252546832,0.0013,0.010509969252546832
INIT,1785898800000,1785985200000,corto,2,-0.0058095913804194045,0.0019,-0.007709591380419404
PROVE,1785916800000,1786003200000,largo,4,-0.00012762427431016043,0.0049,-0.00502762427431016
VVV,1785927600000,1786014000000,largo,1,0.007533982197632728,0.0013,0.006233982197632728
APE,1785931200000,1786017600000,corto,3,0.0029978288208490573,0.0029,0.00009782882084905745
SYRUP,1785931200000,1786017600000,corto,3,0.00045203578310004156,0.0029,-0.0024479642168999585
HBAR,1785942000000,1786028400000,largo,2,-0.015663084495676348,0.0019,-0.017563084495676347
HMSTR,1785942000000,1786028400000,corto,4,0.005390848634876423,0.0049,0.0004908486348764235
ETH,1785945600000,1786032000000,corto,1,-0.0026142438814244855,0.0013,-0.003914243881424485
APEX,1785963600000,1786050000000,largo,4,0.00031509531894025896,0.0049,-0.004584904681059741
BOME,1785974400000,1786060800000,corto,4,-0.025190248828558495,0.0049,-0.030090248828558493
POPCAT,1785974400000,1786060800000,corto,3,-0.004980263012641781,0.0029,-0.007880263012641782
PNUT,1785974400000,1786060800000,corto,3,-0.005140078137750408,0.0029,-0.008040078137750407
kSHIB,1785978000000,1786064400000,largo,2,-0.0017123291855122669,0.0019,-0.003612329185512267
GRIFFAIN,1785978000000,1786064400000,corto,3,-0.009400410115264402,0.0029,-0.012300410115264402
MEGA,1785978000000,1786064400000,largo,3,-0.0011262963899234904,0.0029,-0.00402629638992349
MANTA,1785981600000,1786068000000,corto,4,0.006122468104383783,0.0049,0.0012224681043837829
SPX,1785981600000,1786068000000,largo,2,-0.0016296970560316776,0.0019,-0.0035296970560316776
COMP,1785985200000,1786071600000,corto,3,0.004416914119056719,0.0029,0.0015169141190567196
BLUR,1785985200000,1786071600000,corto,4,0.013215081093010728,0.0049,0.008315081093010728
SOPH,1785988800000,1786075200000,corto,4,0.004824180994912385,0.0049,-0.00007581900508761476
SUSHI,1785992400000,1786078800000,corto,3,-0.010038925062316198,0.0029,-0.012938925062316198
FOGO,1785992400000,1786078800000,corto,4,-0.0028554451287486206,0.0049,-0.007755445128748621
TRB,1785996000000,1786082400000,corto,4,-0.008435186722329461,0.0049,-0.01333518672232946
POLYX,1785996000000,1786082400000,corto,4,0.0013293146713665804,0.0049,-0.0035706853286334196
GAS,1785996000000,1786082400000,corto,4,-0.0004249306895762415,0.0049,-0.005324930689576241
ZETA,1785996000000,1786082400000,corto,3,0.0013619341567204354,0.0029,-0.0015380658432795644
ME,1785996000000,1786082400000,corto,4,0.0023298396293632956,0.0049,-0.002570160370636704
AVNT,1785996000000,1786082400000,corto,3,0.006431650649822314,0.0029,0.003531650649822314
AVAX,1786006800000,1786093200000,largo,1,0.0065016094138647465,0.0013,0.0052016094138647466
ARB,1786006800000,1786093200000,largo,2,-0.0021900169783678172,0.0019,-0.0040900169783678175
DOGE,1786006800000,1786093200000,largo,1,0.0023900034412807527,0.0013,0.0010900034412807528
SUI,1786006800000,1786093200000,largo,1,-0.0007997156992767499,0.0013,-0.0020997156992767496
kLUNC,1786006800000,1786093200000,largo,3,0.00004101302163993183,0.0029,-0.002858986978360068
ETC,1786006800000,1786093200000,largo,2,-0.002088324571982403,0.0019,-0.003988324571982403
TAO,1786006800000,1786093200000,largo,1,0.0037852317628194227,0.0013,0.0024852317628194227
PENGU,1786006800000,1786093200000,largo,1,-0.0003302509937545596,0.0013,-0.0016302509937545595
GRAM,1786006800000,1786093200000,largo,2,0.003814086813433929,0.0019,0.0019140868134339291
FIL,1786010400000,1786096800000,largo,2,-0.002241618374094712,0.0019,-0.004141618374094712
BSV,1786014000000,1786100400000,corto,3,0.0004445432391501581,0.0029,-0.002455456760849842
KAS,1786017600000,1786104000000,largo,3,0.004330089343757576,0.0029,0.001430089343757576
ACE,1786021200000,1786107600000,corto,2,0.047665893373152496,0.0019,0.0457658933731525
NIL,1786021200000,1786107600000,corto,2,-0.015008528012797222,0.0019,-0.01690852801279722
POL,1786024800000,1786111200000,largo,2,-0.0013016338668665709,0.0019,-0.003201633866866571
ATOM,1786028400000,1786114800000,corto,2,-0.011979755607143103,0.0019,-0.013879755607143104
AERO,1786028400000,1786114800000,corto,2,-0.009185982558930175,0.0019,-0.011085982558930176
CRV,1786032000000,1786118400000,corto,1,-0.0005657975538746901,0.0013,-0.00186579755387469
FET,1786032000000,1786118400000,corto,2,0.008089998477458435,0.0019,0.006189998477458435
kFLOKI,1786032000000,1786118400000,corto,4,0.002767705527021618,0.0049,-0.002132294472978382
ALGO,1786032000000,1786118400000,corto,2,0.0010627353997921286,0.0019,-0.0008372646002078714
WLFI,1786032000000,1786118400000,corto,2,-0.00023302328396400398,0.0019,-0.002133023283964004
KAITO,1786039200000,1786125600000,corto,1,0.0014348217167315382,0.0013,0.0001348217167315383
SYRUP,1786039200000,1786125600000,largo,3,-0.0024449082123009776,0.0029,-0.005344908212300978
CC,1786039200000,1786125600000,largo,2,-0.005018251352958954,0.0019,-0.006918251352958954
PEOPLE,1786042800000,1786129200000,corto,3,-0.0023948733007218112,0.0029,-0.005294873300721811
TIA,1786050000000,1786136400000,corto,2,0.006002547007160679,0.0019,0.004102547007160679
DASH,1786050000000,1786136400000,corto,3,0.0034628426648398753,0.0029,0.0005628426648398755
MET,1786057200000,1786143600000,largo,4,-0.013962154419918039,0.0049,-0.018862154419918037
HYPER,1786060800000,1786147200000,corto,3,0.0036516440641963838,0.0029,0.000751644064196384
BNB,1786075200000,1786161600000,largo,1,0.00020225514555481758,0.0013,-0.0010977448544451825
YGG,1786078800000,1786165200000,corto,3,0.0002692442330687111,0.0029,-0.0026307557669312887
DYM,1786078800000,1786165200000,corto,3,0.007973945839144115,0.0029,0.005073945839144115
SAND,1786078800000,1786165200000,corto,4,0.0014807804718172707,0.0049,-0.003419219528182729
CFX,1786086000000,1786172400000,largo,3,-0.000487519510435945,0.0029,-0.0033875195104359447
SNX,1786086000000,1786172400000,corto,3,-0.0018542736799987344,0.0029,-0.004754273679998734
kBONK,1786086000000,1786172400000,largo,2,0.01358390843481259,0.0019,0.011683908434812589
ENA,1786089600000,1786176000000,corto,1,-0.0014405025555456565,0.0013,-0.0027405025555456565
MON,1786093200000,1786179600000,corto,2,0.0008677208411786277,0.0019,-0.0010322791588213724
SKY,1786096800000,1786183200000,largo,2,-0.001982344817462128,0.0019,-0.0038823448174621277
ETHFI,1786100400000,1786186800000,corto,2,0.0008895401141217977,0.0019,-0.0010104598858782024
PURR,1786111200000,1786197600000,largo,3,0.0024009987292052037,0.0029,-0.0004990012707947961
COMP,1786114800000,1786201200000,corto,3,-0.0014920476642256042,0.0029,-0.004392047664225604
MELANIA,1786114800000,1786201200000,corto,4,0.0009116364504521709,0.0049,-0.003988363549547829
NIL,1786125600000,1786212000000,corto,2,-0.009189646018987235,0.0019,-0.011089646018987235
PENDLE,1786129200000,1786215600000,corto,2,-0.0007064142706873792,0.0019,-0.0026064142706873792
BIO,1786129200000,1786215600000,corto,3,-0.0030086068786011363,0.0029,-0.0059086068786011366
XMR,1786132800000,1786219200000,corto,1,0.003285959404721281,0.0013,0.001985959404721281
VINE,1786136400000,1786222800000,largo,2,0.0005401026326270457,0.0019,-0.0013598973673729542
GRIFFAIN,1786147200000,1786233600000,corto,3,0.0029519613875503017,0.0029,0.000051961387550301854
0G,1786147200000,1786233600000,corto,3,-0.0011298309778618645,0.0029,-0.004029830977861864
AVAX,1786150800000,1786237200000,corto,1,0.00040132747316466927,0.0013,-0.0008986725268353307
GALA,1786150800000,1786237200000,corto,4,0.006106041730083535,0.0049,0.001206041730083535
SOL,1786158000000,1786244400000,corto,1,-0.0015938357508454937,0.0013,-0.0028938357508454934
CRV,1786158000000,1786244400000,corto,1,-0.004841558753209585,0.0013,-0.006141558753209585
ORDI,1786165200000,1786251600000,corto,4,0.006812991454841649,0.0049,0.0019129914548416489
kNEIRO,1786165200000,1786251600000,corto,3,-0.004696622526145697,0.0029,-0.007596622526145696
MOODENG,1786168800000,1786255200000,corto,4,-0.0023031646332975697,0.0049,-0.0072031646332975695
CELO,1786172400000,1786258800000,corto,3,0.007309039350227086,0.0029,0.004409039350227086
MNT,1786176000000,1786262400000,corto,2,0.00011759310447580119,0.0019,-0.001782406895524199
AIXBT,1786176000000,1786262400000,corto,4,0.002706511083500801,0.0049,-0.002193488916499199
W,1786183200000,1786269600000,corto,3,-0.003535654832307797,0.0029,-0.006435654832307796
MERL,1786183200000,1786269600000,corto,4,0.008689643264623164,0.0049,0.003789643264623164
RSR,1786186800000,1786273200000,corto,4,-0.00317712737467198,0.0049,-0.00807712737467198
BNB,1786197600000,1786284000000,corto,1,-0.0012007864125519116,0.0013,-0.0025007864125519115
DOGE,1786197600000,1786284000000,corto,1,-0.002670304410424991,0.0013,-0.003970304410424991
POPCAT,1786197600000,1786284000000,corto,3,-0.008594114558490932,0.0029,-0.011494114558490932
INIT,1786197600000,1786284000000,corto,2,-0.008336723125553395,0.0019,-0.010236723125553395
ASTER,1786197600000,1786284000000,corto,2,-0.0018269092125133648,0.0019,-0.003726909212513365
ICP,1786197600000,1786284000000,corto,1,-0.008964588714922731,0.0013,-0.01026458871492273
IOTA,1786201200000,1786287600000,corto,4,-0.014538743635068038,0.0049,-0.019438743635068038
GOAT,1786204800000,1786291200000,corto,4,-0.02219025962200636,0.0049,-0.02709025962200636
RESOLV,1786204800000,1786291200000,corto,3,-0.009701928530458325,0.0029,-0.012601928530458325
STBL,1786204800000,1786291200000,corto,3,0.007058759530726377,0.0029,0.0041587595307263775
PEOPLE,1786208400000,1786294800000,corto,3,-0.07699089551075589,0.0029,-0.07989089551075589
KAITO,1786208400000,1786294800000,corto,1,0.008087583254832458,0.0013,0.006787583254832458
DYM,1786222800000,1786309200000,corto,3,0.0075901692666755964,0.0029,0.004690169266675597
SAGA,1786222800000,1786309200000,corto,2,0.015097103281819249,0.0019,0.013197103281819248
MON,1786226400000,1786312800000,largo,2,-0.005169931120588767,0.0019,-0.007069931120588767
RUNE,1786230000000,1786316400000,largo,3,-0.00463898032307761,0.0029,-0.00753898032307761
TAO,1786230000000,1786316400000,corto,1,0.009693288188790844,0.0013,0.008393288188790843
YGG,1786237200000,1786323600000,corto,4,-0.0004470383782381889,0.0049,-0.005347038378238189
CHIP,1786237200000,1786323600000,largo,3,0.011174307494864553,0.0029,0.008274307494864554
ANIME,1786240800000,1786327200000,corto,4,-0.0007642338927561176,0.0049,-0.005664233892756118
WLFI,1786240800000,1786327200000,corto,2,0.0034296946896792157,0.0019,0.0015296946896792157
MINA,1786244400000,1786330800000,corto,4,0.003777940366704724,0.0049,-0.001122059633295276
SNX,1786248000000,1786334400000,corto,3,0.000619593471195492,0.0029,-0.0022804065288045076
kLUNC,1786248000000,1786334400000,corto,4,0.0028226269153284293,0.0049,-0.0020773730846715705
IO,1786248000000,1786334400000,corto,3,-0.00967102713907744,0.0029,-0.012571027139077439
BANANA,1786251600000,1786338000000,corto,4,0.006063914568283997,0.0049,0.0011639145682839974
PROVE,1786258800000,1786345200000,largo,4,-0.00037821483052973476,0.0049,-0.005278214830529734
ME,1786262400000,1786348800000,corto,3,-0.007706258157472229,0.0029,-0.01060625815747223
BIGTIME,1786266000000,1786352400000,corto,4,-0.004428868652840371,0.0049,-0.009328868652840371
ZEN,1786266000000,1786352400000,corto,4,0.010124165301830263,0.0049,0.005224165301830263
NIL,1786266000000,1786352400000,corto,2,-0.03811715697140504,0.0019,-0.04001715697140504
AERO,1786266000000,1786352400000,largo,2,-0.007016567771377265,0.0019,-0.008916567771377264
POL,1786269600000,1786356000000,largo,2,0.0016296784671756275,0.0019,-0.00027032153282437253
VVV,1786269600000,1786356000000,corto,2,0.00675733926830889,0.0019,0.00485733926830889
BTC,1786280400000,1786366800000,corto,1,0.004791576009899284,0.0013,0.0034915760098992842
ZORA,1786280400000,1786366800000,corto,4,0.00018973531979877718,0.0049,-0.004710264680201223
SYRUP,1786280400000,1786366800000,corto,4,0.0038465347163114233,0.0049,-0.0010534652836885765
XMR,1786280400000,1786366800000,corto,1,0.007107422111350453,0.0013,0.005807422111350453
kFLOKI,1786287600000,1786374000000,corto,4,0.005787025960098852,0.0049,0.0008870259600988525
PNUT,1786287600000,1786374000000,corto,3,-0.0028585059959636717,0.0029,-0.0057585059959636715
TRUMP,1786287600000,1786374000000,corto,2,0.007572493883480188,0.0019,0.005672493883480188
SUSHI,1786291200000,1786377600000,corto,3,0.003935225299377599,0.0029,0.001035225299377599
WIF,1786291200000,1786377600000,corto,2,0.002312950041126829,0.0019,0.0004129500411268292
POPCAT,1786291200000,1786377600000,corto,3,0.0017304435406069322,0.0029,-0.0011695564593930676
BRETT,1786291200000,1786377600000,corto,3,0.0033341302617668446,0.0029,0.00043413026176684476
MOODENG,1786291200000,1786377600000,corto,3,-0.0013270711410141235,0.0029,-0.004227071141014123
PENGU,1786291200000,1786377600000,corto,1,-0.0033293008960517383,0.0013,-0.004629300896051738
ASTER,1786302000000,1786388400000,corto,2,-0.0014439477044744407,0.0019,-0.0033439477044744405
ONDO,1786305600000,1786392000000,corto,1,-0.0016240360857345795,0.0013,-0.0029240360857345797
PAXG,1786309200000,1786395600000,largo,1,-0.00018253588021571038,0.0013,-0.0014825358802157103
LTC,1786312800000,1786399200000,largo,1,0.0023719018468556976,0.0013,0.0010719018468556977
ARB,1786312800000,1786399200000,largo,2,0.0038952113081682726,0.0019,0.0019952113081682724
TIA,1786312800000,1786399200000,largo,3,0.001617921945962835,0.0029,-0.0012820780540371648
FIL,1786312800000,1786399200000,largo,3,0.004220799376009544,0.0029,0.001320799376009544
ENS,1786312800000,1786399200000,largo,4,0.0007615965334682906,0.0049,-0.00413840346653171
STRK,1786312800000,1786399200000,largo,3,0.0025031302181184748,0.0029,-0.000396869781881525
EIGEN,1786312800000,1786399200000,largo,3,0.009531891625359553,0.0029,0.006631891625359553
DOGE,1786316400000,1786402800000,largo,1,-0.0017495057090920496,0.0013,-0.0030495057090920495
GMX,1786316400000,1786402800000,largo,4,-0.000656152250858223,0.0049,-0.005556152250858223
ADA,1786316400000,1786402800000,largo,1,-0.006481988194814311,0.0013,-0.007781988194814311
GALA,1786316400000,1786402800000,largo,4,0.0005585032259112361,0.0049,-0.004341496774088764
UMA,1786316400000,1786402800000,largo,4,0.004492175242463272,0.0049,-0.000407824757536728
GRASS,1786316400000,1786402800000,largo,3,0.000891540709877779,0.0029,-0.0020084592901222207
SAND,1786316400000,1786402800000,largo,4,0.0016521299221884278,0.0049,-0.003247870077811572
ALGO,1786316400000,1786402800000,largo,2,-0.0004611370750971453,0.0019,-0.002361137075097145
MOVE,1786316400000,1786402800000,largo,3,-0.0034341205828441065,0.0029,-0.006334120582844107
MORPHO,1786316400000,1786402800000,largo,2,0.007049948851089057,0.0019,0.005149948851089057
AZTEC,1786316400000,1786402800000,largo,4,-0.00015214910641752155,0.0049,-0.005052149106417521
LDO,1786320000000,1786406400000,corto,2,-0.004953864636920129,0.0019,-0.006853864636920129
BOME,1786323600000,1786410000000,largo,1,0.021158225507346046,0.0013,0.019858225507346047
SPX,1786323600000,1786410000000,corto,2,-0.008371979058654512,0.0019,-0.010271979058654512
REZ,1786327200000,1786413600000,largo,3,-0.01153657262841629,0.0029,-0.01443657262841629
ENA,1786338000000,1786424400000,corto,1,-0.0006204230154365974,0.0013,-0.0019204230154365974
ALT,1786341600000,1786428000000,corto,4,0.004640379556502225,0.0049,-0.00025962044349777443
COMP,1786345200000,1786431600000,largo,4,-0.0055116803135240346,0.0049,-0.010411680313524034
SKR,1786348800000,1786435200000,largo,3,-0.016977899771659914,0.0029,-0.019877899771659914
CHIP,1786352400000,1786438800000,corto,2,-0.013759257462991222,0.0019,-0.01565925746299122
MON,1786356000000,1786442400000,corto,2,0.00932040336360254,0.0019,0.00742040336360254
AXS,1786356000000,1786442400000,corto,4,0.0013902407355264135,0.0049,-0.0035097592644735866
AERO,1786359600000,1786446000000,corto,2,-0.003306959432772322,0.0019,-0.005206959432772322
RESOLV,1786370400000,1786456800000,largo,4,-0.008753442619322014,0.0049,-0.013653442619322014
ATOM,1786374000000,1786460400000,corto,3,-0.0031055925581530666,0.0029,-0.006005592558153066
ICP,1786377600000,1786464000000,corto,2,-0.0010625582086181966,0.0019,-0.0029625582086181966
MNT,1786388400000,1786474800000,corto,2,-0.004227461781241983,0.0019,-0.006127461781241982
ME,1786388400000,1786474800000,largo,2,-0.0006534880154139532,0.0019,-0.002553488015413953
INIT,1786406400000,1786492800000,corto,4,-0.0034894731604566153,0.0049,-0.008389473160456615
WLFI,1786406400000,1786492800000,corto,2,-0.010073278887587578,0.0019,-0.011973278887587578
KAS,1786413600000,1786500000000,corto,3,0.001263520796030838,0.0029,-0.0016364792039691618
kNEIRO,1786413600000,1786500000000,largo,2,-0.0022373042369918986,0.0019,-0.004137304236991899
HEMI,1786417200000,1786503600000,largo,3,0.00924258136693265,0.0029,0.006342581366932651
ZEN,1786431600000,1786518000000,largo,3,0.00031903798049622934,0.0029,-0.0025809620195037706
MET,1786435200000,1786521600000,corto,2,0.0018011867855238686,0.0019,-0.00009881321447613141
LTC,1786438800000,1786525200000,corto,2,-0.0037235784928532183,0.0019,-0.005623578492853218
LINK,1786438800000,1786525200000,corto,1,-0.006019924916905493,0.0013,-0.007319924916905493
TRX,1786438800000,1786525200000,corto,2,0.0002676142208325905,0.0019,-0.0016323857791674095
BSV,1786438800000,1786525200000,corto,4,-0.011550427544450926,0.0049,-0.016450427544450925
SOPH,1786438800000,1786525200000,largo,4,-0.006035971612592834,0.0049,-0.010935971612592833
MEGA,1786446000000,1786532400000,largo,2,0.008143293520817357,0.0019,0.006243293520817358
kLUNC,1786449600000,1786536000000,corto,3,0.0033398142391106896,0.0029,0.00043981423911068976
AVAX,1786456800000,1786543200000,largo,1,-0.008907229716479163,0.0013,-0.010207229716479162
APE,1786456800000,1786543200000,largo,4,-0.015683814413472778,0.0049,-0.020583814413472776
ARB,1786456800000,1786543200000,largo,1,-0.0052259375834008415,0.0013,-0.006525937583400841
DOGE,1786456800000,1786543200000,largo,1,-0.002183561773343309,0.0013,-0.003483561773343309
SUI,1786456800000,1786543200000,largo,1,-0.010109630445522558,0.0013,-0.011409630445522557
kPEPE,1786456800000,1786543200000,largo,1,-0.015321874655078864,0.0013,-0.016621874655078864
STX,1786456800000,1786543200000,largo,4,-0.015287126894858087,0.0049,-0.020187126894858087
XRP,1786456800000,1786543200000,largo,1,-0.005339674508503598,0.0013,-0.006639674508503598
AAVE,1786456800000,1786543200000,largo,1,-0.006426909246230366,0.0013,-0.007726909246230366
UNI,1786456800000,1786543200000,largo,1,-0.016728564398176844,0.0013,-0.018028564398176843
RUNE,1786456800000,1786543200000,largo,3,-0.006682377807403478,0.0029,-0.009582377807403477
BIGTIME,1786456800000,1786543200000,largo,4,-0.015930245282943536,0.0049,-0.020830245282943534
TIA,1786456800000,1786543200000,largo,2,-0.01470567102920388,0.0019,-0.01660567102920388
POLYX,1786456800000,1786543200000,largo,4,-0.011008326497224915,0.0049,-0.015908326497224914
PENDLE,1786456800000,1786543200000,largo,2,-0.018610772781269044,0.0019,-0.020510772781269043
NEAR,1786456800000,1786543200000,largo,1,-0.013750984018458685,0.0013,-0.015050984018458686
FIL,1786456800000,1786543200000,largo,3,-0.0076692083783367095,0.0029,-0.01056920837833671
JUP,1786456800000,1786543200000,largo,2,-0.013027226977941496,0.0019,-0.014927226977941497
GALA,1786456800000,1786543200000,largo,4,-0.009973681972271407,0.0049,-0.014873681972271407
ENS,1786456800000,1786543200000,largo,3,-0.008675219029984006,0.0029,-0.011575219029984006
MANTA,1786456800000,1786543200000,largo,4,-0.0031375308987533672,0.0049,-0.008037530898753368
kFLOKI,1786456800000,1786543200000,largo,4,-0.007215286413175585,0.0049,-0.012115286413175585
ETHFI,1786456800000,1786543200000,largo,2,-0.016040867374288035,0.0019,-0.017940867374288034
VIRTUAL,1786456800000,1786543200000,largo,2,-0.013294088253941317,0.0019,-0.015194088253941317
LAYER,1786456800000,1786543200000,largo,4,-0.0019224506292803431,0.0049,-0.006822450629280343
TRB,1786460400000,1786546800000,largo,4,0.0055244634717955534,0.0049,0.0006244634717955536
RSR,1786460400000,1786546800000,largo,4,0.00334448472284735,0.0049,-0.0015555152771526497
ZK,1786460400000,1786546800000,largo,3,0.0014936522567831501,0.0029,-0.0014063477432168497
ALGO,1786460400000,1786546800000,largo,2,0.0018734656989853457,0.0019,-0.000026534301014654324
TRUMP,1786460400000,1786546800000,largo,1,0.0009586415415064048,0.0013,-0.00034135845849359513
ORDI,1786464000000,1786550400000,corto,3,-0.003719352104342116,0.0029,-0.006619352104342116
MINA,1786471200000,1786557600000,largo,3,0.00031535793386556875,0.0029,-0.002584642066134431
GRASS,1786474800000,1786561200000,corto,2,0.015055701135140372,0.0019,0.013155701135140372
INJ,1786478400000,1786564800000,corto,1,-0.00431760957419301,0.0013,-0.00561760957419301
HYPER,1786496400000,1786582800000,corto,3,-0.012753284281497801,0.0029,-0.0156532842814978
CRV,1786503600000,1786590000000,largo,1,-0.0030210925672031546,0.0013,-0.004321092567203155
GRAM,1786503600000,1786590000000,corto,2,0.004322558526490407,0.0019,0.002422558526490407
DYDX,1786514400000,1786600800000,largo,3,-0.007660110451981498,0.0029,-0.010560110451981498
SUSHI,1786514400000,1786600800000,corto,3,-0.005578642125410017,0.0029,-0.008478642125410017
ACE,1786514400000,1786600800000,corto,2,0.003787883316937203,0.0019,0.0018878833169372032
BABY,1786514400000,1786600800000,largo,3,0.002684050691107258,0.0029,-0.00021594930889274168
DYM,1786521600000,1786608000000,largo,4,0.0,0.0049,-0.0049
KAITO,1786521600000,1786608000000,largo,1,-0.018655382763165553,0.0013,-0.019955382763165552
STRK,1786525200000,1786611600000,corto,2,-0.0059752631900870205,0.0019,-0.007875263190087021
LTC,1786543200000,1786629600000,largo,1,0.0033040906981706046,0.0013,0.0020040906981706047
ZRO,1786543200000,1786629600000,largo,2,-0.0010144683365620765,0.0019,-0.0029144683365620767
kLUNC,1786543200000,1786629600000,largo,2,0.003071640285129789,0.0019,0.0011716402851297892
AIXBT,1786550400000,1786636800000,corto,4,0.0009524077024583882,0.0049,-0.003947592297541612
STABLE,1786550400000,1786636800000,corto,3,0.008834192068803258,0.0029,0.005934192068803258
MNT,1786554000000,1786640400000,corto,3,-0.0003986799317462101,0.0029,-0.00329867993174621
2Z,1786554000000,1786640400000,corto,2,-0.015566376562606095,0.0019,-0.017466376562606096
APE,1786568400000,1786654800000,largo,3,0.0038036706725988814,0.0029,0.0009036706725988816
OP,1786568400000,1786654800000,largo,2,0.007627449437028596,0.0019,0.005727449437028596
kPEPE,1786568400000,1786654800000,largo,1,0.00187230910340481,0.0013,0.0005723091034048101
SNX,1786568400000,1786654800000,largo,3,0.0008602586366618101,0.0029,-0.0020397413633381897
COMP,1786568400000,1786654800000,largo,4,0.0014250753674178987,0.0049,-0.003474924632582101
kSHIB,1786568400000,1786654800000,largo,1,0.0038275404152323163,0.0013,0.0025275404152323164
BIGTIME,1786568400000,1786654800000,largo,4,0.015987052839670408,0.0049,0.011087052839670408
POLYX,1786568400000,1786654800000,largo,4,0.003854883924910411,0.0049,-0.0010451160750895886
NEO,1786568400000,1786654800000,largo,4,0.004223305804448337,0.0049,-0.0006766941955516628
FIL,1786568400000,1786654800000,largo,2,0.002673877822340559,0.0019,0.0007738778223405592
IMX,1786568400000,1786654800000,largo,3,0.0021971994557696017,0.0029,-0.0007028005442303981
GALA,1786568400000,1786654800000,largo,4,0.004190368298626509,0.0049,-0.000709631701373491
WIF,1786568400000,1786654800000,largo,3,0.00410016682186477,0.0029,0.0012001668218647706
ENS,1786568400000,1786654800000,largo,3,0.0018741374591918008,0.0029,-0.001025862540808199
ETC,1786568400000,1786654800000,largo,3,0.002274548473819871,0.0029,-0.0006254515261801289
XAI,1786568400000,1786654800000,largo,4,0.004842624475787991,0.0049,-0.000057375524212009005
UMA,1786568400000,1786654800000,largo,4,0.0032161329017454552,0.0049,-0.0016838670982545446
kFLOKI,1786568400000,1786654800000,largo,4,0.0035880208555293023,0.0049,-0.0013119791444706976
IO,1786568400000,1786654800000,largo,3,0.0365603172258285,0.0029,0.0336603172258285
PNUT,1786568400000,1786654800000,largo,3,-0.0019147923514328633,0.0029,-0.004814792351432863
SAND,1786568400000,1786654800000,largo,3,0.008775402265155845,0.0029,0.005875402265155845
PENGU,1786568400000,1786654800000,largo,1,0.0035358442495474728,0.0013,0.002235844249547473
BIO,1786568400000,1786654800000,largo,3,0.004925322835328422,0.0029,0.0020253228353284223
TRUMP,1786568400000,1786654800000,largo,1,0.0027419022878336975,0.0013,0.0014419022878336975
XPL,1786568400000,1786654800000,largo,1,0.004230028791868996,0.0013,0.002930028791868996
LINEA,1786568400000,1786654800000,largo,4,0.0046707231105582794,0.0049,-0.0002292768894417204
MOVE,1786579200000,1786665600000,corto,2,0.016558532820605064,0.0019,0.014658532820605063
NXPC,1786590000000,1786676400000,corto,3,0.0066036901713930375,0.0029,0.0037036901713930377
BSV,1786604400000,1786690800000,corto,4,0.01664457359549247,0.0049,0.01174457359549247
BOME,1786608000000,1786694400000,largo,2,0.00667113881702238,0.0019,0.004771138817022381
ATOM,1786618800000,1786705200000,corto,3,0.002311100726940945,0.0029,-0.0005888992730590549
SYRUP,1786626000000,1786712400000,corto,3,0.000534402150326883,0.0029,-0.0023655978496731167
ETHFI,1786629600000,1786716000000,corto,1,-0.007014172408663304,0.0013,-0.008314172408663303
WCT,1786629600000,1786716000000,corto,4,0.0052167774364076,0.0049,0.0003167774364076
BTC,1786633200000,1786719600000,largo,1,0.005797394675589592,0.0013,0.004497394675589592
BCH,1786633200000,1786719600000,largo,2,0.008076621828129116,0.0019,0.006176621828129117
MINA,1786633200000,1786719600000,corto,3,-0.007364767247051378,0.0029,-0.010264767247051377
CAKE,1786633200000,1786719600000,largo,3,0.002966103869505427,0.0029,0.00006610386950542738
RESOLV,1786633200000,1786719600000,largo,4,0.008906064403287395,0.0049,0.004006064403287395
VINE,1786651200000,1786737600000,largo,3,0.007021766357195106,0.0029,0.004121766357195107
SAGA,1786654800000,1786741200000,largo,4,0.0022684319746282657,0.0049,-0.002631568025371734
HYPER,1786665600000,1786752000000,largo,3,-0.006988433330486417,0.0029,-0.009888433330486418
CFX,1786669200000,1786755600000,corto,4,-0.0002107407545293452,0.0049,-0.005110740754529345
ACE,1786669200000,1786755600000,corto,2,0.05121749565840637,0.0019,0.049317495658406374
CHIP,1786676400000,1786762800000,largo,2,0.003140252951863126,0.0019,0.0012402529518631261
2Z,1786683600000,1786770000000,corto,2,0.002362682643374047,0.0019,0.0004626826433740468
WLFI,1786690800000,1786777200000,corto,3,0.004192656671908598,0.0029,0.0012926566719085979
kSHIB,1786694400000,1786780800000,corto,3,-0.0013106161771203756,0.0029,-0.004210616177120375
MORPHO,1786694400000,1786780800000,largo,2,0.002722208209216569,0.0019,0.0008222082092165688
ARB,1786698000000,1786784400000,largo,1,0.0018870473317750514,0.0013,0.0005870473317750515
TRB,1786698000000,1786784400000,largo,4,0.0,0.0049,-0.0049
JTO,1786698000000,1786784400000,largo,1,-0.02278125577920049,0.0013,-0.024081255779200488
USUAL,1786701600000,1786788000000,corto,4,0.00668898815079654,0.0049,0.0017889881507965402
UNI,1786705200000,1786791600000,largo,1,-0.0029437038305877333,0.0013,-0.004243703830587734
MELANIA,1786705200000,1786791600000,largo,4,0.0008514261902175236,0.0049,-0.004048573809782476
LDO,1786708800000,1786795200000,largo,2,0.0024337807275779987,0.0019,0.0005337807275779987
PEOPLE,1786708800000,1786795200000,corto,3,-0.013254093216600663,0.0029,-0.016154093216600662
INJ,1786716000000,1786802400000,largo,2,-0.006342973141735819,0.0019,-0.00824297314173582
TAO,1786716000000,1786802400000,largo,1,0.0029856055373517917,0.0013,0.0016856055373517917
BANANA,1786719600000,1786806000000,corto,4,0.009524242420175778,0.0049,0.0046242424201757785
NEO,1786719600000,1786806000000,corto,4,-0.0009492169673319334,0.0049,-0.005849216967331933
RSR,1786719600000,1786806000000,corto,4,-0.00519481687710393,0.0049,-0.01009481687710393
TRUMP,1786719600000,1786806000000,corto,2,-0.00458764964548072,0.0019,-0.00648764964548072
XPL,1786719600000,1786806000000,corto,1,-0.0023587973299746376,0.0013,-0.0036587973299746375
YGG,1786723200000,1786809600000,corto,4,0.008548349938039953,0.0049,0.0036483499380399534
BIGTIME,1786723200000,1786809600000,corto,4,0.01506730392907948,0.0049,0.01016730392907948
GMT,1786723200000,1786809600000,corto,4,0.014621752521084603,0.0049,0.009721752521084603
MANTA,1786723200000,1786809600000,corto,4,0.01252267844077213,0.0049,0.00762267844077213
SAND,1786723200000,1786809600000,corto,3,0.005623916404648539,0.0029,0.0027239164046485393
AXS,1786723200000,1786809600000,corto,3,0.006997353103158368,0.0029,0.004097353103158368
INIT,1786726800000,1786813200000,corto,4,0.003486686341010868,0.0049,-0.0014133136589891317
APEX,1786726800000,1786813200000,largo,4,-0.008427165985264605,0.0049,-0.013327165985264604
ETHFI,1786734000000,1786820400000,corto,1,0.004080656055390702,0.0013,0.002780656055390702
TIA,1786748400000,1786834800000,corto,2,0.009623249250632331,0.0019,0.0077232492506323315
ICP,1786752000000,1786838400000,corto,2,-0.0015229566213493869,0.0019,-0.003422956621349387
LINK,1786755600000,1786842000000,corto,1,-0.0062945764152302925,0.0013,-0.0075945764152302924
AVAX,1786759200000,1786845600000,corto,1,-0.0032318865283567184,0.0013,-0.004531886528356718
MERL,1786766400000,1786852800000,corto,4,0.0009938163362139658,0.0049,-0.003906183663786034
ALT,1786770000000,1786856400000,corto,4,-0.004655811536193956,0.0049,-0.009555811536193955
HEMI,1786773600000,1786860000000,corto,3,-0.1102270227539483,0.0029,-0.1131270227539483
0G,1786777200000,1786863600000,corto,4,-0.006990656078769702,0.0049,-0.011890656078769702
MET,1786780800000,1786867200000,corto,3,0.0015318161139952719,0.0029,-0.001368183886004728
SUPER,1786784400000,1786870800000,corto,4,0.003388559636398993,0.0049,-0.0015114403636010067
UMA,1786784400000,1786870800000,corto,4,-0.0011745434540407094,0.0049,-0.0060745434540407095
GRIFFAIN,1786784400000,1786870800000,largo,3,0.010040948341708416,0.0029,0.007140948341708416
ANIME,1786784400000,1786870800000,corto,4,-0.00535752363279059,0.0049,-0.01025752363279059
BERA,1786784400000,1786870800000,corto,3,-0.0008260480954329671,0.0029,-0.003726048095432967
NIL,1786784400000,1786870800000,largo,1,0.034693272578881766,0.0013,0.033393272578881764
WCT,1786784400000,1786870800000,corto,4,-0.0055689334098295625,0.0049,-0.010468933409829562
SOPH,1786784400000,1786870800000,corto,4,-0.007109682668767097,0.0049,-0.012009682668767098
PROVE,1786784400000,1786870800000,corto,4,-0.004290010869507913,0.0049,-0.009190010869507912
SYRUP,1786791600000,1786878000000,corto,4,0.039271022857434994,0.0049,0.03437102285743499
NXPC,1786798800000,1786885200000,largo,3,-0.0006811097111869016,0.0029,-0.0035811097111869013
PEOPLE,1786809600000,1786896000000,corto,3,0.009346495401541704,0.0029,0.006446495401541704
PNUT,1786813200000,1786899600000,corto,3,0.00392253506129826,0.0029,0.0010225350612982605
FET,1786816800000,1786903200000,largo,2,-0.0020927245242198375,0.0019,-0.003992724524219837
ME,1786816800000,1786903200000,corto,3,-0.0011000236828574183,0.0029,-0.004000023682857418
APEX,1786816800000,1786903200000,largo,4,-0.012902034609690438,0.0049,-0.01780203460969044
kLUNC,1786824000000,1786910400000,corto,4,0.0030881610353627677,0.0049,-0.0018118389646372321
LINEA,1786827600000,1786914000000,corto,4,0.010323883341635904,0.0049,0.0054238833416359045
MNT,1786842000000,1786928400000,corto,3,0.0010927378628236937,0.0029,-0.0018072621371763061
CC,1786842000000,1786928400000,corto,2,-0.005167644471956512,0.0019,-0.007067644471956512
LIT,1786849200000,1786935600000,corto,1,0.0015421524646462507,0.0013,0.00024215246464625076
XAI,1786856400000,1786942800000,corto,3,0.014388737452099669,0.0029,0.011488737452099669
RUNE,1786860000000,1786946400000,largo,4,0.00430568610475926,0.0049,-0.00059431389524074
GALA,1786863600000,1786950000000,corto,4,0.0036231923694203952,0.0049,-0.0012768076305796046
INIT,1786863600000,1786950000000,corto,4,0.0023188077304068942,0.0049,-0.0025811922695931056
CRV,1786867200000,1786953600000,corto,2,0.006768146770615255,0.0019,0.004868146770615255
CAKE,1786870800000,1786957200000,corto,4,-0.0,0.0049,-0.0049
S,1786870800000,1786957200000,corto,4,-0.0024115584432090023,0.0049,-0.007311558443209002
KAS,1786878000000,1786964400000,corto,3,0.00615938326511442,0.0029,0.0032593832651144202
WLD,1786881600000,1786968000000,largo,1,-0.00816812254684508,0.0013,-0.009468122546845079
TRUMP,1786885200000,1786971600000,corto,2,-0.000714694141341911,0.0019,-0.002614694141341911
ZEC,1786885200000,1786971600000,corto,1,-0.004764145218430058,0.0013,-0.006064145218430058
MELANIA,1786888800000,1786975200000,corto,4,0.0018564803618321257,0.0049,-0.003043519638167874
LTC,1786892400000,1786978800000,corto,2,0.003356047972287,0.0019,0.001456047972287
WLFI,1786892400000,1786978800000,largo,1,-0.006068607010804186,0.0013,-0.007368607010804186
PENDLE,1786896000000,1786982400000,corto,3,-0.0016691961386995815,0.0029,-0.0045691961386995815
ADA,1786906800000,1786993200000,corto,1,0.002531064397705747,0.0013,0.0012310643977057473
ENS,1786910400000,1786996800000,largo,4,0.0005627174283947371,0.0049,-0.004337282571605263
AERO,1786910400000,1786996800000,largo,3,0.0029752491158740466,0.0029,0.00007524911587404679
DYDX,1786914000000,1787000400000,largo,4,0.005176716388881629,0.0049,0.0002767163888816289
SOL,1786914000000,1787000400000,largo,1,-0.0004213908594202669,0.0013,-0.0017213908594202669
DOGE,1786914000000,1787000400000,largo,2,0.0018047853012718154,0.0019,-0.00009521469872818462
SUI,1786914000000,1787000400000,largo,1,0.000029555631088735656,0.0013,-0.0012704443689112643
STX,1786914000000,1787000400000,largo,3,0.006268578758551338,0.0029,0.0033685787585513386
CFX,1786914000000,1787000400000,largo,4,-0.0004725563020622526,0.0049,-0.0053725563020622525
SNX,1786914000000,1787000400000,largo,4,-0.0003054056829194831,0.0049,-0.005205405682919483
APT,1786914000000,1787000400000,largo,2,0.005828727604829479,0.0019,0.003928727604829479
SEI,1786914000000,1787000400000,largo,3,-0.0034819238344688825,0.0029,-0.006381923834468882
ZRO,1786914000000,1787000400000,largo,2,0.006290502048502123,0.0019,0.0043905020485021234
ORDI,1786914000000,1787000400000,largo,4,0.00041300372290400315,0.0049,-0.004486996277095996
FIL,1786914000000,1787000400000,largo,3,-0.0020218846088675487,0.0029,-0.004921884608867548
JUP,1786914000000,1787000400000,largo,2,-0.0004764457239791214,0.0019,-0.0023764457239791215
RSR,1786914000000,1787000400000,largo,4,0.004293694874699436,0.0049,-0.0006063051253005639
WIF,1786914000000,1787000400000,largo,4,0.002529542779065509,0.0049,-0.002370457220934491
ETC,1786914000000,1787000400000,largo,3,-0.0005822510636926966,0.0029,-0.0034822510636926965
UMA,1786914000000,1787000400000,largo,4,0.00040624365803001246,0.0049,-0.004493756341969988
TAO,1786914000000,1787000400000,largo,1,-0.0030998322456253827,0.0013,-0.004399832245625382
kFLOKI,1786914000000,1787000400000,largo,4,0.0005428479912218534,0.0049,-0.004357152008778146
BRETT,1786914000000,1787000400000,largo,4,-0.0037303533799062562,0.0049,-0.008630353379906256
GOAT,1786914000000,1787000400000,largo,4,0.0026612413952918582,0.0049,-0.0022387586047081416
AIXBT,1786914000000,1787000400000,largo,4,0.0036853337245893528,0.0049,-0.001214666275410647
VINE,1786914000000,1787000400000,largo,4,0.001686728913281697,0.0049,-0.003213271086718303
ZORA,1786914000000,1787000400000,largo,4,0.0035171237249174833,0.0049,-0.0013828762750825166
SOPH,1786914000000,1787000400000,corto,3,0.005556382185357984,0.0029,0.002656382185357984
PUMP,1786914000000,1787000400000,largo,1,-0.008254129044891652,0.0013,-0.009554129044891651
XPL,1786914000000,1787000400000,largo,1,-0.0064313115034219295,0.0013,-0.007731311503421929
SKR,1786914000000,1787000400000,largo,4,-0.0029848646992364078,0.0049,-0.007884864699236407
PAXG,1786917600000,1787004000000,corto,2,0.0008396020325978591,0.0019,-0.0010603979674021408
MON,1786917600000,1787004000000,largo,2,-0.0031322696578764183,0.0019,-0.005032269657876418
ETH,1786928400000,1787014800000,corto,1,0.00462015837330158,0.0013,0.00332015837330158
XRP,1786928400000,1787014800000,corto,1,0.00637566404055423,0.0013,0.00507566404055423
TRX,1786928400000,1787014800000,corto,2,0.00006042296074356414,0.0019,-0.0018395770392564358
GAS,1786928400000,1787014800000,corto,4,0.00020314011926809525,0.0049,-0.004696859880731904
NEO,1786928400000,1787014800000,corto,4,0.003579956090716891,0.0049,-0.0013200439092831088
PURR,1786928400000,1787014800000,corto,4,0.0023022180927642737,0.0049,-0.002597781907235726
ALGO,1786928400000,1787014800000,corto,3,0.0016419943653806623,0.0029,-0.0012580056346193375
HYPE,1786928400000,1787014800000,corto,1,0.007667392325519351,0.0013,0.006367392325519351
VVV,1786928400000,1787014800000,corto,2,0.011542386478416761,0.0019,0.00964238647841676
BTC,1786932000000,1787018400000,corto,1,0.0015128477950698564,0.0013,0.00021284779506985647
COMP,1786932000000,1787018400000,corto,4,0.004392602402194096,0.0049,-0.0005073975978059034
BSV,1786932000000,1787018400000,corto,3,0.007912012285633796,0.0029,0.005012012285633796
EIGEN,1786932000000,1787018400000,corto,4,0.01910505870813589,0.0049,0.014205058708135892
STABLE,1786932000000,1787018400000,corto,2,-0.024776225437212498,0.0019,-0.026676225437212497
GMX,1786942800000,1787029200000,corto,4,0.012155548706287152,0.0049,0.007255548706287153
ZEN,1786946400000,1787032800000,corto,4,-0.0030160583494825807,0.0049,-0.00791605834948258
STBL,1786946400000,1787032800000,corto,2,0.0019200256677259938,0.0019,0.00002002566772599376
2Z,1786957200000,1787043600000,largo,3,0.006476500283537367,0.0029,0.003576500283537367
ACE,1786960800000,1787047200000,corto,1,0.02826275073220709,0.0013,0.02696275073220709
POL,1786960800000,1787047200000,corto,3,0.0028710403722719724,0.0029,-0.000028959627728027387
INIT,1786978800000,1787065200000,corto,4,-0.005462682097805409,0.0049,-0.010362682097805408
CRV,1786982400000,1787068800000,corto,1,-0.0179266374547652,0.0013,-0.0192266374547652
0G,1786996800000,1787083200000,largo,3,-0.010524578763719475,0.0029,-0.013424578763719474
USUAL,1787000400000,1787086800000,corto,4,-0.0,0.0049,-0.0049
DOT,1787014800000,1787101200000,largo,2,0.006838679677067259,0.0019,0.0049386796770672595
FIL,1787014800000,1787101200000,largo,3,0.0038298457903231105,0.0029,0.0009298457903231107
TAO,1787014800000,1787101200000,largo,1,0.0015197969542214676,0.0013,0.00021979695422146765
MORPHO,1787014800000,1787101200000,largo,1,-0.016841379390665046,0.0013,-0.018141379390665045
VINE,1787014800000,1787101200000,largo,4,-0.006536425469565045,0.0049,-0.011436425469565045
APE,1787018400000,1787104800000,largo,4,-0.0026188737449325777,0.0049,-0.007518873744932578
OP,1787018400000,1787104800000,largo,2,-0.004530157732128439,0.0019,-0.006430157732128439
SUI,1787018400000,1787104800000,largo,1,-0.0010713193556024687,0.0013,-0.0023713193556024687
STX,1787018400000,1787104800000,largo,3,-0.004520727665665362,0.0029,-0.007420727665665362
SEI,1787018400000,1787104800000,largo,3,-0.0024619383993270474,0.0029,-0.005361938399327047
KAS,1787018400000,1787104800000,largo,3,-0.0012299392532261603,0.0029,-0.00412993925322616
BLUR,1787018400000,1787104800000,largo,4,-0.0064304038201226784,0.0049,-0.011330403820122677
TIA,1787018400000,1787104800000,largo,3,-0.002605298911763254,0.0029,-0.005505298911763254
NEO,1787018400000,1787104800000,largo,4,-0.004622778338497444,0.0049,-0.009522778338497444
JUP,1787018400000,1787104800000,largo,2,-0.0035457833357474895,0.0019,-0.00544578333574749
kLUNC,1787018400000,1787104800000,largo,4,0.0037660865687440567,0.0049,-0.0011339134312559431
GALA,1787018400000,1787104800000,largo,4,-0.008823586658515126,0.0049,-0.013723586658515126
ETC,1787018400000,1787104800000,largo,3,-0.0009535553537984653,0.0029,-0.003853555353798465
ALT,1787018400000,1787104800000,largo,4,-0.007878102057482468,0.0049,-0.012778102057482468
BRETT,1787018400000,1787104800000,largo,3,-0.007396280807031904,0.0029,-0.010296280807031905
CELO,1787018400000,1787104800000,largo,4,-0.0028012426267710684,0.0049,-0.007701242626771068
SAND,1787018400000,1787104800000,largo,3,-0.00442536190127472,0.0029,-0.00732536190127472
IOTA,1787018400000,1787104800000,largo,4,0.0015809799285871355,0.0049,-0.003319020071412864
ANIME,1787018400000,1787104800000,largo,4,-0.005074006657730363,0.0049,-0.009974006657730364
HYPER,1787018400000,1787104800000,largo,3,0.010528200490372655,0.0029,0.007628200490372656
LINEA,1787018400000,1787104800000,largo,4,-0.007662872745569361,0.0049,-0.01256287274556936
ASTER,1787018400000,1787104800000,largo,2,-0.0007994004922334816,0.0019,-0.0026994004922334816
IMX,1787022000000,1787108400000,largo,3,-0.0026898423004733892,0.0029,-0.005589842300473389
IO,1787022000000,1787108400000,corto,4,-0.0017328023743145562,0.0049,-0.006632802374314556
PNUT,1787022000000,1787108400000,corto,3,0.0009603842274779755,0.0029,-0.0019396157725220242
FOGO,1787025600000,1787112000000,corto,3,0.0047216787522903845,0.0029,0.0018216787522903847
POPCAT,1787032800000,1787119200000,corto,3,-0.005821791840120003,0.0029,-0.008721791840120003
PROVE,1787043600000,1787130000000,corto,4,0.0011676939374156258,0.0049,-0.003732306062584374
ORDI,1787061600000,1787148000000,corto,4,-0.02196667520453616,0.0049,-0.02686667520453616
TRX,1787068800000,1787155200000,corto,2,-0.00023997360405527562,0.0019,-0.0021399736040552757
AVNT,1787068800000,1787155200000,largo,2,0.010681315451223562,0.0019,0.008781315451223562
RUNE,1787072400000,1787158800000,largo,4,-0.008960782521063861,0.0049,-0.01386078252106386
GRAM,1787072400000,1787158800000,corto,2,0.0032696766886781492,0.0019,0.0013696766886781492
MNT,1787076000000,1787162400000,largo,3,-0.0018693855167404923,0.0029,-0.004769385516740492
MOVE,1787083200000,1787169600000,largo,3,0.008200062026529854,0.0029,0.005300062026529854
PUMP,1787086800000,1787173200000,corto,1,0.01113420123419592,0.0013,0.00983420123419592
LINK,1787108400000,1787194800000,corto,1,0.00592169829769494,0.0013,0.00462169829769494
YGG,1787108400000,1787194800000,corto,4,0.004300436670594064,0.0049,-0.0005995633294059357
PYTH,1787108400000,1787194800000,corto,3,0.00391242338371314,0.0029,0.0010124233837131404
STRK,1787108400000,1787194800000,corto,3,0.007032086889124028,0.0029,0.004132086889124028
GOAT,1787108400000,1787194800000,corto,4,0.009164464543437804,0.0049,0.004264464543437804
COMP,1787115600000,1787202000000,largo,2,-0.015250611100603271,0.0019,-0.017150611100603272
MELANIA,1787115600000,1787202000000,corto,4,0.004588333311035581,0.0049,-0.0003116666889644189
HEMI,1787115600000,1787202000000,corto,2,0.0040603622313843376,0.0019,0.0021603622313843378
INJ,1787119200000,1787205600000,corto,2,0.004624708443847309,0.0019,0.002724708443847309
LDO,1787119200000,1787205600000,corto,3,-0.003936308535806449,0.0029,-0.006836308535806449
RSR,1787119200000,1787205600000,corto,4,-0.018349138668196617,0.0049,-0.02324913866819662
LAYER,1787122800000,1787209200000,corto,4,0.006751159989578165,0.0049,0.0018511599895781649
LTC,1787126400000,1787212800000,corto,2,-0.014722502854699122,0.0019,-0.01662250285469912
KAS,1787126400000,1787212800000,corto,3,-0.02323679845987076,0.0029,-0.02613679845987076
UNI,1787130000000,1787216400000,largo,1,-0.006152205049715588,0.0013,-0.007452205049715588
ZETA,1787133600000,1787220000000,corto,4,-0.00033996260738799924,0.0049,-0.005239962607387999
ZRO,1787137200000,1787223600000,largo,1,-0.01332549515697304,0.0013,-0.014625495156973041
BOME,1787140800000,1787227200000,corto,3,0.057158413839948755,0.0029,0.054258413839948755
RENDER,1787140800000,1787227200000,corto,3,0.003580896184802446,0.0029,0.0006808961848024462
BIO,1787140800000,1787227200000,corto,3,0.03510940659164273,0.0029,0.03220940659164273
PAXG,1787140800000,1787227200000,corto,1,-0.001839184100357328,0.0013,-0.003139184100357328
BTC,1787148000000,1787234400000,corto,1,-0.0021331036369287393,0.0013,-0.003433103636928739
ETH,1787148000000,1787234400000,corto,1,-0.001974854173531865,0.0013,-0.003274854173531865
SOL,1787148000000,1787234400000,corto,1,-0.0004620058063907754,0.0013,-0.0017620058063907754
BNB,1787148000000,1787234400000,corto,1,-0.0008261693493467477,0.0013,-0.0021261693493467475
APE,1787148000000,1787234400000,corto,4,-0.0017713432179784262,0.0049,-0.006671343217978426
DOGE,1787148000000,1787234400000,corto,1,-0.012910518494554525,0.0013,-0.014210518494554524
SUI,1787148000000,1787234400000,corto,1,-0.0026260627610023785,0.0013,-0.003926062761002378
SNX,1787148000000,1787234400000,corto,3,-0.007813866833656506,0.0029,-0.010713866833656506
XRP,1787148000000,1787234400000,corto,1,-0.006045276150881398,0.0013,-0.007345276150881398
BCH,1787148000000,1787234400000,corto,2,-0.0027836739630790345,0.0019,-0.004683673963079034
SEI,1787148000000,1787234400000,corto,2,0.005175664713903523,0.0019,0.0032756647139035233
TRB,1787148000000,1787234400000,corto,4,0.0013780750475539285,0.0049,-0.0035219249524460713
PENDLE,1787148000000,1787234400000,corto,2,-0.003298065377829636,0.0019,-0.005198065377829636
ZEN,1787148000000,1787234400000,corto,3,0.004886273627588716,0.0029,0.0019862736275887164
SUSHI,1787148000000,1787234400000,corto,4,-0.0017032877563714392,0.0049,-0.006603287756371439
SUPER,1787148000000,1787234400000,corto,4,-0.0017180160597968592,0.0049,-0.006618016059796859
JUP,1787148000000,1787234400000,corto,2,-0.00015974015635249178,0.0019,-0.0020597401563524917
JTO,1787148000000,1787234400000,corto,2,-0.0003454291127458017,0.0019,-0.0022454291127458016
ENS,1787148000000,1787234400000,corto,3,-0.0005507492623782006,0.0029,-0.0034507492623782002
TAO,1787148000000,1787234400000,corto,1,-0.002160709553093268,0.0013,-0.003460709553093268
kFLOKI,1787148000000,1787234400000,corto,4,-0.002606296340047807,0.0049,-0.007506296340047807
POPCAT,1787148000000,1787234400000,corto,4,-0.0032112641694774283,0.0049,-0.008111264169477429
TURBO,1787148000000,1787234400000,corto,4,0.005640172876261197,0.0049,0.0007401728762611972
BRETT,1787148000000,1787234400000,corto,4,0.004044949335374535,0.0049,-0.0008550506646254645
ZK,1787148000000,1787234400000,corto,4,-0.0038576235809754254,0.0049,-0.008757623580975425
CELO,1787148000000,1787234400000,corto,4,-0.002935937486934797,0.0049,-0.007835937486934797
kNEIRO,1787148000000,1787234400000,corto,4,0.01493724373197678,0.0049,0.01003724373197678
MOODENG,1787148000000,1787234400000,corto,4,-0.04065356753001948,0.0049,-0.04555356753001948
PNUT,1787148000000,1787234400000,corto,3,0.002841718309027585,0.0029,-0.00005828169097241501
XLM,1787148000000,1787234400000,corto,2,0.004189873266545778,0.0019,0.002289873266545778
SAND,1787148000000,1787234400000,corto,3,-0.006381581805770523,0.0029,-0.009281581805770524
HYPE,1787148000000,1787234400000,corto,1,-0.0030313166323392613,0.0013,-0.004331316632339261
AIXBT,1787148000000,1787234400000,corto,4,0.00318230698694761,0.0049,-0.0017176930130523896
GRIFFAIN,1787148000000,1787234400000,corto,4,-0.00031421838436073373,0.0049,-0.005214218384360734
SPX,1787148000000,1787234400000,corto,2,-0.004020893145793879,0.0019,-0.005920893145793879
S,1787148000000,1787234400000,corto,3,0.00757335234334665,0.0029,0.00467335234334665
ANIME,1787148000000,1787234400000,corto,4,-0.004302764314868119,0.0049,-0.00920276431486812
WCT,1787148000000,1787234400000,corto,3,0.0005457621703985763,0.0029,-0.0023542378296014235
LINEA,1787148000000,1787234400000,corto,4,-0.004815067302601058,0.0049,-0.009715067302601058
ASTER,1787148000000,1787234400000,corto,3,-0.011542458850519754,0.0029,-0.014442458850519754
ZEC,1787148000000,1787234400000,corto,1,0.015015536130920552,0.0013,0.013715536130920553
AERO,1787148000000,1787234400000,corto,2,-0.0028637442621353825,0.0019,-0.004763744262135382
DASH,1787148000000,1787234400000,corto,3,-0.005525390434907412,0.0029,-0.008425390434907412
AVAX,1787151600000,1787238000000,corto,1,-0.011973459653308878,0.0013,-0.013273459653308877
WLD,1787151600000,1787238000000,corto,1,-0.012007742618509723,0.0013,-0.013307742618509723
BANANA,1787151600000,1787238000000,corto,4,-0.00968743815568938,0.0049,-0.01458743815568938
POLYX,1787151600000,1787238000000,corto,4,-0.012396525440870958,0.0049,-0.017296525440870958
UMA,1787151600000,1787238000000,corto,4,-0.0011718179164257447,0.0049,-0.0060718179164257445
PURR,1787151600000,1787238000000,corto,2,-0.0232119363110016,0.0019,-0.025111936311001597
ME,1787151600000,1787238000000,corto,4,-0.004498722240223963,0.0049,-0.009398722240223964
LIT,1787151600000,1787238000000,corto,1,-0.02594141388558239,0.0013,-0.027241413885582388
AXS,1787151600000,1787238000000,corto,4,-0.007922702692111143,0.0049,-0.012822702692111143
AZTEC,1787151600000,1787238000000,corto,3,-0.015665730854167118,0.0029,-0.018565730854167118
PEOPLE,1787155200000,1787241600000,corto,3,-0.08368202931827465,0.0029,-0.08658202931827465
MEGA,1787155200000,1787241600000,corto,3,-0.011429902570059373,0.0029,-0.014329902570059373
CC,1787155200000,1787241600000,corto,2,0.0034131390099716072,0.0019,0.0015131390099716072
DYDX,1787166000000,1787252400000,corto,3,-0.003288745686756991,0.0029,-0.0061887456867569905
ARB,1787166000000,1787252400000,corto,1,-0.003259345397364219,0.0013,-0.004559345397364219
TRUMP,1787166000000,1787252400000,corto,2,0.00024293956997705884,0.0019,-0.0016570604300229412
OP,1787169600000,1787256000000,corto,2,-0.01825953066419377,0.0019,-0.020159530664193768
BABY,1787169600000,1787256000000,corto,4,-0.018892752279736066,0.0049,-0.023792752279736068
GRAM,1787169600000,1787256000000,corto,2,-0.0010828371388318981,0.0019,-0.002982837138831898
kPEPE,1787173200000,1787259600000,corto,1,-0.0009364757981103144,0.0013,-0.0022364757981103143
kSHIB,1787173200000,1787259600000,corto,2,-0.0064935293105483115,0.0019,-0.008393529310548311
TIA,1787173200000,1787259600000,corto,2,-0.008428495901288103,0.0019,-0.010328495901288103
WIF,1787173200000,1787259600000,corto,2,-0.007906141042338957,0.0019,-0.009806141042338958
FARTCOIN,1787173200000,1787259600000,corto,1,0.005188311128578004,0.0013,0.0038883111285780043
STABLE,1787173200000,1787259600000,corto,2,-0.1045038731018751,0.0019,-0.1064038731018751
BSV,1787184000000,1787270400000,corto,3,0.0048942265398821,0.0029,0.0019942265398821
MET,1787184000000,1787270400000,corto,1,-0.037401517205423306,0.0013,-0.03870151720542331
ETHFI,1787209200000,1787295600000,corto,1,-0.02001170592831196,0.0013,-0.02131170592831196
GRASS,1787209200000,1787295600000,corto,1,-0.035985096295224624,0.0013,-0.037285096295224626
WLFI,1787209200000,1787295600000,largo,1,0.014384692993026351,0.0013,0.01308469299302635
ACE,1787216400000,1787302800000,corto,1,0.03814475729816058,0.0013,0.03684475729816058
ORDI,1787220000000,1787306400000,corto,3,-0.007435821253154715,0.0029,-0.010335821253154714
PENGU,1787223600000,1787310000000,corto,1,0.01973411042006574,0.0013,0.01843411042006574
GAS,1787230800000,1787317200000,corto,4,0.004139721306524328,0.0049,-0.0007602786934756715
GOAT,1787234400000,1787320800000,corto,2,-0.017161304450197562,0.0019,-0.01906130445019756
MORPHO,1787234400000,1787320800000,corto,1,-0.013245226750020723,0.0013,-0.014545226750020724
MERL,1787241600000,1787328000000,corto,3,0.0031151969931867856,0.0029,0.00021519699318678582
XRP,1787248800000,1787335200000,largo,1,-0.0060021151372482325,0.0013,-0.007302115137248232
XLM,1787248800000,1787335200000,largo,1,-0.008109838584026205,0.0013,-0.009409838584026206
NEO,1787256000000,1787342400000,corto,3,-0.009827160253740459,0.0029,-0.012727160253740459
CRV,1787277600000,1787364000000,corto,1,-0.025511959592205737,0.0013,-0.026811959592205736
ZORA,1787277600000,1787364000000,corto,2,-0.010051799981272815,0.0019,-0.011951799981272816
HEMI,1787281200000,1787367600000,corto,1,-0.05590919443951676,0.0013,-0.05720919443951676
kNEIRO,1787288400000,1787374800000,corto,2,0.13983210386354641,0.0019,0.1379321038635464
BCH,1787292000000,1787378400000,corto,1,-0.005848488092721691,0.0013,-0.007148488092721691
POL,1787292000000,1787378400000,corto,1,-0.043130439121692184,0.0013,-0.044430439121692186
LINK,1787295600000,1787382000000,corto,1,0.009311842448512247,0.0013,0.008011842448512246
AAVE,1787295600000,1787382000000,corto,1,-0.009063876203167356,0.0013,-0.010363876203167355
NEAR,1787295600000,1787382000000,corto,1,-0.0027069042544981834,0.0013,-0.004006904254498183
ASTER,1787295600000,1787382000000,corto,1,0.00019214141667333115,0.0013,-0.0011078585833266688
ZEC,1787295600000,1787382000000,corto,1,-0.017113753164170593,0.0013,-0.018413753164170592
BTC,1787299200000,1787385600000,corto,1,0.0010610080570943841,0.0013,-0.0002389919429056158
ETH,1787299200000,1787385600000,corto,1,0.0030051686778837,0.0013,0.0017051686778837
SOL,1787299200000,1787385600000,corto,1,0.003965650409699975,0.0013,0.0026656504096999748
LTC,1787299200000,1787385600000,corto,1,0.010676257991341755,0.0013,0.009376257991341754
ARB,1787299200000,1787385600000,corto,1,0.0018063226185851997,0.0013,0.0005063226185851998
CFX,1787299200000,1787385600000,corto,3,0.01608547680966989,0.0029,0.013185476809669892
SNX,1787299200000,1787385600000,corto,2,0.015867189274505162,0.0019,0.013967189274505161
FET,1787299200000,1787385600000,corto,1,0.01886392091780219,0.0013,0.017563920917802192
SUSHI,1787299200000,1787385600000,corto,3,0.01990443979221022,0.0029,0.01700443979221022
ENS,1787299200000,1787385600000,corto,2,0.006318784669817298,0.0019,0.004418784669817298
ALT,1787299200000,1787385600000,corto,3,0.007489549688749615,0.0029,0.0045895496887496156
DYM,1787299200000,1787385600000,corto,4,0.010982416668609154,0.0049,0.006082416668609154
ENA,1787299200000,1787385600000,corto,1,0.004536646066051751,0.0013,0.003236646066051751
REZ,1787299200000,1787385600000,corto,3,0.00289528913849878,0.0029,-4.710861501219972e-6
ANIME,1787299200000,1787385600000,corto,4,0.01740338435869686,0.0049,0.012503384358696861
BERA,1787299200000,1787385600000,corto,2,0.021006062037684674,0.0019,0.019106062037684675
WCT,1787299200000,1787385600000,corto,4,0.012207679579929376,0.0049,0.007307679579929376
INIT,1787299200000,1787385600000,corto,3,0.0099487705215144,0.0029,0.0070487705215144005
APEX,1787299200000,1787385600000,corto,3,0.013887698004540023,0.0029,0.010987698004540023
FOGO,1787299200000,1787385600000,corto,3,0.011979966733182636,0.0029,0.009079966733182636
DYDX,1787306400000,1787392800000,largo,2,-0.020490050346192692,0.0019,-0.02239005034619269
IO,1787306400000,1787392800000,corto,3,-0.008686031424408679,0.0029,-0.011586031424408678
USUAL,1787306400000,1787392800000,corto,3,-0.025576841789649776,0.0029,-0.028476841789649775
TRB,1787313600000,1787400000000,corto,3,0.007919091098947445,0.0029,0.0050190910989474456
SAGA,1787313600000,1787400000000,corto,4,0.004839276640749268,0.0049,-0.00006072335925073197
TRUMP,1787313600000,1787400000000,corto,1,0.08067614026581885,0.0013,0.07937614026581885
MELANIA,1787313600000,1787400000000,corto,2,0.03131159978475718,0.0019,0.02941159978475718
GMX,1787320800000,1787407200000,corto,4,0.01943292138971301,0.0049,0.01453292138971301
ME,1787320800000,1787407200000,largo,3,-0.014817325825640507,0.0029,-0.017717325825640506
IMX,1787335200000,1787421600000,largo,2,-0.008078893512986325,0.0019,-0.009978893512986326
DOGE,1787346000000,1787432400000,corto,1,0.028086088090946083,0.0013,0.026786088090946084
ZEN,1787346000000,1787432400000,corto,2,0.030066081141033017,0.0019,0.028166081141033018
kFLOKI,1787346000000,1787432400000,corto,2,0.02099183017926562,0.0019,0.01909183017926562
PURR,1787346000000,1787432400000,corto,1,0.043141320944904575,0.0013,0.04184132094490457
DASH,1787346000000,1787432400000,corto,2,0.05066090916331276,0.0019,0.048760909163312764
kSHIB,1787349600000,1787436000000,corto,1,-0.006076807209427857,0.0013,-0.007376807209427857
BLUR,1787349600000,1787436000000,corto,3,-0.013590314070490779,0.0029,-0.01649031407049078
GAS,1787356800000,1787443200000,corto,3,-0.019249067011097867,0.0029,-0.022149067011097867
SAND,1787360400000,1787446800000,largo,2,-0.022826127474338702,0.0019,-0.0247261274743387
BNB,1787364000000,1787450400000,corto,1,0.006442147176552155,0.0013,0.005142147176552155
TAO,1787364000000,1787450400000,corto,1,0.004287300382054951,0.0013,0.002987300382054951
HMSTR,1787364000000,1787450400000,corto,4,0.010929070532190206,0.0049,0.006029070532190206
MOVE,1787364000000,1787450400000,corto,2,-0.0030868191713058148,0.0019,-0.004986819171305815
WLFI,1787364000000,1787450400000,corto,1,0.007035448718814408,0.0013,0.005735448718814408
XMR,1787364000000,1787450400000,corto,1,-0.0006386861530980258,0.0013,-0.0019386861530980258
ATOM,1787374800000,1787461200000,largo,2,-0.0005889088997290055,0.0019,-0.0024889088997290055
AVAX,1787374800000,1787461200000,largo,1,-0.004706982515648295,0.0013,-0.006006982515648295
APE,1787374800000,1787461200000,largo,2,0.0004938794329055505,0.0019,-0.0014061205670944494
OP,1787374800000,1787461200000,largo,1,-0.0013344773689481658,0.0013,-0.002634477368948166
INJ,1787374800000,1787461200000,largo,1,0.002548038137156728,0.0013,0.0012480381371567282
SUI,1787374800000,1787461200000,largo,1,0.002433230707565201,0.0013,0.0011332307075652011
kPEPE,1787374800000,1787461200000,largo,1,-0.008612008647088101,0.0013,-0.009912008647088102
CRV,1787374800000,1787461200000,largo,1,0.017974521424907398,0.0013,0.0166745214249074
LDO,1787374800000,1787461200000,largo,1,-0.004224473942536427,0.0013,-0.005524473942536427
XRP,1787374800000,1787461200000,largo,1,-0.0054435965603536465,0.0013,-0.0067435965603536464
APT,1787374800000,1787461200000,largo,1,0.0034875066486298625,0.0013,0.0021875066486298626
WLD,1787374800000,1787461200000,largo,1,-0.0024515428703591733,0.0013,-0.0037515428703591733
YGG,1787374800000,1787461200000,largo,3,0.0030239187341911454,0.0029,0.00012391873419114558
TRX,1787374800000,1787461200000,largo,1,-0.0003212945276130984,0.0013,-0.0016212945276130983
UNI,1787374800000,1787461200000,largo,1,-0.003549511971909449,0.0013,-0.0048495119719094495
SEI,1787374800000,1787461200000,largo,2,0.003143710157390834,0.0019,0.001243710157390834
DOT,1787374800000,1787461200000,largo,1,0.0027019986240151106,0.0013,0.0014019986240151106
BANANA,1787374800000,1787461200000,largo,3,0.004989365521874708,0.0029,0.0020893655218747085
BIGTIME,1787374800000,1787461200000,largo,3,0.001995013130520013,0.0029,-0.0009049868694799867
TIA,1787374800000,1787461200000,largo,1,0.0005022461669795056,0.0013,-0.0007977538330204944
BSV,1787374800000,1787461200000,largo,2,0.0037264467814663,0.0019,0.0018264467814663
ADA,1787374800000,1787461200000,largo,1,-0.0049240588180448795,0.0013,-0.006224058818044879
POLYX,1787374800000,1787461200000,largo,4,-0.0020288824240979365,0.0049,-0.006928882424097936
ORDI,1787374800000,1787461200000,largo,2,-0.00569394738833918,0.0019,-0.00759394738833918
NEO,1787374800000,1787461200000,largo,3,-0.0069937243298690095,0.0029,-0.00989372432986901
FIL,1787374800000,1787461200000,largo,1,0.00035172208906715296,0.0013,-0.0009482779109328469
PYTH,1787374800000,1787461200000,largo,1,0.014617795231389749,0.0013,0.013317795231389748
kBONK,1787374800000,1787461200000,largo,1,-0.0022812458972510485,0.0013,-0.0035812458972510485
GMT,1787374800000,1787461200000,largo,4,-0.0004276245521652586,0.0049,-0.005327624552165258
SUPER,1787374800000,1787461200000,largo,3,-0.002329451968508639,0.0029,-0.005229451968508639
JUP,1787374800000,1787461200000,largo,1,0.007176573757959783,0.0013,0.005876573757959783
kLUNC,1787374800000,1787461200000,largo,3,0.002690006926339639,0.0029,-0.0002099930736603607
RSR,1787374800000,1787461200000,largo,1,0.001464129104889448,0.0013,0.0001641291048894481
JTO,1787374800000,1787461200000,largo,1,-0.006491854652055056,0.0013,-0.007791854652055056
WIF,1787374800000,1787461200000,largo,1,-0.004667948217238078,0.0013,-0.005967948217238078
XAI,1787374800000,1787461200000,largo,4,0.004040409537005127,0.0049,-0.0008595904629948728
MANTA,1787374800000,1787461200000,largo,3,-0.002898305668783144,0.0029,-0.005798305668783144
UMA,1787374800000,1787461200000,largo,3,0.0037899569515423685,0.0029,0.0008899569515423687
ONDO,1787374800000,1787461200000,largo,1,0.0008514261902175236,0.0013,-0.0004485738097824764
ZETA,1787374800000,1787461200000,largo,3,-0.006712507224231826,0.0029,-0.009612507224231827
W,1787374800000,1787461200000,largo,2,-0.005595985504121113,0.0019,-0.007495985504121113
STRK,1787374800000,1787461200000,largo,1,-0.0061467730991399015,0.0013,-0.007446773099139901
AR,1787374800000,1787461200000,largo,1,-0.0033809474349961333,0.0013,-0.004680947434996133
MNT,1787374800000,1787461200000,largo,1,0.0019027892165700893,0.0013,0.0006027892165700894
MERL,1787374800000,1787461200000,largo,3,-0.006485825156237255,0.0029,-0.009385825156237254
HBAR,1787374800000,1787461200000,largo,1,-0.0033604686587950967,0.0013,-0.004660468658795097
POPCAT,1787374800000,1787461200000,largo,2,0.01549208593154006,0.0019,0.013592085931540059
EIGEN,1787374800000,1787461200000,largo,1,0.007475738778107563,0.0013,0.006175738778107563
TURBO,1787374800000,1787461200000,largo,2,0.0010995053334168679,0.0019,-0.0008004946665831321
BRETT,1787374800000,1787461200000,largo,2,0.0044642931286853075,0.0019,0.0025642931286853077
ZK,1787374800000,1787461200000,largo,2,-0.00082241677666084,0.0019,-0.00272241677666084
RENDER,1787374800000,1787461200000,largo,1,-0.0004291538582424408,0.0013,-0.0017291538582424409
CELO,1787374800000,1787461200000,largo,3,-0.0029470198790577553,0.0029,-0.005847019879057756
GOAT,1787374800000,1787461200000,largo,2,0.005677363996106315,0.0019,0.003777363996106315
MOODENG,1787374800000,1787461200000,largo,2,0.0012097493024929283,0.0019,-0.0006902506975070717
GRASS,1787374800000,1787461200000,largo,1,0.007724924066185145,0.0013,0.006424924066185145
PNUT,1787374800000,1787461200000,largo,2,0.004550408484895199,0.0019,0.0026504084848951994
XLM,1787374800000,1787461200000,largo,1,-0.005381462813183868,0.0013,-0.006681462813183868
IOTA,1787374800000,1787461200000,largo,3,-0.0032488133551167443,0.0029,-0.0061488133551167445
ALGO,1787374800000,1787461200000,largo,1,-0.0003818465697050989,0.0013,-0.001681846569705099
VIRTUAL,1787374800000,1787461200000,largo,1,0.00047159407274000113,0.0013,-0.0008284059272599988
FARTCOIN,1787374800000,1787461200000,largo,1,0.010100211384722902,0.0013,0.008800211384722902
AIXBT,1787374800000,1787461200000,largo,3,0.005745535063177297,0.0029,0.0028455350631772973
BIO,1787374800000,1787461200000,largo,2,0.013371937050211386,0.0019,0.011471937050211385
GRIFFAIN,1787374800000,1787461200000,largo,3,-0.008125501763025277,0.0029,-0.011025501763025277
SPX,1787374800000,1787461200000,largo,1,-0.0004151387314862169,0.0013,-0.0017151387314862168
S,1787374800000,1787461200000,largo,2,0.0017978392525409691,0.0019,-0.00010216074745903088
MORPHO,1787374800000,1787461200000,largo,1,-0.0015478852348666384,0.0013,-0.0028478852348666384
LAYER,1787374800000,1787461200000,largo,3,0.0023223490598339057,0.0029,-0.0005776509401660941
KAITO,1787374800000,1787461200000,largo,1,-0.0033985995032748775,0.0013,-0.004698599503274878
NIL,1787374800000,1787461200000,largo,2,-0.004339424761470809,0.0019,-0.006239424761470809
HYPER,1787374800000,1787461200000,largo,3,-0.011794130800669978,0.0029,-0.014694130800669978
NXPC,1787374800000,1787461200000,largo,3,0.0004397000339548555,0.0029,-0.0024602999660451445
SOPH,1787374800000,1787461200000,largo,4,-0.007987922930691423,0.0049,-0.012887922930691423
RESOLV,1787374800000,1787461200000,largo,3,-0.0008403126457328951,0.0029,-0.003740312645732895
SYRUP,1787374800000,1787461200000,largo,1,-0.022096825120545453,0.0013,-0.02339682512054545
PROVE,1787374800000,1787461200000,largo,3,-0.003816914149002275,0.0029,-0.006716914149002275
XPL,1787374800000,1787461200000,largo,1,-0.0015978228934824922,0.0013,-0.0028978228934824924
LINEA,1787374800000,1787461200000,largo,2,-0.001705757343227847,0.0019,-0.003605757343227847
AVNT,1787374800000,1787461200000,largo,2,0.000021050858875925577,0.0019,-0.0018789491411240744
STBL,1787374800000,1787461200000,largo,2,-0.03414444750652461,0.0019,-0.03604444750652461
0G,1787374800000,1787461200000,largo,3,0.001441583370025949,0.0029,-0.0014584166299740507
2Z,1787374800000,1787461200000,largo,3,-0.0034500511355426877,0.0029,-0.006350051135542687
ICP,1787374800000,1787461200000,largo,1,0.004308944448552691,0.0013,0.003008944448552691
AERO,1787374800000,1787461200000,largo,1,-0.012722190988766514,0.0013,-0.014022190988766513
AXS,1787374800000,1787461200000,largo,2,-0.0013327693955032987,0.0019,-0.0032327693955032984
SKR,1787374800000,1787461200000,largo,3,-0.006694256146929872,0.0029,-0.009594256146929872
AZTEC,1787374800000,1787461200000,largo,3,-0.001948149874353563,0.0029,-0.004848149874353563
CHIP,1787374800000,1787461200000,largo,1,-0.04000269346754739,0.0013,-0.04130269346754739
GRAM,1787374800000,1787461200000,largo,1,0.003757048877712121,0.0013,0.002457048877712121
MINA,1787385600000,1787472000000,largo,2,0.0032256318861178376,0.0019,0.0013256318861178376
ENA,1787472000000,1787558400000,corto,1,0.0037160949490147024,0.0013,0.0024160949490147025
PAXG,1787479200000,1787565600000,corto,2,0.0007331220545275009,0.0019,-0.001166877945472499
XPL,1787482800000,1787569200000,corto,1,-0.009771042733558444,0.0013,-0.011071042733558443
AAVE,1787486400000,1787572800000,corto,1,-0.0038530090195484437,0.0013,-0.005153009019548444
PURR,1787486400000,1787572800000,corto,1,-0.057832481986237416,0.0013,-0.05913248198623742
COMP,1787490000000,1787576400000,corto,3,0.007519019614407218,0.0029,0.004619019614407218
PENDLE,1787490000000,1787576400000,corto,1,0.02288151115203651,0.0013,0.02158151115203651
MORPHO,1787490000000,1787576400000,corto,1,0.015607327168308711,0.0013,0.014307327168308712
SKY,1787490000000,1787576400000,corto,3,0.011130669434770446,0.0029,0.008230669434770447
GMX,1787493600000,1787580000000,corto,3,-0.009975278801010675,0.0029,-0.012875278801010675
RSR,1787500800000,1787587200000,corto,4,-0.0034164706958972777,0.0049,-0.008316470695897277
STRK,1787504400000,1787590800000,corto,2,0.014148612586016098,0.0019,0.012248612586016097
CASHCAT,1787518800000,1787605200000,corto,1,-0.09744286837566107,0.0013,-0.09874286837566107
IMX,1787533200000,1787619600000,largo,2,0.002709212975579699,0.0019,0.000809212975579699
GRASS,1787533200000,1787619600000,largo,1,-0.014264485617062558,0.0013,-0.015564485617062557
VIRTUAL,1787533200000,1787619600000,largo,1,0.006100920362890671,0.0013,0.004800920362890671
SAND,1787551200000,1787637600000,largo,3,-0.01081671268481278,0.0029,-0.01371671268481278
SUPER,1787572800000,1787659200000,corto,3,0.002331909334978714,0.0029,-0.0005680906650212857
INJ,1787580000000,1787666400000,corto,1,0.0220171517707316,0.0013,0.0207171517707316
MERL,1787583600000,1787670000000,corto,4,0.00041779820954505084,0.0049,-0.004482201790454949
HEMI,1787590800000,1787677200000,largo,2,-0.019802627296179754,0.0019,-0.021702627296179753
PEOPLE,1787619600000,1787706000000,largo,2,0.023355098816441298,0.0019,0.0214550988164413
WIF,1787623200000,1787709600000,corto,2,-0.014044136515714456,0.0019,-0.015944136515714455
GMT,1787644800000,1787731200000,corto,4,-0.00785968958340078,0.0049,-0.01275968958340078
ACE,1787655600000,1787742000000,corto,1,0.00888894741724604,0.0013,0.007588947417246039
ZRO,1787662800000,1787749200000,corto,1,0.00377488437277604,0.0013,0.00247488437277604
GOAT,1787662800000,1787749200000,largo,2,0.006026598631794684,0.0019,0.004126598631794684
BIGTIME,1787688000000,1787774400000,largo,4,0.001581528085459335,0.0049,-0.003318471914540665
HYPE,1787688000000,1787774400000,largo,1,-0.008581511511165232,0.0013,-0.00988151151116523
WCT,1787688000000,1787774400000,largo,4,-0.009520842090346334,0.0049,-0.014420842090346334
PUMP,1787691600000,1787778000000,corto,1,-0.035039150888285714,0.0013,-0.036339150888285716
AZTEC,1787691600000,1787778000000,corto,3,-0.009410686020696906,0.0029,-0.012310686020696905
RESOLV,1787702400000,1787788800000,corto,2,0.009545960938749714,0.0019,0.0076459609387497145
BNB,1787738400000,1787824800000,corto,1,0.007988151887437437,0.0013,0.006688151887437437
MORPHO,1787738400000,1787824800000,corto,1,-0.005411804816118442,0.0013,-0.006711804816118442
GAS,1787749200000,1787835600000,corto,4,0.0015149222712453909,0.0049,-0.003385077728754609
S,1787763600000,1787850000000,corto,2,-0.010549316531832694,0.0019,-0.012449316531832694
kFLOKI,1787774400000,1787860800000,corto,4,-0.00156792506082643,0.0049,-0.00646792506082643
STABLE,1787774400000,1787860800000,corto,3,-0.003915044974327599,0.0029,-0.006815044974327599
RUNE,1787778000000,1787864400000,corto,3,0.027263198548433076,0.0029,0.024363198548433076
RSR,1787781600000,1787868000000,corto,4,0.0013468015503786276,0.0049,-0.0035531984496213723
BABY,1787781600000,1787868000000,corto,4,-0.01177263820864505,0.0049,-0.01667263820864505
WLD,1787785200000,1787871600000,corto,1,0.0012842726846057655,0.0013,-0.000015727315394234486
STRK,1787785200000,1787871600000,corto,2,0.009697949934794933,0.0019,0.0077979499347949335
BIGTIME,1787817600000,1787904000000,corto,3,0.0020590804772518977,0.0029,-0.000840919522748102
MINA,1787817600000,1787904000000,corto,2,0.0012423986427751786,0.0019,-0.0006576013572248214
MNT,1787817600000,1787904000000,corto,2,-0.006009576145265744,0.0019,-0.007909576145265744
IO,1787817600000,1787904000000,corto,3,-0.00007343491833658923,0.0029,-0.002973434918336589
ANIME,1787817600000,1787904000000,corto,4,0.005279046950619978,0.0049,0.00037904695061997777
LINEA,1787817600000,1787904000000,corto,3,0.006091389393401817,0.0029,0.0031913893934018174
XMR,1787828400000,1787914800000,corto,1,-0.006512063945809873,0.0013,-0.007812063945809873
TRUMP,1787839200000,1787925600000,corto,1,-0.03708653548848098,0.0013,-0.038386535488480984
LIT,1787839200000,1787925600000,corto,1,-0.029669988511678468,0.0013,-0.030969988511678467
CC,1787850000000,1787936400000,largo,1,0.00009076469259677987,0.0013,-0.00120923530740322
SKR,1787875200000,1787961600000,corto,2,0.0018335765262187226,0.0019,-0.00006642347378127736
STX,1787878800000,1787965200000,corto,2,0.020209137131279788,0.0019,0.01830913713127979
APE,1787882400000,1787968800000,largo,3,0.005867243661263026,0.0029,0.0029672436612630266
OP,1787882400000,1787968800000,largo,2,-0.005931414625444553,0.0019,-0.007831414625444554
SUI,1787882400000,1787968800000,largo,1,-0.0028482163919724087,0.0013,-0.004148216391972409
WLD,1787882400000,1787968800000,largo,1,-0.006485192865730062,0.0013,-0.007785192865730062
TIA,1787882400000,1787968800000,largo,2,0.002583904893603807,0.0019,0.000683904893603807
FET,1787882400000,1787968800000,largo,1,-0.003940299618389584,0.0013,-0.005240299618389584
GMT,1787882400000,1787968800000,largo,4,-0.0022948948683385135,0.0049,-0.007194894868338513
JTO,1787882400000,1787968800000,largo,1,-0.0011091713163432439,0.0013,-0.002409171316343244
ONDO,1787882400000,1787968800000,largo,1,-0.004428177209506671,0.0013,-0.005728177209506671
ALT,1787882400000,1787968800000,largo,3,-0.001277343299974096,0.0029,-0.004177343299974096
ETHFI,1787882400000,1787968800000,largo,1,-0.0035377617297410197,0.0013,-0.00483776172974102
CELO,1787882400000,1787968800000,largo,3,0.002653886249052045,0.0029,-0.0002461137509479549
ALGO,1787882400000,1787968800000,largo,2,-0.008225846321721639,0.0019,-0.01012584632172164
MOVE,1787882400000,1787968800000,largo,2,0.038526480337292036,0.0019,0.03662648033729204
AIXBT,1787882400000,1787968800000,largo,3,-0.0012331370097896628,0.0029,-0.004133137009789662
XPL,1787882400000,1787968800000,largo,1,-0.0002606202777326407,0.0013,-0.0015606202777326407
AXS,1787882400000,1787968800000,largo,3,-0.002424432335920861,0.0029,-0.005324432335920861
COMP,1787911200000,1787997600000,corto,4,-0.008416730017462489,0.0049,-0.013316730017462489
UMA,1787911200000,1787997600000,largo,3,0.00008245495902547864,0.0029,-0.002817545040974521
BCH,1787922000000,1788008400000,largo,2,0.004459817952465077,0.0019,0.002559817952465077
NIL,1787922000000,1788008400000,corto,3,-0.10862518896876486,0.0029,-0.11152518896876486
BTC,1787929200000,1788015600000,largo,1,-0.0020409087199441656,0.0013,-0.0033409087199441656
ETH,1787929200000,1788015600000,largo,1,-0.001471971480561716,0.0013,-0.002771971480561716
BNB,1787929200000,1788015600000,largo,1,-0.001664098551343126,0.0013,-0.0029640985513431257
LTC,1787929200000,1788015600000,largo,1,-0.001772165254756423,0.0013,-0.003072165254756423
ARB,1787929200000,1788015600000,largo,1,-0.004890541450550661,0.0013,-0.006190541450550661
kPEPE,1787929200000,1788015600000,largo,1,-0.00710968266876701,0.0013,-0.008409682668767009
LDO,1787929200000,1788015600000,largo,2,-0.0045823866896085325,0.0019,-0.006482386689608532
LINK,1787929200000,1788015600000,largo,1,-0.007004055948613588,0.0013,-0.008304055948613588
RUNE,1787929200000,1788015600000,largo,2,-0.03050762932192895,0.0019,-0.03240762932192895
DOT,1787929200000,1788015600000,largo,2,-0.006942370834779571,0.0019,-0.00884237083477957
TRB,1787929200000,1788015600000,largo,4,-0.0028423117252917543,0.0049,-0.007742311725291754
ADA,1787929200000,1788015600000,largo,1,-0.00972905519811915,0.0013,-0.011029055198119149
POLYX,1787929200000,1788015600000,largo,4,0.0007445377051362499,0.0049,-0.00415546229486375
PENDLE,1787929200000,1788015600000,largo,1,0.001171371810170666,0.0013,-0.00012862818982933388
ORDI,1787929200000,1788015600000,largo,3,0.0006180699110192012,0.0029,-0.0022819300889807986
kBONK,1787929200000,1788015600000,largo,1,-0.008663832933732823,0.0013,-0.009963832933732823
AR,1787929200000,1788015600000,largo,3,0.0002869440478798908,0.0029,-0.002613055952120109
kFLOKI,1787929200000,1788015600000,largo,4,-0.003636154378727347,0.0049,-0.008536154378727347
HBAR,1787929200000,1788015600000,largo,2,-0.001124807412635888,0.0019,-0.003024807412635888
RENDER,1787929200000,1788015600000,largo,2,-0.004208789460494465,0.0019,-0.0061087894604944645
HYPE,1787929200000,1788015600000,largo,1,0.0028121944583569085,0.0013,0.0015121944583569085
VIRTUAL,1787929200000,1788015600000,largo,1,-0.007296623699074109,0.0013,-0.008596623699074109
PAXG,1787929200000,1788015600000,largo,1,0.00004484204390791292,0.0013,-0.001255157956092087
HYPER,1787929200000,1788015600000,largo,4,0.00045574196364968263,0.0049,-0.004444258036350317
MON,1787929200000,1788015600000,largo,1,-0.012583888402973822,0.0013,-0.013883888402973821
AERO,1787929200000,1788015600000,largo,1,-0.0033735809298682208,0.0013,-0.004673580929868221
FOGO,1787929200000,1788015600000,largo,4,0.005781882073217584,0.0049,0.0008818820732175844
TURBO,1787932800000,1788019200000,corto,4,-0.0,0.0049,-0.0049
IOTA,1787932800000,1788019200000,largo,3,0.0005747126594968735,0.0029,-0.0023252873405031262
LAYER,1787932800000,1788019200000,corto,4,0.017820178063427155,0.0049,0.012920178063427155
STBL,1787932800000,1788019200000,corto,3,0.009264790564711006,0.0029,0.006364790564711006
MINA,1787940000000,1788026400000,largo,2,0.0011487471266012769,0.0019,-0.0007512528733987231
VVV,1787940000000,1788026400000,largo,1,0.006555808353000467,0.0013,0.005255808353000467
APEX,1787940000000,1788026400000,largo,3,-0.010033028156128169,0.0029,-0.012933028156128169
ZEN,1788012000000,1788098400000,corto,3,0.001160698870951797,0.0029,-0.0017393011290482029
ZEC,1788012000000,1788098400000,corto,1,0.0010572315616840342,0.0013,-0.00024276843831596575
INIT,1788015600000,1788102000000,corto,4,-0.0067907879024724244,0.0049,-0.011690787902472424
UNI,1788019200000,1788105600000,corto,1,-0.04043713386487329,0.0013,-0.041737133864873294
POL,1788044400000,1788130800000,corto,2,0.015855279288050136,0.0019,0.013955279288050135
CRV,1788051600000,1788138000000,largo,1,-0.016347142112878504,0.0013,-0.017647142112878503
APEX,1788051600000,1788138000000,largo,3,-0.008061604671026843,0.0029,-0.010961604671026843
PURR,1788058800000,1788145200000,corto,2,-0.00008440599287549333,0.0019,-0.0019844059928754935
PROVE,1788058800000,1788145200000,corto,4,0.002871381079330107,0.0049,-0.002028618920669893
SKR,1788066000000,1788152400000,corto,2,-0.025156730328403883,0.0019,-0.02705673032840388
BIO,1788073200000,1788159600000,largo,4,-0.00044851430391199486,0.0049,-0.005348514303911995
ZK,1788080400000,1788166800000,corto,3,0.00436158144273134,0.0029,0.0014615814427313403
CELO,1788080400000,1788166800000,corto,4,0.003659742272750033,0.0049,-0.0012402577272499667
HYPER,1788080400000,1788166800000,corto,4,-0.006693217671188249,0.0049,-0.011593217671188248
ZORA,1788080400000,1788166800000,corto,3,0.09720602728253062,0.0029,0.09430602728253062
NXPC,1788080400000,1788166800000,corto,4,0.0069877388586291524,0.0049,0.0020877388586291526
RESOLV,1788080400000,1788166800000,corto,4,0.003784408186329133,0.0049,-0.0011155918136708668
DYM,1788084000000,1788170400000,corto,4,-0.002670228555878892,0.0049,-0.0075702285558788916
ASTER,1788087600000,1788174000000,corto,2,0.0020288798481527593,0.0019,0.00012887984815275933
BTC,1788091200000,1788177600000,corto,1,0.005057467327439482,0.0013,0.0037574673274394822
BCH,1788091200000,1788177600000,corto,2,0.0013001261328379637,0.0019,-0.0005998738671620363
CAKE,1788091200000,1788177600000,corto,3,0.008363763102180568,0.0029,0.005463763102180568
MON,1788091200000,1788177600000,corto,1,0.014843551619025478,0.0013,0.013543551619025478
KAS,1788094800000,1788181200000,corto,3,0.003920413335495532,0.0029,0.001020413335495532
PYTH,1788094800000,1788181200000,corto,3,-0.006280364025534491,0.0029,-0.009180364025534491
XMR,1788094800000,1788181200000,corto,1,0.016578835515517528,0.0013,0.015278835515517529
UMA,1788098400000,1788184800000,corto,4,-0.004836801843746643,0.0049,-0.009736801843746642
ZEC,1788102000000,1788188400000,corto,1,-0.011250215589834672,0.0013,-0.01255021558983467
ETH,1788105600000,1788192000000,corto,1,-0.0005670541688663747,0.0013,-0.0018670541688663746
DOGE,1788105600000,1788192000000,corto,1,-0.0012919040475476375,0.0013,-0.0025919040475476376
SUI,1788105600000,1788192000000,corto,1,-0.0018291927553650777,0.0013,-0.0031291927553650776
kPEPE,1788105600000,1788192000000,corto,1,-0.0016901412474054425,0.0013,-0.0029901412474054425
LINK,1788105600000,1788192000000,corto,1,0.004493597587360987,0.0013,0.0031935975873609874
XRP,1788105600000,1788192000000,corto,1,-0.0023289675738164153,0.0013,-0.0036289675738164153
BLUR,1788105600000,1788192000000,corto,4,-0.004858412676151627,0.0049,-0.009758412676151627
RSR,1788105600000,1788192000000,corto,4,0.005221943981151601,0.0049,0.0003219439811516008
PEOPLE,1788105600000,1788192000000,corto,3,0.004071252442779187,0.0029,0.0011712524427791868
ENS,1788105600000,1788192000000,corto,4,-0.008778727963522425,0.0049,-0.013678727963522425
TAO,1788105600000,1788192000000,corto,1,-0.006262976410739664,0.0013,-0.0075629764107396635
AR,1788105600000,1788192000000,corto,4,-0.0009687107218830627,0.0049,-0.005868710721883063
kFLOKI,1788105600000,1788192000000,corto,4,-0.003975983701285383,0.0049,-0.008875983701285383
BRETT,1788105600000,1788192000000,corto,4,0.00040024014942944305,0.0049,-0.004499759850570557
IO,1788105600000,1788192000000,corto,4,-0.008285181050228916,0.0049,-0.013185181050228915
XLM,1788105600000,1788192000000,corto,2,-0.007355886730100136,0.0019,-0.009255886730100136
HEMI,1788105600000,1788192000000,corto,2,-0.027856582296861485,0.0019,-0.029756582296861483
LIT,1788105600000,1788192000000,corto,1,-0.00852808111138861,0.0013,-0.009828081111388609
AZTEC,1788105600000,1788192000000,corto,4,-0.005385606554601347,0.0049,-0.010285606554601347
ZEN,1788112800000,1788199200000,corto,3,-0.00633077720237226,0.0029,-0.00923077720237226
MNT,1788112800000,1788199200000,corto,2,0.0038021178479166365,0.0019,0.0019021178479166365
FARTCOIN,1788116400000,1788202800000,largo,1,-0.013264582976807745,0.0013,-0.014564582976807745
ANIME,1788120000000,1788206400000,corto,4,0.010921369783292527,0.0049,0.006021369783292527
GRASS,1788127200000,1788213600000,corto,2,-0.0032223293079738213,0.0019,-0.005122329307973821
DYDX,1788130800000,1788217200000,largo,3,0.002238806905271732,0.0029,-0.0006611930947282678
AVAX,1788130800000,1788217200000,largo,1,0.0022847974047358146,0.0013,0.0009847974047358147
BNB,1788130800000,1788217200000,largo,1,0.0006945248571805956,0.0013,-0.0006054751428194044
APE,1788130800000,1788217200000,largo,4,0.002050681837729267,0.0049,-0.002849318162270733
OP,1788130800000,1788217200000,largo,2,0.018567027327953893,0.0019,0.016667027327953894
LTC,1788130800000,1788217200000,largo,2,-0.00016478197322495705,0.0019,-0.002064781973224957
ARB,1788130800000,1788217200000,largo,1,0.020208300143042857,0.0013,0.018908300143042858
CFX,1788130800000,1788217200000,largo,4,-0.0031173386190803615,0.0049,-0.008017338619080362
APT,1788130800000,1788217200000,largo,2,0.012212458029504084,0.0019,0.010312458029504083
YGG,1788130800000,1788217200000,largo,4,-0.0010063124076732629,0.0049,-0.005906312407673263
SEI,1788130800000,1788217200000,largo,3,-0.0023173938576761073,0.0029,-0.005217393857676107
DOT,1788130800000,1788217200000,largo,2,0.00514311736728929,0.0019,0.0032431173672892903
BANANA,1788130800000,1788217200000,largo,4,0.003241241768778203,0.0049,-0.0016587582312217967
BSV,1788130800000,1788217200000,largo,3,-0.0029828981594418632,0.0029,-0.0058828981594418635
ADA,1788130800000,1788217200000,largo,1,-0.0032303682442364574,0.0013,-0.004530368244236457
POLYX,1788130800000,1788217200000,largo,4,0.002781227027168564,0.0049,-0.0021187729728314357
GAS,1788130800000,1788217200000,largo,4,0.00008232146536868261,0.0049,-0.004817678534631317
ORDI,1788130800000,1788217200000,largo,3,0.0007443627700310283,0.0029,-0.0021556372299689716
FIL,1788130800000,1788217200000,largo,3,0.004896816566967551,0.0029,0.0019968165669675512
kBONK,1788130800000,1788217200000,largo,2,-0.0003332777901203771,0.0019,-0.002233277790120377
GMT,1788130800000,1788217200000,largo,4,0.010690834208218368,0.0049,0.005790834208218368
SUPER,1788130800000,1788217200000,largo,4,0.0014957467498374452,0.0049,-0.0034042532501625546
JUP,1788130800000,1788217200000,largo,2,-0.007172002143606048,0.0019,-0.009072002143606048
kLUNC,1788130800000,1788217200000,largo,4,0.0001575795780127529,0.0049,-0.004742420421987247
GALA,1788130800000,1788217200000,largo,4,-0.008728597751179781,0.0049,-0.01362859775117978
JTO,1788130800000,1788217200000,largo,2,0.000249074463230282,0.0019,-0.001650925536769718
WIF,1788130800000,1788217200000,largo,2,-0.00621983750272424,0.0019,-0.00811983750272424
MANTA,1788130800000,1788217200000,largo,4,0.001378597495609157,0.0049,-0.0035214025043908428
ALT,1788130800000,1788217200000,largo,4,0.00393120899407047,0.0049,-0.0009687910059295295
ZETA,1788130800000,1788217200000,largo,4,0.0020954954532181693,0.0049,-0.0028045045467818305
W,1788130800000,1788217200000,largo,3,0.0010899183640258223,0.0029,-0.0018100816359741775
STRK,1788130800000,1788217200000,largo,2,0.01121651674368395,0.0019,0.00931651674368395
BOME,1788130800000,1788217200000,largo,3,-0.03341067999100847,0.0029,-0.03631067999100847
ETHFI,1788130800000,1788217200000,largo,1,0.002774711275197459,0.0013,0.001474711275197459
EIGEN,1788130800000,1788217200000,largo,3,0.002029427383489824,0.0029,-0.0008705726165101758
REZ,1788130800000,1788217200000,largo,4,0.001379310563505569,0.0049,-0.003520689436494431
TURBO,1788130800000,1788217200000,largo,4,0.00105652413420009,0.0049,-0.00384347586579991
kNEIRO,1788130800000,1788217200000,largo,4,-0.0018533539418388954,0.0049,-0.006753353941838895
MOODENG,1788130800000,1788217200000,largo,4,0.0007090762047501115,0.0049,-0.0041909237952498886
PNUT,1788130800000,1788217200000,largo,4,0.0025000013020844273,0.0049,-0.0023999986979155725
SAND,1788130800000,1788217200000,largo,3,0.0067356330569162525,0.0029,0.0038356330569162527
ALGO,1788130800000,1788217200000,largo,2,0.0014612792883349386,0.0019,-0.0004387207116650614
VIRTUAL,1788130800000,1788217200000,largo,2,-0.0007312509735329255,0.0019,-0.0026312509735329256
PENGU,1788130800000,1788217200000,largo,1,-0.00080187873017803,0.0013,-0.0021018787301780298
AIXBT,1788130800000,1788217200000,largo,3,0.0002480466340388963,0.0029,-0.0026519533659611037
MELANIA,1788130800000,1788217200000,largo,3,-0.007680817078659465,0.0029,-0.010580817078659464
VVV,1788130800000,1788217200000,largo,1,-0.0031563614925143994,0.0013,-0.0044563614925144
BERA,1788130800000,1788217200000,largo,3,0.012176625944500573,0.0029,0.009276625944500573
KAITO,1788130800000,1788217200000,largo,2,0.002162234929205853,0.0019,0.0002622349292058532
WLFI,1788130800000,1788217200000,largo,2,-0.00391532958217018,0.0019,-0.005815329582170179
AVNT,1788130800000,1788217200000,largo,4,-0.0006953017032856125,0.0049,-0.0055953017032856125
STBL,1788130800000,1788217200000,largo,2,-0.006644542718668613,0.0019,-0.008544542718668613
2Z,1788130800000,1788217200000,largo,4,0.006144840327850497,0.0049,0.0012448403278504973
MET,1788130800000,1788217200000,largo,2,0.0022914183715529416,0.0019,0.00039141837155294156
AERO,1788130800000,1788217200000,largo,2,-0.0007401533512625809,0.0019,-0.0026401533512625808
FOGO,1788130800000,1788217200000,largo,3,0.004938281640582577,0.0029,0.002038281640582577
AXS,1788130800000,1788217200000,largo,4,0.00043435407221579456,0.0049,-0.004465645927784205
MERL,1788134400000,1788220800000,corto,4,-0.013834454263920081,0.0049,-0.01873445426392008
SPX,1788138000000,1788224400000,largo,1,-0.006481462611079874,0.0013,-0.007781462611079874
PAXG,1788138000000,1788224400000,largo,2,-0.0016194335523031051,0.0019,-0.003519433552303105
ACE,1788145200000,1788231600000,corto,2,0.004968954323187066,0.0019,0.003068954323187066
0G,1788159600000,1788246000000,largo,2,0.010331951231063796,0.0019,0.008431951231063795
GMX,1788166800000,1788253200000,largo,4,0.002099233535188154,0.0049,-0.002800766464811846
STABLE,1788177600000,1788264000000,corto,3,0.017988398305037994,0.0029,0.015088398305037994
GRAM,1788192000000,1788278400000,corto,1,0.013134517180646933,0.0013,0.011834517180646934
MORPHO,1788213600000,1788300000000,largo,1,0.006949729988769042,0.0013,0.005649729988769042
OP,1788220800000,1788307200000,corto,2,0.006327132781072799,0.0019,0.0044271327810728
MEGA,1788220800000,1788307200000,corto,3,0.009479505433167695,0.0029,0.0065795054331676955
LINEA,1788224400000,1788310800000,corto,3,0.004828983226989987,0.0029,0.0019289832269899871
AERO,1788231600000,1788318000000,corto,1,-0.011039925924012324,0.0013,-0.012339925924012323
ENS,1788238800000,1788325200000,corto,4,-0.001531966738864117,0.0049,-0.0064319667388641165
VIRTUAL,1788238800000,1788325200000,corto,2,-0.005463862571103087,0.0019,-0.007363862571103086
AR,1788246000000,1788332400000,corto,3,0.0016214206317446253,0.0029,-0.0012785793682553745
SNX,1788249600000,1788336000000,largo,3,-0.00592887112227881,0.0029,-0.00882887112227881
BCH,1788249600000,1788336000000,largo,2,-0.012646814759183713,0.0019,-0.014546814759183714
MERL,1788249600000,1788336000000,largo,4,0.0007631039622471849,0.0049,-0.004136896037752815
LAYER,1788249600000,1788336000000,largo,4,-0.004211026771644711,0.0049,-0.009111026771644711
PAXG,1788249600000,1788336000000,largo,1,-0.002379715788316507,0.0013,-0.0036797157883165068
HYPER,1788249600000,1788336000000,largo,4,-0.004765385625598035,0.0049,-0.009665385625598034
AZTEC,1788249600000,1788336000000,largo,4,-0.012380925135419933,0.0049,-0.017280925135419935
GAS,1788256800000,1788343200000,corto,4,0.0038445513296161767,0.0049,-0.0010554486703838232
ACE,1788260400000,1788346800000,corto,2,0.0512672523817938,0.0019,0.0493672523817938
ENA,1788260400000,1788346800000,corto,1,0.007324589808868802,0.0013,0.006024589808868802
BLUR,1788278400000,1788364800000,largo,4,0.0007064641763270316,0.0049,-0.004193535823672968
FIL,1788282000000,1788368400000,corto,2,-0.00872823496196193,0.0019,-0.01062823496196193
BOME,1788314400000,1788400800000,corto,3,-0.014815085785140682,0.0029,-0.01771508578514068
IOTA,1788314400000,1788400800000,corto,3,-0.01190025994150199,0.0029,-0.01480025994150199
HEMI,1788314400000,1788400800000,corto,1,-0.1585914551167385,0.0013,-0.1598914551167385
SKR,1788314400000,1788400800000,corto,1,0.03117100129266991,0.0013,0.02987100129266991
CELO,1788328800000,1788415200000,corto,4,0.027820943948478057,0.0049,0.02292094394847806
POLYX,1788346800000,1788433200000,corto,4,-0.0015527060454608992,0.0049,-0.006452706045460899
SAND,1788346800000,1788433200000,corto,3,0.00886397016357548,0.0029,0.00596397016357548
XRP,1788354000000,1788440400000,corto,1,-0.00532375358113345,0.0013,-0.00662375358113345
PAXG,1788354000000,1788440400000,corto,1,0.0055096558109695845,0.0013,0.0042096558109695845
ASTER,1788357600000,1788444000000,corto,1,-0.005138651828726938,0.0013,-0.006438651828726938
CC,1788400800000,1788487200000,corto,1,0.004281515772499101,0.0013,0.002981515772499101
COMP,1788404400000,1788490800000,corto,4,-0.0008056395199095752,0.0049,-0.005705639519909575
AR,1788408000000,1788494400000,corto,2,-0.003361741888542615,0.0019,-0.005261741888542615
GRIFFAIN,1788408000000,1788494400000,corto,4,-0.01891948324616588,0.0049,-0.023819483246165882
BIGTIME,1788411600000,1788498000000,largo,4,-0.0037082860789193206,0.0049,-0.00860828607891932
BIO,1788418800000,1788505200000,corto,3,-0.0006985936491485047,0.0029,-0.0035985936491485047
CAKE,1788422400000,1788508800000,corto,2,-0.01131268061684271,0.0019,-0.01321268061684271
LAYER,1788422400000,1788508800000,corto,4,-0.0011859652542764061,0.0049,-0.006085965254276406
BLUR,1788426000000,1788512400000,largo,3,-0.0022358531234674683,0.0029,-0.005135853123467468
HMSTR,1788433200000,1788519600000,corto,4,-0.0,0.0049,-0.0049
TRUMP,1788433200000,1788519600000,corto,1,-0.00033641716044787546,0.0013,-0.0016364171604478753
BTC,1788444000000,1788530400000,corto,1,0.006129677258616916,0.0013,0.004829677258616916
ETH,1788444000000,1788530400000,corto,1,0.005437795765473211,0.0013,0.004137795765473211
DYDX,1788444000000,1788530400000,corto,4,0.010839971766149295,0.0049,0.0059399717661492955
SOL,1788444000000,1788530400000,corto,1,0.008695706967553821,0.0013,0.007395706967553821
AVAX,1788444000000,1788530400000,corto,1,0.006348796093141818,0.0013,0.005048796093141818
BNB,1788444000000,1788530400000,corto,1,0.005171011879778853,0.0013,0.003871011879778853
DOGE,1788444000000,1788530400000,corto,1,0.012550860472074923,0.0013,0.011250860472074922
kPEPE,1788444000000,1788530400000,corto,1,0.013609509745601028,0.0013,0.012309509745601029
LINK,1788444000000,1788530400000,corto,1,0.010788522195357952,0.0013,0.009488522195357951
XRP,1788444000000,1788530400000,corto,1,0.016909046253418047,0.0013,0.015609046253418048
BCH,1788444000000,1788530400000,corto,1,0.009821222347221057,0.0013,0.008521222347221056
kSHIB,1788444000000,1788530400000,corto,3,0.014168339633145849,0.0029,0.011268339633145849
BSV,1788444000000,1788530400000,corto,3,-0.0035087755296792705,0.0029,-0.00640877552967927
GAS,1788444000000,1788530400000,corto,4,0.0071425942999401885,0.0049,0.0022425942999401887
FET,1788444000000,1788530400000,corto,2,0.015888854154068054,0.0019,0.013988854154068054
MEME,1788444000000,1788530400000,corto,4,0.005644417619677182,0.0049,0.0007444176196771818
ORDI,1788444000000,1788530400000,corto,3,0.012124104644356976,0.0029,0.009224104644356976
kBONK,1788444000000,1788530400000,corto,2,0.022291344588786382,0.0019,0.020391344588786383
SUPER,1788444000000,1788530400000,corto,4,0.005034234522557435,0.0049,0.00013423452255743526
RSR,1788444000000,1788530400000,corto,4,0.017056401628154565,0.0049,0.012156401628154566
GALA,1788444000000,1788530400000,corto,4,0.02053694540187395,0.0049,0.01563694540187395
WIF,1788444000000,1788530400000,corto,3,0.019853996787060114,0.0029,0.016953996787060114
ENS,1788444000000,1788530400000,corto,2,0.008247868293929532,0.0019,0.006347868293929532
ETC,1788444000000,1788530400000,corto,3,0.010011342891726055,0.0029,0.0071113428917260555
MANTA,1788444000000,1788530400000,corto,4,0.0003354579031793193,0.0049,-0.00456454209682068
ONDO,1788444000000,1788530400000,corto,1,0.020238634815831748,0.0013,0.01893863481583175
DYM,1788444000000,1788530400000,corto,4,0.006095514978977174,0.0049,0.0011955149789771745
TAO,1788444000000,1788530400000,corto,1,0.012102886538565583,0.0013,0.010802886538565582
kFLOKI,1788444000000,1788530400000,corto,4,0.03365084328911116,0.0049,0.028750843289111157
BOME,1788444000000,1788530400000,corto,3,0.004866189651172899,0.0029,0.0019661896511728996
POPCAT,1788444000000,1788530400000,corto,4,0.021979774842529696,0.0049,0.017079774842529698
TURBO,1788444000000,1788530400000,corto,4,0.019740900806237013,0.0049,0.014840900806237014
BRETT,1788444000000,1788530400000,corto,3,0.018077063797477585,0.0029,0.015177063797477585
kNEIRO,1788444000000,1788530400000,corto,4,0.013541007471679366,0.0049,0.008641007471679367
GOAT,1788444000000,1788530400000,corto,4,0.014025853666984858,0.0049,0.009125853666984858
MOODENG,1788444000000,1788530400000,corto,4,0.012135029955183445,0.0049,0.007235029955183445
GRASS,1788444000000,1788530400000,corto,2,0.009053006956689758,0.0019,0.007153006956689758
PNUT,1788444000000,1788530400000,corto,4,0.012960047618216418,0.0049,0.008060047618216418
XLM,1788444000000,1788530400000,corto,2,0.016211602644023583,0.0019,0.014311602644023582
IOTA,1788444000000,1788530400000,corto,4,0.013197428377204813,0.0049,0.008297428377204813
MOVE,1788444000000,1788530400000,corto,3,0.013978483655688212,0.0029,0.011078483655688212
VIRTUAL,1788444000000,1788530400000,corto,1,0.014240054785674175,0.0013,0.012940054785674174
PENGU,1788444000000,1788530400000,corto,1,0.021693876275860658,0.0013,0.02039387627586066
FARTCOIN,1788444000000,1788530400000,corto,1,0.029351449091797377,0.0013,0.028051449091797378
AIXBT,1788444000000,1788530400000,corto,4,0.012559593566534496,0.0049,0.007659593566534496
S,1788444000000,1788530400000,corto,3,0.020071758934228107,0.0029,0.017171758934228107
ANIME,1788444000000,1788530400000,corto,4,0.0032579214336786997,0.0049,-0.0016420785663213001
WLFI,1788444000000,1788530400000,corto,2,0.004777957022212522,0.0019,0.002877957022212522
AVNT,1788444000000,1788530400000,corto,3,0.017058025346606998,0.0029,0.014158025346606998
AXS,1788444000000,1788530400000,corto,4,0.011089360332689811,0.0049,0.006189360332689811
AZTEC,1788444000000,1788530400000,corto,2,0.05142899084985025,0.0019,0.04952899084985025
GRAM,1788444000000,1788530400000,corto,1,0.0037358575479375547,0.0013,0.0024358575479375547
TRB,1788447600000,1788534000000,corto,4,-0.010778263764240306,0.0049,-0.015678263764240308
ZEN,1788447600000,1788534000000,corto,3,-0.024741891071290194,0.0029,-0.027641891071290194
ENA,1788447600000,1788534000000,corto,1,-0.015062738865264838,0.0013,-0.016362738865264837
ZEC,1788447600000,1788534000000,corto,1,-0.01242365947049158,0.0013,-0.013723659470491579
DASH,1788447600000,1788534000000,corto,2,-0.049135692898267525,0.0019,-0.05103569289826752
XPL,1788451200000,1788537600000,corto,1,-0.01219218077874293,0.0013,-0.01349218077874293
MERL,1788454800000,1788541200000,corto,4,0.0048516137099543786,0.0049,-0.00004838629004562129
ARB,1788458400000,1788544800000,corto,1,0.004404958896053766,0.0013,0.0031049588960537665
XMR,1788501600000,1788588000000,corto,1,-0.006115076207870358,0.0013,-0.007415076207870358
SKR,1788512400000,1788598800000,corto,1,0.02717463854286507,0.0013,0.02587463854286507
ATOM,1788523200000,1788609600000,largo,2,0.00668768521835174,0.0019,0.00478768521835174
LTC,1788523200000,1788609600000,largo,1,0.012360308534781804,0.0013,0.011060308534781804
SUI,1788523200000,1788609600000,largo,1,0.01896263775040608,0.0013,0.01766263775040608
CFX,1788523200000,1788609600000,largo,3,0.006346169103147722,0.0029,0.003446169103147722
COMP,1788523200000,1788609600000,largo,3,0.01017566641301574,0.0029,0.00727566641301574
YGG,1788523200000,1788609600000,largo,4,0.004725725634901699,0.0049,-0.00017427436509830085
SEI,1788523200000,1788609600000,largo,2,0.011419899664738782,0.0019,0.009519899664738781
RUNE,1788523200000,1788609600000,largo,3,0.007109625822842112,0.0029,0.004209625822842112
DOT,1788523200000,1788609600000,largo,2,0.013162270069268836,0.0019,0.011262270069268835
KAS,1788523200000,1788609600000,largo,2,0.011642035751451596,0.0019,0.009742035751451595
TIA,1788523200000,1788609600000,largo,2,0.012209493876488516,0.0019,0.010309493876488515
POLYX,1788523200000,1788609600000,largo,4,0.033234378286313856,0.0049,0.028334378286313855
NEAR,1788523200000,1788609600000,largo,1,-0.022532548435272803,0.0013,-0.023832548435272802
NEO,1788523200000,1788609600000,largo,4,0.0025840414669901115,0.0049,-0.0023159585330098883
FIL,1788523200000,1788609600000,largo,2,0.015307565048575294,0.0019,0.013407565048575293
GMT,1788523200000,1788609600000,largo,4,0.007928550570550953,0.0049,0.0030285505705509533
kLUNC,1788523200000,1788609600000,largo,4,0.0044294545117853764,0.0049,-0.0004705454882146234
JTO,1788523200000,1788609600000,largo,1,0.004851838467049567,0.0013,0.0035518384670495673
W,1788523200000,1788609600000,largo,3,0.002006018726865766,0.0029,-0.0008939812731342338
STRK,1788523200000,1788609600000,largo,2,-0.002767210344160541,0.0019,-0.004667210344160541
IO,1788523200000,1788609600000,largo,2,0.0058484199019090775,0.0019,0.003948419901909078
RENDER,1788523200000,1788609600000,largo,3,0.003238432191995985,0.0029,0.00033843219199598514
POL,1788523200000,1788609600000,largo,1,0.006417540058149562,0.0013,0.005117540058149562
MORPHO,1788523200000,1788609600000,largo,1,-0.004759647252988024,0.0013,-0.006059647252988024
KAITO,1788523200000,1788609600000,largo,2,-0.0009653442201538565,0.0019,-0.0028653442201538567
PAXG,1788523200000,1788609600000,largo,1,-0.00022569287809077893,0.0013,-0.0015256928780907788
WCT,1788523200000,1788609600000,largo,4,0.0036771739906439056,0.0049,-0.0012228260093560942
PROVE,1788523200000,1788609600000,largo,4,0.0034288276044553223,0.0049,-0.0014711723955446775
ASTER,1788523200000,1788609600000,largo,1,0.04624622834979665,0.0013,0.04494622834979665
APEX,1788523200000,1788609600000,largo,3,0.013512901499551824,0.0029,0.010612901499551824
MON,1788523200000,1788609600000,largo,1,0.0034734040310555364,0.0013,0.0021734040310555365
MET,1788523200000,1788609600000,largo,2,0.013129520371109562,0.0019,0.011229520371109561
ICP,1788523200000,1788609600000,largo,2,0.002396303993721215,0.0019,0.0004963039937212149
MANTA,1788534000000,1788620400000,corto,3,-0.0045864126260559135,0.0029,-0.007486412626055913
ZORA,1788534000000,1788620400000,corto,2,-0.002274537543788909,0.0019,-0.004174537543788909
VVV,1788548400000,1788634800000,corto,1,0.007885927449548986,0.0013,0.006585927449548986
ZETA,1788559200000,1788645600000,corto,3,-0.0017261224078681267,0.0029,-0.004626122407868126
ZK,1788566400000,1788652800000,corto,3,-0.00801568319151905,0.0029,-0.01091568319151905
AIXBT,1788570000000,1788656400000,corto,4,-0.0019211443415771171,0.0049,-0.006821144341577117
TAO,1788588000000,1788674400000,corto,1,0.010406885724927603,0.0013,0.009106885724927603
SOPH,1788609600000,1788696000000,corto,3,-0.0019111329276045666,0.0029,-0.004811132927604566
UNI,1788624000000,1788710400000,corto,1,-0.035970091798859065,0.0013,-0.03727009179885907
SUSHI,1788624000000,1788710400000,corto,3,-0.006134264841310237,0.0029,-0.009034264841310237
GOAT,1788624000000,1788710400000,corto,4,-0.00576808875883695,0.0049,-0.01066808875883695
MOODENG,1788624000000,1788710400000,corto,3,-0.005729241543889911,0.0029,-0.008629241543889912
DOGE,1788627600000,1788714000000,corto,1,0.0014005526067953468,0.0013,0.00010055260679534689
PNUT,1788627600000,1788714000000,corto,3,0.0017707825581412399,0.0029,-0.00112921744185876
HEMI,1788627600000,1788714000000,largo,2,0.04504717789059759,0.0019,0.04314717789059759
COMP,1788631200000,1788717600000,corto,4,-0.00585339668250836,0.0049,-0.01075339668250836
ARB,1788638400000,1788724800000,corto,1,-0.00672672602642008,0.0013,-0.00802672602642008
UMA,1788638400000,1788724800000,corto,4,-0.0007108222989758141,0.0049,-0.005610822298975814
OP,1788642000000,1788728400000,corto,2,-0.009553778140412783,0.0019,-0.011453778140412783
LDO,1788642000000,1788728400000,corto,2,0.003882563507488953,0.0019,0.0019825635074889533
ENA,1788642000000,1788728400000,corto,1,-0.0071944794107642335,0.0013,-0.008494479410764234
BOME,1788649200000,1788735600000,corto,3,-0.013230622986630487,0.0029,-0.016130622986630486
AAVE,1788652800000,1788739200000,corto,1,0.00851068966790862,0.0013,0.007210689667908619
IMX,1788652800000,1788739200000,corto,3,-0.005645692288863156,0.0029,-0.008545692288863156
YGG,1788656400000,1788742800000,corto,4,0.03960519208747809,0.0049,0.03470519208747809
FIL,1788656400000,1788742800000,corto,2,0.011211269052995238,0.0019,0.009311269052995237
PYTH,1788663600000,1788750000000,corto,2,0.021886653294197325,0.0019,0.019986653294197326
JTO,1788663600000,1788750000000,corto,2,0.033893316752795846,0.0019,0.03199331675279585
2Z,1788663600000,1788750000000,largo,4,-0.006026825795523847,0.0049,-0.010926825795523846
MET,1788663600000,1788750000000,corto,2,0.013854368223480665,0.0019,0.011954368223480664
USUAL,1788667200000,1788753600000,largo,4,0.0008343763521198047,0.0049,-0.004065623647880195
ZEC,1788667200000,1788753600000,corto,1,-0.0020956460161315974,0.0013,-0.0033956460161315974
PENDLE,1788670800000,1788757200000,corto,1,-0.007775790354638513,0.0013,-0.009075790354638513
PAXG,1788678000000,1788764400000,largo,2,0.003047812030408112,0.0019,0.0011478120304081118
WLD,1788688800000,1788775200000,corto,1,0.0006861519320986207,0.0013,-0.0006138480679013792
DOT,1788688800000,1788775200000,corto,1,-0.006932277994461858,0.0013,-0.008232277994461858
RENDER,1788692400000,1788778800000,corto,2,0.0037704003582042563,0.0019,0.0018704003582042563
SPX,1788692400000,1788778800000,largo,1,0.0013737010745837209,0.0013,0.00007370107458372094
BLUR,1788696000000,1788782400000,corto,4,-0.009239119143525576,0.0049,-0.014139119143525575
LAYER,1788696000000,1788782400000,corto,4,-0.008841262222578458,0.0049,-0.013741262222578458
RSR,1788703200000,1788789600000,largo,4,-0.004839276640749157,0.0049,-0.009739276640749157
BIO,1788703200000,1788789600000,largo,4,-0.008154139441750244,0.0049,-0.013054139441750243
S,1788703200000,1788789600000,largo,3,-0.004108428044543191,0.0029,-0.007008428044543191
BABY,1788703200000,1788789600000,largo,4,-0.00017670966647840818,0.0049,-0.005076709666478408
NIL,1788706800000,1788793200000,corto,2,0.023439919598045967,0.0019,0.021539919598045968
TRB,1788710400000,1788796800000,corto,3,-0.006700554627676932,0.0029,-0.009600554627676932
ORDI,1788710400000,1788796800000,corto,3,-0.022526912940515453,0.0029,-0.025426912940515453
W,1788714000000,1788800400000,corto,3,-0.002911210207458313,0.0029,-0.005811210207458313
SUI,1788724800000,1788811200000,corto,1,0.0014825263513383966,0.0013,0.00018252635133839666
LINK,1788724800000,1788811200000,corto,1,0.00421579201952046,0.0013,0.0029157920195204603
KAS,1788724800000,1788811200000,corto,2,-0.011303605136650444,0.0019,-0.013203605136650445
BIGTIME,1788739200000,1788825600000,corto,4,0.00966057747795149,0.0049,0.004760577477951489
LTC,1788742800000,1788829200000,largo,1,0.0048788459316885194,0.0013,0.0035788459316885195
CRV,1788746400000,1788832800000,corto,1,0.012647850087728696,0.0013,0.011347850087728695
ANIME,1788746400000,1788832800000,corto,4,0.011456469688814173,0.0049,0.006556469688814173
PROVE,1788746400000,1788832800000,corto,4,0.005988041844622557,0.0049,0.0010880418446225573
SOPH,1788750000000,1788836400000,corto,3,-0.1396678291568878,0.0029,-0.14256782915688782
HEMI,1788753600000,1788840000000,largo,1,0.007924244738804037,0.0013,0.0066242447388040375
VVV,1788757200000,1788843600000,corto,1,0.0020809321083035265,0.0013,0.0007809321083035265
ICP,1788757200000,1788843600000,corto,1,-0.0035039041534396724,0.0013,-0.004803904153439672
MINA,1788768000000,1788854400000,corto,3,0.004183852079139242,0.0029,0.0012838520791392423
GMX,1788775200000,1788861600000,corto,3,0.01139627058321348,0.0029,0.00849627058321348
kLUNC,1788775200000,1788861600000,corto,4,0.004854468409352298,0.0049,-0.00004553159064770145
PUMP,1788775200000,1788861600000,corto,1,-0.00919335364868778,0.0013,-0.010493353648687781
CAKE,1788778800000,1788865200000,corto,2,0.012982699227546553,0.0019,0.011082699227546552
REZ,1788778800000,1788865200000,corto,3,-0.005295137742148093,0.0029,-0.008195137742148093
ATOM,1788782400000,1788868800000,corto,2,-0.032466619687008084,0.0019,-0.03436661968700808
kPEPE,1788782400000,1788868800000,corto,1,-0.005801922616107939,0.0013,-0.007101922616107939
kSHIB,1788782400000,1788868800000,corto,2,-0.005893203059458341,0.0019,-0.0077932030594583404
SEI,1788782400000,1788868800000,corto,2,-0.01552798012284321,0.0019,-0.01742798012284321
BSV,1788782400000,1788868800000,corto,4,-0.005022315499274071,0.0049,-0.009922315499274071
FIL,1788782400000,1788868800000,corto,2,0.006904515346544487,0.0019,0.005004515346544487
ETC,1788782400000,1788868800000,corto,3,-0.02458547547261453,0.0029,-0.02748547547261453
kFLOKI,1788782400000,1788868800000,corto,4,-0.0040109303728683736,0.0049,-0.008910930372868373
HBAR,1788782400000,1788868800000,corto,2,-0.0033701585914530283,0.0019,-0.0052701585914530285
MELANIA,1788782400000,1788868800000,corto,3,-0.005189703845403759,0.0029,-0.008089703845403758
BANANA,1788789600000,1788876000000,corto,4,-0.006468519492991217,0.0049,-0.011368519492991218
AERO,1788789600000,1788876000000,corto,1,-0.017955112449450673,0.0013,-0.019255112449450672
BNB,1788793200000,1788879600000,largo,1,0.0071278599067394486,0.0013,0.005827859906739449
GMT,1788793200000,1788879600000,largo,3,0.010376398348181035,0.0029,0.007476398348181035
XAI,1788793200000,1788879600000,largo,4,0.011560822401076006,0.0049,0.006660822401076006
SAGA,1788793200000,1788879600000,largo,4,0.00725357614889158,0.0049,0.00235357614889158
PNUT,1788793200000,1788879600000,largo,3,0.0121570124696155,0.0029,0.0092570124696155
SPX,1788793200000,1788879600000,largo,1,-0.00921767868042675,0.0013,-0.010517678680426749
BABY,1788793200000,1788879600000,largo,4,0.001937302472768407,0.0049,-0.002962697527231593
STBL,1788793200000,1788879600000,largo,3,0.009130269865426725,0.0029,0.006230269865426725
MEGA,1788793200000,1788879600000,largo,2,0.017563009366206896,0.0019,0.015663009366206897
STABLE,1788793200000,1788879600000,largo,4,0.0008284146688943872,0.0049,-0.0040715853311056125
GRAM,1788793200000,1788879600000,largo,2,0.008323599438104762,0.0019,0.006423599438104762
MON,1788800400000,1788886800000,corto,1,0.01485479076579532,0.0013,0.01355479076579532
ACE,1788804000000,1788890400000,corto,2,0.0005918911093191746,0.0019,-0.0013081088906808254
GRASS,1788822000000,1788908400000,corto,2,0.004143776760806236,0.0019,0.002243776760806236
SYRUP,1788836400000,1788922800000,corto,2,0.00515533784790911,0.0019,0.0032553378479091106
HEMI,1788861600000,1788948000000,corto,2,0.008437756059340176,0.0019,0.0065377560593401765
APEX,1788872400000,1788958800000,largo,4,-0.011311703300593653,0.0049,-0.016211703300593655
BIO,1788876000000,1788962400000,corto,3,0.004724127626941645,0.0029,0.0018241276269416453
VVV,1788876000000,1788962400000,corto,1,-0.018396340763978353,0.0013,-0.019696340763978352
RESOLV,1788876000000,1788962400000,corto,4,0.010283145221757614,0.0049,0.005383145221757615
PROVE,1788879600000,1788966000000,largo,4,0.0029340899179913804,0.0049,-0.0019659100820086195
ZEC,1788926400000,1789012800000,corto,1,-0.0013671641519921267,0.0013,-0.002667164151992127
DASH,1788926400000,1789012800000,corto,1,-0.0026664835551946844,0.0013,-0.003966483555194684
MET,1788930000000,1789016400000,corto,2,0.007406016345862278,0.0019,0.005506016345862278
CHIP,1788937200000,1789023600000,corto,1,0.01393587740782392,0.0013,0.01263587740782392
SPX,1788944400000,1789030800000,largo,2,-0.014386385116995332,0.0019,-0.01628638511699533
STBL,1788948000000,1789034400000,corto,3,0.005348943929075514,0.0029,0.002448943929075514
ARB,1788966000000,1789052400000,largo,1,-0.014303932377465498,0.0013,-0.015603932377465497
BLUR,1788966000000,1789052400000,corto,4,0.0017922813116400312,0.0049,-0.0031077186883599686
FARTCOIN,1788966000000,1789052400000,largo,1,-0.015023957341497288,0.0013,-0.01632395734149729
FOGO,1788966000000,1789052400000,largo,3,-0.008080531966003994,0.0029,-0.010980531966003994
APE,1788969600000,1789056000000,corto,3,0.0026737983844022043,0.0029,-0.0002262016155977955
TRX,1788969600000,1789056000000,corto,2,0.0005019265225911474,0.0019,-0.0013980734774088526
MANTA,1788969600000,1789056000000,corto,4,0.00017083796061025648,0.0049,-0.0047291620393897435
STRK,1788969600000,1789056000000,corto,2,0.014408482542977046,0.0019,0.012508482542977045
STABLE,1788969600000,1789056000000,corto,4,0.0003305675875529851,0.0049,-0.004569432412447015
PYTH,1788980400000,1789066800000,largo,2,-0.007572116560510064,0.0019,-0.009472116560510065
UMA,1788980400000,1789066800000,largo,2,-0.0001950920422570861,0.0019,-0.002095092042257086
W,1788980400000,1789066800000,largo,3,-0.005205633827264937,0.0029,-0.008105633827264938
PUMP,1788980400000,1789066800000,largo,1,-0.005158639244926037,0.0013,-0.006458639244926037
ZK,1788987600000,1789074000000,largo,3,-0.0010489878230335518,0.0029,-0.003948987823033552
PNUT,1788987600000,1789074000000,largo,4,-0.004111225091802269,0.0049,-0.009011225091802268
BIO,1788987600000,1789074000000,largo,2,-0.003913899321136329,0.0019,-0.0058138993211363284
SYRUP,1788987600000,1789074000000,largo,2,-0.003435248998320557,0.0019,-0.005335248998320557
GMX,1788991200000,1789077600000,largo,3,-0.003164729348437813,0.0029,-0.006064729348437813
kLUNC,1788991200000,1789077600000,largo,4,-0.005757827938614149,0.0049,-0.01065782793861415
ACE,1788991200000,1789077600000,largo,2,-0.01786901406078494,0.0019,-0.019769014060784938
XAI,1788991200000,1789077600000,largo,4,-0.009992945397518578,0.0049,-0.014892945397518578
ALT,1788991200000,1789077600000,largo,4,-0.006907922206863334,0.0049,-0.011807922206863334
DYM,1788991200000,1789077600000,largo,4,-0.009708814126960827,0.0049,-0.014608814126960827
SAGA,1788991200000,1789077600000,largo,4,-0.01383147914846185,0.0049,-0.01873147914846185
REZ,1788991200000,1789077600000,largo,3,-0.006067398463269136,0.0029,-0.008967398463269136
IOTA,1788991200000,1789077600000,largo,4,-0.007632173158320772,0.0049,-0.012532173158320772
ME,1788991200000,1789077600000,largo,4,-0.005092308903712658,0.0049,-0.009992308903712659
GRIFFAIN,1788991200000,1789077600000,largo,4,-0.0014540169773614277,0.0049,-0.0063540169773614276
MELANIA,1788991200000,1789077600000,largo,2,-0.010031369812197795,0.0019,-0.011931369812197796
LAYER,1788991200000,1789077600000,largo,4,0.0015652690732760315,0.0049,-0.0033347309267239686
KAITO,1788991200000,1789077600000,largo,2,-0.004602652125958675,0.0019,-0.006502652125958675
NIL,1788991200000,1789077600000,largo,3,-0.009377161812597044,0.0029,-0.012277161812597043
0G,1788991200000,1789077600000,largo,3,-0.01117936427277273,0.0029,-0.01407936427277273
2Z,1788991200000,1789077600000,largo,3,-0.006446419133169668,0.0029,-0.009346419133169668
NXPC,1788994800000,1789081200000,corto,3,0.0049240357131369854,0.0029,0.0020240357131369856
SKY,1788994800000,1789081200000,corto,2,0.002143121069411305,0.0019,0.00024312106941130483
RSR,1789002000000,1789088400000,largo,4,0.007225464961041944,0.0049,0.002325464961041944
HEMI,1789002000000,1789088400000,corto,1,0.005112195172335196,0.0013,0.0038121951723351965
ANIME,1789020000000,1789106400000,corto,3,0.005549788784895177,0.0029,0.0026497887848951768
RUNE,1789034400000,1789120800000,corto,3,0.006704337022304516,0.0029,0.0038043370223045164
BTC,1789041600000,1789128000000,largo,1,0.012759240870956123,0.0013,0.011459240870956122
ETH,1789041600000,1789128000000,largo,1,0.02129495785644115,0.0013,0.01999495785644115
BCH,1789041600000,1789128000000,largo,2,0.02030593698225714,0.0019,0.01840593698225714
MNT,1789041600000,1789128000000,largo,2,0.015394556494669455,0.0019,0.013494556494669454
AZTEC,1789041600000,1789128000000,largo,3,0.009467526338399144,0.0029,0.006567526338399144
INIT,1789052400000,1789138800000,corto,4,0.00029230364710778353,0.0049,-0.004607696352892216
WLFI,1789056000000,1789142400000,largo,1,-0.0022801094366934086,0.0013,-0.0035801094366934086
EIGEN,1789059600000,1789146000000,corto,2,0.01367386847549734,0.0019,0.01177386847549734
LIT,1789081200000,1789167600000,largo,1,0.01239408193342931,0.0013,0.011094081933429312
BLUR,1789084800000,1789171200000,corto,3,0.020121633905500588,0.0029,0.017221633905500588
MERL,1789095600000,1789182000000,corto,4,0.0037218498183217564,0.0049,-0.0011781501816782434
MET,1789099200000,1789185600000,corto,1,-0.009716856929451678,0.0013,-0.011016856929451677
ASTER,1789120800000,1789207200000,largo,1,0.0017501645246225932,0.0013,0.0004501645246225933
STABLE,1789124400000,1789210800000,largo,2,-0.007339283472832765,0.0019,-0.009239283472832765
AVAX,1789128000000,1789214400000,corto,1,0.0009276999757803826,0.0013,-0.0003723000242196173
APE,1789128000000,1789214400000,corto,3,0.009660496675611857,0.0029,0.006760496675611858
SUI,1789128000000,1789214400000,corto,1,0.001881158084525766,0.0013,0.000581158084525766
kPEPE,1789128000000,1789214400000,corto,1,0.002945510229756803,0.0013,0.0016455102297568032
LDO,1789128000000,1789214400000,corto,2,0.005751387740740966,0.0019,0.0038513877407409663
LINK,1789128000000,1789214400000,corto,1,0.001903773506805848,0.0013,0.0006037735068058481
XRP,1789128000000,1789214400000,corto,1,0.0016051367812284334,0.0013,0.0003051367812284334
AAVE,1789128000000,1789214400000,corto,1,0.005740589035682983,0.0013,0.0044405890356829835
WLD,1789128000000,1789214400000,corto,1,0.0038840801742598863,0.0013,0.0025840801742598864
kSHIB,1789128000000,1789214400000,corto,2,0.010469342213308756,0.0019,0.008569342213308755
BIGTIME,1789128000000,1789214400000,corto,4,-0.0037388397774103257,0.0049,-0.008638839777410326
KAS,1789128000000,1789214400000,corto,2,0.002674061802006003,0.0019,0.000774061802006003
PENDLE,1789128000000,1789214400000,corto,2,-0.020155900699055183,0.0019,-0.02205590069905518
SUPER,1789128000000,1789214400000,corto,4,0.0019905455689262098,0.0049,-0.00290945443107379
kLUNC,1789128000000,1789214400000,corto,4,0.00191238227860631,0.0049,-0.00298761772139369
WIF,1789128000000,1789214400000,corto,2,0.0022304649130891665,0.0019,0.0003304649130891665
PEOPLE,1789128000000,1789214400000,corto,3,0.003021911138742231,0.0029,0.0001219111387422314
ENS,1789128000000,1789214400000,corto,3,0.0004984573707310819,0.0029,-0.002401542629268918
ONDO,1789128000000,1789214400000,corto,1,0.004318311207862285,0.0013,0.0030183112078622848
HBAR,1789128000000,1789214400000,corto,2,0.0018605901696501104,0.0019,-0.000039409830349889556
BRETT,1789128000000,1789214400000,corto,3,-0.0012104096696682644,0.0029,-0.004110409669668264
ZK,1789128000000,1789214400000,corto,2,0.000621310986125594,0.0019,-0.001278689013874406
RENDER,1789128000000,1789214400000,corto,2,0.0019309857600277038,0.0019,0.00003098576002770383
kNEIRO,1789128000000,1789214400000,corto,4,-0.013968626487202875,0.0049,-0.018868626487202875
GOAT,1789128000000,1789214400000,corto,4,-0.002958772339247168,0.0049,-0.007858772339247169
PNUT,1789128000000,1789214400000,corto,3,0.006978985712605542,0.0029,0.0040789857126055425
XLM,1789128000000,1789214400000,corto,1,0.0040157382677748245,0.0013,0.0027157382677748245
HYPE,1789128000000,1789214400000,corto,1,-0.0005109002547250788,0.0013,-0.0018109002547250788
FARTCOIN,1789128000000,1789214400000,corto,1,0.004293932769737365,0.0013,0.0029939327697373654
AIXBT,1789128000000,1789214400000,corto,4,0.0008739985989711842,0.0049,-0.004026001401028816
SPX,1789128000000,1789214400000,corto,1,0.0036151877092527075,0.0013,0.0023151877092527076
LAYER,1789128000000,1789214400000,corto,4,0.000014303593778146836,0.0049,-0.004885696406221853
PAXG,1789128000000,1789214400000,corto,1,0.00006891877924605117,0.0013,-0.0012310812207539487
BABY,1789128000000,1789214400000,corto,4,0.003552401604367772,0.0049,-0.0013475983956322277
AERO,1789128000000,1789214400000,corto,1,0.009878329183523143,0.0013,0.008578329183523144
DASH,1789128000000,1789214400000,corto,1,-0.0024340206205424315,0.0013,-0.0037340206205424315
SKR,1789128000000,1789214400000,corto,2,0.002826396054837059,0.0019,0.0009263960548370591
BTC,1789131600000,1789218000000,corto,1,-0.00042682257116613423,0.0013,-0.0017268225711661342
ETH,1789131600000,1789218000000,corto,1,-0.0037019575989216155,0.0013,-0.005001957598921615
SOL,1789131600000,1789218000000,corto,1,0.0007845445141061326,0.0013,-0.0005154554858938673
OP,1789131600000,1789218000000,corto,2,-0.0002056343827932611,0.0019,-0.002105634382793261
DOGE,1789131600000,1789218000000,corto,1,0.0007765071687643388,0.0013,-0.0005234928312356611
GMX,1789131600000,1789218000000,corto,3,-0.006425601053109734,0.0029,-0.009325601053109735
BANANA,1789131600000,1789218000000,corto,4,-0.0006564662155663767,0.0049,-0.005556466215566377
ETC,1789131600000,1789218000000,corto,2,0.000812740722408665,0.0019,-0.001087259277591335
kFLOKI,1789131600000,1789218000000,corto,4,0.0022928870239675775,0.0049,-0.0026071129760324224
ENA,1789131600000,1789218000000,corto,1,0.0009184358976876134,0.0013,-0.00038156410231238657
MNT,1789131600000,1789218000000,corto,3,0.0027018327878602934,0.0029,-0.00019816721213970637
MOODENG,1789131600000,1789218000000,corto,4,0.0014223511112962943,0.0049,-0.0034776488887037055
S,1789131600000,1789218000000,corto,3,-0.0002583931650928007,0.0029,-0.0031583931650928003
MORPHO,1789131600000,1789218000000,corto,1,0.005511824977781788,0.0013,0.004211824977781788
AVNT,1789131600000,1789218000000,corto,3,-0.00019845207447546272,0.0029,-0.0030984520744754625
AZTEC,1789131600000,1789218000000,corto,3,-0.0006910372744069365,0.0029,-0.0035910372744069365
MINA,1789135200000,1789221600000,corto,2,-0.02471265733469591,0.0019,-0.026612657334695908
USUAL,1789135200000,1789221600000,corto,4,-0.018033979510214532,0.0049,-0.02293397951021453
SKY,1789142400000,1789228800000,corto,2,0.007407791531255514,0.0019,0.005507791531255514
TRX,1789189200000,1789275600000,corto,1,-0.00047164250373172575,0.0013,-0.0017716425037317257
GRIFFAIN,1789192800000,1789279200000,corto,4,-0.0023905259672707567,0.0049,-0.0072905259672707565
REZ,1789221600000,1789308000000,corto,2,-0.043428897425136184,0.0019,-0.04532889742513618
PUMP,1789232400000,1789318800000,corto,1,0.00550207715398331,0.0013,0.00420207715398331
WLFI,1789232400000,1789318800000,largo,1,-0.0007553202126195551,0.0013,-0.002055320212619555
XPL,1789239600000,1789326000000,largo,1,-0.010700449086732658,0.0013,-0.012000449086732659
POLYX,1789257600000,1789344000000,corto,4,-0.012413653666742347,0.0049,-0.017313653666742347
HYPER,1789257600000,1789344000000,corto,4,-0.026726481620616804,0.0049,-0.031626481620616806
ZORA,1789257600000,1789344000000,corto,4,0.006491463004011381,0.0049,0.001591463004011381
GAS,1789261200000,1789347600000,corto,4,-0.017746966197073846,0.0049,-0.022646966197073848
GMT,1789261200000,1789347600000,corto,4,-0.015051655142755938,0.0049,-0.019951655142755938
ZETA,1789261200000,1789347600000,corto,4,-0.012824262736226673,0.0049,-0.017724262736226674
SAGA,1789261200000,1789347600000,corto,3,-0.004640379556502301,0.0029,-0.007540379556502301
ME,1789261200000,1789347600000,corto,4,-0.016031506727937954,0.0049,-0.020931506727937955
BANANA,1789268400000,1789354800000,corto,4,-0.00469049957985034,0.0049,-0.00959049957985034
BSV,1789268400000,1789354800000,corto,4,0.013314701441220076,0.0049,0.008414701441220076
MOODENG,1789268400000,1789354800000,corto,4,-0.0055111809829276335,0.0049,-0.010411180982927634
BERA,1789268400000,1789354800000,largo,2,-0.0003688189930898371,0.0019,-0.002268818993089837
0G,1789268400000,1789354800000,corto,4,0.004426789260392866,0.0049,-0.00047321073960713417
kPEPE,1789279200000,1789365600000,largo,1,-0.0014486457697830645,0.0013,-0.0027486457697830646
DYM,1789279200000,1789365600000,corto,3,-0.003409481652620468,0.0029,-0.006309481652620468
BTC,1789286400000,1789372800000,largo,1,-0.0018255687472611332,0.0013,-0.003125568747261133
ETH,1789286400000,1789372800000,largo,1,-0.0020634109142444973,0.0013,-0.0033634109142444972
AAVE,1789286400000,1789372800000,largo,1,-0.0006334626864768972,0.0013,-0.0019334626864768972
SEI,1789286400000,1789372800000,largo,3,-0.0035712729354307237,0.0029,-0.0064712729354307235
IMX,1789286400000,1789372800000,largo,4,0.0031475753358214025,0.0049,-0.0017524246641785974
GALA,1789286400000,1789372800000,largo,4,-0.002921416042134187,0.0049,-0.007821416042134186
IO,1789286400000,1789372800000,largo,4,-0.0025570507133311766,0.0049,-0.007457050713331177
ZK,1789286400000,1789372800000,largo,4,0.0016597514183644708,0.0049,-0.003240248581635529
AIXBT,1789286400000,1789372800000,largo,4,-0.005730103622902152,0.0049,-0.010630103622902152
ANIME,1789286400000,1789372800000,largo,3,-0.006710362294495845,0.0029,-0.009610362294495845
2Z,1789286400000,1789372800000,largo,4,-0.0042286919375302,0.0049,-0.0091286919375302
CC,1789286400000,1789372800000,largo,2,-0.005324402055528616,0.0019,-0.007224402055528616
AZTEC,1789286400000,1789372800000,largo,4,-0.006188851072007305,0.0049,-0.011088851072007305
CRV,1789290000000,1789376400000,corto,1,0.0008299586928057807,0.0013,-0.0004700413071942192
BABY,1789290000000,1789376400000,corto,4,0.07045166095061135,0.0049,0.06555166095061135
TIA,1789297200000,1789383600000,corto,2,0.0018519563068518424,0.0019,-0.00004804369314815758
BLUR,1789304400000,1789390800000,corto,3,0.0024676492393311857,0.0029,-0.00043235076066881414
AR,1789304400000,1789390800000,corto,3,0.0036306724583585275,0.0029,0.0007306724583585277
FIL,1789308000000,1789394400000,corto,2,0.00997574937082083,0.0019,0.008075749370820829
BIGTIME,1789311600000,1789398000000,largo,3,0.003749223304521683,0.0029,0.0008492233045216831
REZ,1789311600000,1789398000000,corto,1,0.04507074001890256,0.0013,0.043770740018902556
PAXG,1789315200000,1789401600000,corto,2,-0.0057097917634140365,0.0019,-0.007609791763414036
LIT,1789315200000,1789401600000,corto,1,-0.015697491191707356,0.0013,-0.016997491191707355
RUNE,1789322400000,1789408800000,corto,4,-0.00022875007248172305,0.0049,-0.0051287500724817225
CAKE,1789322400000,1789408800000,corto,3,-0.0008410783119147442,0.0029,-0.003741078311914744
ALGO,1789329600000,1789416000000,corto,2,-0.006956745797255756,0.0019,-0.008856745797255755
DYDX,1789336800000,1789423200000,largo,3,0.0016660094168687938,0.0029,-0.001233990583131206
SOL,1789336800000,1789423200000,largo,1,-0.00310559255815313,0.0013,-0.0044055925581531295
AVAX,1789336800000,1789423200000,largo,1,-0.001522290027705833,0.0013,-0.002822290027705833
OP,1789336800000,1789423200000,largo,2,-0.00136518792533997,0.0019,-0.0032651879253399697
LTC,1789336800000,1789423200000,largo,1,0.0013304976336600569,0.0013,0.000030497633660056924
DOGE,1789336800000,1789423200000,largo,1,-0.0038477572559973733,0.0013,-0.005147757255997374
SUI,1789336800000,1789423200000,largo,1,-0.007262874044808203,0.0013,-0.008562874044808204
LINK,1789336800000,1789423200000,largo,1,-0.006635953166141228,0.0013,-0.007935953166141228
CFX,1789336800000,1789423200000,largo,3,-0.0021484095295224055,0.0029,-0.005048409529522405
SNX,1789336800000,1789423200000,largo,4,-0.003893457271095409,0.0049,-0.00879345727109541
XRP,1789336800000,1789423200000,largo,1,-0.005835781464101765,0.0013,-0.007135781464101765
BCH,1789336800000,1789423200000,largo,2,-0.005690421685608149,0.0019,-0.007590421685608148
TRX,1789336800000,1789423200000,largo,2,-0.0007088847177761545,0.0019,-0.0026088847177761546
kSHIB,1789336800000,1789423200000,largo,3,-0.005491917979252159,0.0029,-0.008391917979252159
TRB,1789336800000,1789423200000,largo,4,-0.0012315633612473627,0.0049,-0.006131563361247362
ADA,1789336800000,1789423200000,largo,1,-0.004759194210419833,0.0013,-0.006059194210419833
FET,1789336800000,1789423200000,largo,2,-0.006450094029691664,0.0019,-0.008350094029691665
MEME,1789336800000,1789423200000,largo,4,-0.005644417619677182,0.0049,-0.010544417619677181
ZEN,1789336800000,1789423200000,largo,3,-0.0007316143318015125,0.0029,-0.0036316143318015125
SUPER,1789336800000,1789423200000,largo,4,-0.001613108979923084,0.0049,-0.006513108979923084
kLUNC,1789336800000,1789423200000,largo,4,0.0004359025232486361,0.0049,-0.004464097476751363
JTO,1789336800000,1789423200000,largo,2,0.006273188522077463,0.0019,0.004373188522077463
WIF,1789336800000,1789423200000,largo,2,-0.0025901957127287844,0.0019,-0.004490195712728785
PEOPLE,1789336800000,1789423200000,largo,4,-0.004668483654081279,0.0049,-0.009568483654081278
ENS,1789336800000,1789423200000,largo,4,-0.005270764710136065,0.0049,-0.010170764710136065
ETC,1789336800000,1789423200000,largo,3,-0.0027217699091893212,0.0029,-0.0056217699091893215
MANTA,1789336800000,1789423200000,largo,4,-0.006158987425784198,0.0049,-0.011058987425784199
UMA,1789336800000,1789423200000,largo,4,-0.0023639709398980873,0.0049,-0.007263970939898087
ONDO,1789336800000,1789423200000,largo,1,-0.006330376032047033,0.0013,-0.007630376032047033
W,1789336800000,1789423200000,largo,3,0.0,0.0029,-0.0029
STRK,1789336800000,1789423200000,largo,2,-0.007212808189240686,0.0019,-0.009112808189240686
kFLOKI,1789336800000,1789423200000,largo,4,-0.001539396698569256,0.0049,-0.006439396698569256
BOME,1789336800000,1789423200000,largo,4,-0.003466207976486284,0.0049,-0.008366207976486285
HBAR,1789336800000,1789423200000,largo,2,-0.0027235021523599823,0.0019,-0.004623502152359982
POPCAT,1789336800000,1789423200000,largo,3,-0.002136368775486161,0.0029,-0.005036368775486161
TURBO,1789336800000,1789423200000,largo,4,0.0,0.0049,-0.0049
RENDER,1789336800000,1789423200000,largo,2,0.0015920113355945877,0.0019,-0.00030798866440541234
kNEIRO,1789336800000,1789423200000,largo,4,-0.0025178359923411055,0.0049,-0.007417835992341105
GRASS,1789336800000,1789423200000,largo,2,0.0022607053983339383,0.0019,0.0003607053983339383
PNUT,1789336800000,1789423200000,largo,4,0.0006459253104326857,0.0049,-0.004254074689567314
XLM,1789336800000,1789423200000,largo,2,-0.0004647200145599406,0.0019,-0.0023647200145599408
SAND,1789336800000,1789423200000,largo,3,-0.002157256359325723,0.0029,-0.005057256359325723
PENGU,1789336800000,1789423200000,largo,2,-0.004756584233968615,0.0019,-0.0066565842339686146
USUAL,1789336800000,1789423200000,largo,4,-0.0008507018803128114,0.0049,-0.005750701880312811
BIO,1789336800000,1789423200000,largo,4,-0.003125907031595959,0.0049,-0.008025907031595959
LAYER,1789336800000,1789423200000,largo,4,-0.004061050403439799,0.0049,-0.008961050403439799
KAITO,1789336800000,1789423200000,largo,3,0.0012024451163239424,0.0029,-0.0016975548836760574
WCT,1789336800000,1789423200000,largo,4,0.0008517888078892742,0.0049,-0.004048211192110726
INIT,1789336800000,1789423200000,largo,3,-0.000695208880326575,0.0029,-0.0035952088803265746
RESOLV,1789336800000,1789423200000,largo,4,-0.0034764198462326435,0.0049,-0.008376419846232643
PROVE,1789336800000,1789423200000,largo,4,0.002042572200153501,0.0049,-0.002857427799846499
XPL,1789336800000,1789423200000,largo,1,-0.014574182903037485,0.0013,-0.015874182903037486
SKY,1789336800000,1789423200000,largo,3,-0.0063230278680430655,0.0029,-0.009223027868043066
ASTER,1789336800000,1789423200000,largo,2,-0.0018879848891183721,0.0019,-0.003787984889118372
MEGA,1789336800000,1789423200000,largo,3,-0.0018448126877890262,0.0029,-0.004744812687789026
AERO,1789336800000,1789423200000,largo,2,0.001761838349209325,0.0019,-0.00013816165079067497
GRAM,1789336800000,1789423200000,largo,1,-0.0018467225931646629,0.0013,-0.0031467225931646626
IOTA,1789380000000,1789466400000,corto,3,0.0050109869100085766,0.0029,0.0021109869100085768
HEMI,1789394400000,1789480800000,corto,2,0.012066511413116366,0.0019,0.010166511413116365
NEAR,1789405200000,1789491600000,corto,1,-0.01331287715714118,0.0013,-0.014612877157141178
ATOM,1789408800000,1789495200000,corto,2,0.01522395224219239,0.0019,0.01332395224219239
BIGTIME,1789430400000,1789516800000,corto,4,0.0015319270456421365,0.0049,-0.0033680729543578633
GAS,1789430400000,1789516800000,corto,4,-0.004474644410324062,0.0049,-0.009374644410324061
ZETA,1789430400000,1789516800000,corto,3,0.0011979636053826332,0.0029,-0.0017020363946173666
CELO,1789430400000,1789516800000,corto,4,0.01176728467082959,0.0049,0.006867284670829589
STBL,1789441200000,1789527600000,corto,3,0.004664514865944023,0.0029,0.001764514865944023
ACE,1789452000000,1789538400000,corto,3,0.0019980026626729977,0.0029,-0.0009019973373270021
GRIFFAIN,1789473600000,1789560000000,corto,3,0.029283404963761372,0.0029,0.026383404963761372
NXPC,1789473600000,1789560000000,corto,4,0.011989976259318412,0.0049,0.007089976259318412
INIT,1789477200000,1789563600000,largo,3,-0.0004258724943396792,0.0029,-0.003325872494339679
AZTEC,1789477200000,1789563600000,largo,4,-0.003024757539785879,0.0049,-0.007924757539785878
SOL,1789480800000,1789567200000,largo,1,-0.0015660580787508385,0.0013,-0.0028660580787508386
DOGE,1789480800000,1789567200000,largo,1,-0.003855517843682437,0.0013,-0.0051555178436824365
INJ,1789480800000,1789567200000,largo,1,-0.010986772225019542,0.0013,-0.012286772225019543
BCH,1789480800000,1789567200000,largo,2,-0.004462958016229177,0.0019,-0.006362958016229177
AAVE,1789480800000,1789567200000,largo,1,-0.007115637207458253,0.0013,-0.008415637207458252
TIA,1789480800000,1789567200000,largo,2,-0.011331392490906823,0.0019,-0.013231392490906824
ADA,1789480800000,1789567200000,largo,1,-0.004905552056398783,0.0013,-0.006205552056398783
ONDO,1789480800000,1789567200000,largo,1,-0.00021272393072487944,0.0013,-0.0015127239307248794
AR,1789480800000,1789567200000,largo,2,-0.0017345358415871007,0.0019,-0.0036345358415871007
ALGO,1789480800000,1789567200000,largo,2,-0.015563247323168801,0.0019,-0.017463247323168802
HYPE,1789480800000,1789567200000,largo,1,-0.006532051854194114,0.0013,-0.007832051854194114
SPX,1789480800000,1789567200000,largo,2,-0.029141077633141985,0.0019,-0.031041077633141984
MORPHO,1789480800000,1789567200000,largo,2,-0.009028220581400716,0.0019,-0.010928220581400716
ARB,1789484400000,1789570800000,corto,1,0.01925990137319811,0.0013,0.01795990137319811
ZRO,1789488000000,1789574400000,corto,1,-0.0064795709531369075,0.0013,-0.0077795709531369075
DYM,1789491600000,1789578000000,corto,4,0.011315537992575984,0.0049,0.006415537992575984
STX,1789495200000,1789581600000,largo,2,0.011207013847676407,0.0019,0.009307013847676406
CFX,1789495200000,1789581600000,largo,4,0.009850279265399296,0.0049,0.004950279265399296
SNX,1789495200000,1789581600000,largo,4,0.01322917551447653,0.0049,0.00832917551447653
XRP,1789495200000,1789581600000,largo,1,0.013396575449885156,0.0013,0.012096575449885155
ORDI,1789495200000,1789581600000,largo,4,0.012239043529540972,0.0049,0.007339043529540972
NEO,1789495200000,1789581600000,largo,3,0.008942374330219011,0.0029,0.0060423743302190115
IMX,1789495200000,1789581600000,largo,3,0.014254062392543393,0.0029,0.011354062392543393
JUP,1789495200000,1789581600000,largo,1,0.006309767832736763,0.0013,0.005009767832736763
kLUNC,1789495200000,1789581600000,largo,4,0.007175367651076081,0.0049,0.0022753676510760814
MERL,1789495200000,1789581600000,largo,4,0.006417614307047913,0.0049,0.0015176143070479127
IO,1789495200000,1789581600000,largo,3,0.010058831272346866,0.0029,0.0071588312723468665
POL,1789495200000,1789581600000,largo,2,-0.007218921499377248,0.0019,-0.009118921499377248
XLM,1789495200000,1789581600000,largo,1,0.02249711423189355,0.0013,0.021197114231893553
SAND,1789495200000,1789581600000,largo,3,0.005033669431332221,0.0029,0.002133669431332221
FARTCOIN,1789495200000,1789581600000,largo,1,0.014473106756887814,0.0013,0.013173106756887813
TRUMP,1789495200000,1789581600000,largo,1,0.011286740581255061,0.0013,0.009986740581255062
MELANIA,1789495200000,1789581600000,largo,3,0.0007368809218111776,0.0029,-0.0021631190781888224
KAITO,1789495200000,1789581600000,largo,2,0.010582109330537008,0.0019,0.008682109330537008
LINEA,1789495200000,1789581600000,largo,3,0.008618973938676094,0.0029,0.005718973938676094
CC,1789506000000,1789592400000,largo,2,-0.001374857002317929,0.0019,-0.0032748570023179288
PAXG,1789524000000,1789610400000,corto,1,0.005268568695728181,0.0013,0.003968568695728181
GRASS,1789556400000,1789642800000,corto,2,-0.007221993406452684,0.0019,-0.009121993406452684
STABLE,1789578000000,1789664400000,largo,4,-0.01067008173446681,0.0049,-0.01557008173446681
BOME,1789581600000,1789668000000,corto,3,0.012605208918982279,0.0029,0.009705208918982279
ZEC,1789581600000,1789668000000,corto,1,0.009685636048124568,0.0013,0.008385636048124569
CRV,1789599600000,1789686000000,corto,1,-0.0017412825735020276,0.0013,-0.0030412825735020273
SNX,1789599600000,1789686000000,corto,4,-0.015567278342634732,0.0049,-0.02046727834263473
APT,1789599600000,1789686000000,corto,1,-0.006042314455962662,0.0013,-0.007342314455962662
COMP,1789599600000,1789686000000,corto,4,-0.00010264305885326211,0.0049,-0.005002643058853262
YGG,1789599600000,1789686000000,corto,4,-0.007681162594786506,0.0049,-0.012581162594786505
GALA,1789599600000,1789686000000,corto,3,-0.004900635999002167,0.0029,-0.007800635999002167
BRETT,1789599600000,1789686000000,corto,4,-0.007544042484821633,0.0049,-0.012444042484821633
MOODENG,1789599600000,1789686000000,corto,3,-0.007878160178806444,0.0029,-0.010778160178806444
USUAL,1789599600000,1789686000000,corto,4,-0.029388458999500704,0.0049,-0.034288458999500705
AERO,1789599600000,1789686000000,corto,1,-0.005187282342230944,0.0013,-0.006487282342230944
IO,1789603200000,1789689600000,corto,3,-0.016564795938786504,0.0029,-0.019464795938786503
WLFI,1789603200000,1789689600000,corto,2,-0.000274564987825058,0.0019,-0.0021745649878250582
GOAT,1789617600000,1789704000000,corto,4,0.008001519886506284,0.0049,0.003101519886506284
INIT,1789617600000,1789704000000,corto,4,0.013521846597332595,0.0049,0.008621846597332596
PROVE,1789635600000,1789722000000,corto,4,0.0012096165982735843,0.0049,-0.0036903834017264154
0G,1789635600000,1789722000000,corto,2,-0.001813583277594224,0.0019,-0.003713583277594224
RESOLV,1789642800000,1789729200000,corto,4,0.0036112877064655314,0.0049,-0.0012887122935344685
ONDO,1789646400000,1789732800000,corto,1,-0.01056142239810866,0.0013,-0.01186142239810866
ETHFI,1789646400000,1789732800000,corto,1,-0.005926304662108886,0.0013,-0.007226304662108886
BCH,1789653600000,1789740000000,corto,1,-0.005768486955787688,0.0013,-0.007068486955787688
TRX,1789671600000,1789758000000,corto,2,-0.0011822777956217278,0.0019,-0.003082277795621728
BABY,1789689600000,1789776000000,corto,4,0.016884248884646083,0.0049,0.011984248884646083
AXS,1789689600000,1789776000000,corto,3,-0.0033238861377730402,0.0029,-0.00622388613777304
DYDX,1789693200000,1789779600000,corto,3,-0.009524256340076009,0.0029,-0.012424256340076009
WLD,1789693200000,1789779600000,corto,1,-0.005243117327705726,0.0013,-0.006543117327705726
ADA,1789693200000,1789779600000,corto,1,-0.007487391854501347,0.0013,-0.008787391854501347
PENGU,1789693200000,1789779600000,corto,2,0.006050692858117744,0.0019,0.0041506928581177445
APT,1789696800000,1789783200000,corto,2,-0.020836834574533652,0.0019,-0.02273683457453365
SOL,1789700400000,1789786800000,corto,1,0.003173206717295507,0.0013,0.001873206717295507
AVAX,1789700400000,1789786800000,corto,1,0.013583702932255625,0.0013,0.012283702932255624
OP,1789700400000,1789786800000,corto,2,-0.03334305297039832,0.0019,-0.03524305297039832
DOGE,1789700400000,1789786800000,corto,1,0.0031066841318362877,0.0013,0.0018066841318362878
SUI,1789700400000,1789786800000,corto,1,-0.001193080276738979,0.0013,-0.002493080276738979
GMX,1789700400000,1789786800000,corto,4,0.0017314894480513863,0.0049,-0.003168510551948614
XRP,1789700400000,1789786800000,corto,1,-0.0033879196719360434,0.0013,-0.004687919671936044
COMP,1789700400000,1789786800000,corto,3,0.0037159900706262385,0.0029,0.0008159900706262387
SEI,1789700400000,1789786800000,corto,2,0.0014827326178664985,0.0019,-0.0004172673821335015
RUNE,1789700400000,1789786800000,corto,3,-0.00396273707459068,0.0029,-0.00686273707459068
ZRO,1789700400000,1789786800000,corto,1,-0.01613786995752077,0.0013,-0.01743786995752077
TRB,1789700400000,1789786800000,corto,4,0.005033477829422257,0.0049,0.00013347782942225734
BSV,1789700400000,1789786800000,corto,4,0.007187299207168328,0.0049,0.002287299207168328
PENDLE,1789700400000,1789786800000,corto,1,0.015297517337489117,0.0013,0.013997517337489118
NEO,1789700400000,1789786800000,corto,4,0.008880301930143423,0.0049,0.003980301930143423
IMX,1789700400000,1789786800000,corto,4,0.003046177919233857,0.0049,-0.0018538220807661427
JUP,1789700400000,1789786800000,corto,1,-0.007896912939379348,0.0013,-0.009196912939379347
ETC,1789700400000,1789786800000,corto,3,-0.0009873095415151882,0.0029,-0.003887309541515188
kNEIRO,1789700400000,1789786800000,corto,4,0.00032462262904776564,0.0049,-0.0045753773709522345
MOVE,1789700400000,1789786800000,corto,3,0.003610519548940779,0.0029,0.0007105195489407793
BIO,1789700400000,1789786800000,corto,3,0.0039071821263970226,0.0029,0.0010071821263970228
S,1789700400000,1789786800000,corto,4,0.00686295973633613,0.0049,0.0019629597363361303
MORPHO,1789700400000,1789786800000,corto,1,0.0015403802649709938,0.0013,0.00024038026497099382
TRUMP,1789700400000,1789786800000,corto,1,0.0015096547706331905,0.0013,0.0002096547706331906
LAYER,1789700400000,1789786800000,corto,4,0.0032186738100241767,0.0049,-0.0016813261899758232
SKY,1789700400000,1789786800000,corto,2,0.006652931462087123,0.0019,0.004752931462087123
MET,1789700400000,1789786800000,corto,2,-0.016797102616772173,0.0019,-0.01869710261677217
MEGA,1789700400000,1789786800000,corto,3,0.010365848889591002,0.0029,0.007465848889591002
ICP,1789700400000,1789786800000,corto,2,0.01027815183829963,0.0019,0.00837815183829963
BANANA,1789704000000,1789790400000,corto,4,0.008140083296902181,0.0049,0.003240083296902181
AERO,1789711200000,1789797600000,corto,1,-0.0004457784851971655,0.0013,-0.0017457784851971653
STRK,1789714800000,1789801200000,corto,2,-0.0059113472630571645,0.0019,-0.007811347263057164
AR,1789714800000,1789801200000,corto,2,-0.041747856076305004,0.0019,-0.043647856076305
AZTEC,1789714800000,1789801200000,corto,3,0.004422483794919797,0.0029,0.0015224837949197973
INJ,1789725600000,1789812000000,corto,1,0.0006148828574582229,0.0013,-0.000685117142541777
EIGEN,1789725600000,1789812000000,corto,2,-0.007741974153615459,0.0019,-0.00964197415361546
PURR,1789725600000,1789812000000,corto,1,0.0050004136775535606,0.0013,0.0037004136775535606
SYRUP,1789725600000,1789812000000,corto,2,0.0004535970321809355,0.0019,-0.0014464029678190645
BTC,1789736400000,1789822800000,corto,1,-0.0001351691767182102,0.0013,-0.0014351691767182102
ETH,1789736400000,1789822800000,corto,1,0.0014765738603265944,0.0013,0.00017657386032659443
BNB,1789736400000,1789822800000,corto,1,0.004186628366521957,0.0013,0.0028866283665219573
YGG,1789740000000,1789826400000,corto,4,0.008427291422892924,0.0049,0.003527291422892924
RSR,1789740000000,1789826400000,corto,4,0.005581409838195152,0.0049,0.0006814098381951522
WIF,1789740000000,1789826400000,corto,2,0.005667075379327566,0.0019,0.003767075379327566
TURBO,1789740000000,1789826400000,corto,4,0.0010045204260053652,0.0049,-0.0038954795739946347
KAITO,1789740000000,1789826400000,corto,3,0.012121009037322163,0.0029,0.009221009037322163
NIL,1789740000000,1789826400000,corto,3,-0.0017793053134332857,0.0029,-0.004679305313433285
XMR,1789743600000,1789830000000,corto,1,0.0083697088418094,0.0013,0.0070697088418094
SUPER,1789747200000,1789833600000,largo,2,0.011757250640131597,0.0019,0.009857250640131597
GRIFFAIN,1789747200000,1789833600000,corto,4,0.005097356169782036,0.0049,0.00019735616978203575
SAGA,1789750800000,1789837200000,corto,2,-0.003946335034713201,0.0019,-0.0058463350347132004
ZEN,1789754400000,1789840800000,corto,2,-0.0006284508892927847,0.0019,-0.0025284508892927846
POL,1789758000000,1789844400000,corto,2,-0.007544322656920163,0.0019,-0.009444322656920164
FOGO,1789768800000,1789855200000,corto,3,-0.010444354383555125,0.0029,-0.013344354383555124
BIGTIME,1789776000000,1789862400000,largo,4,-0.02514720734777934,0.0049,-0.03004720734777934
ANIME,1789776000000,1789862400000,largo,3,-0.0071218755892188705,0.0029,-0.010021875589218871
SKR,1789779600000,1789866000000,corto,2,0.02200596610736991,0.0019,0.02010596610736991
MANTA,1789783200000,1789869600000,corto,4,0.037454154181822394,0.0049,0.03255415418182239
LTC,1789790400000,1789876800000,largo,1,-0.004583071677700327,0.0013,-0.0058830716777003265
MOODENG,1789790400000,1789876800000,largo,3,0.009153747646298298,0.0029,0.006253747646298298
GRASS,1789790400000,1789876800000,largo,1,-0.004037616104677141,0.0013,-0.005337616104677141
APT,1789794000000,1789880400000,largo,1,-0.004009129583654278,0.0013,-0.005309129583654278
STBL,1789797600000,1789884000000,corto,3,0.010428110063993848,0.0029,0.007528110063993848
IMX,1789804800000,1789891200000,corto,4,-0.0010252655603342738,0.0049,-0.005925265560334274
IOTA,1789804800000,1789891200000,corto,3,0.008309031494467163,0.0029,0.005409031494467163
MELANIA,1789804800000,1789891200000,corto,3,0.0020725396019724233,0.0029,-0.0008274603980275765
USUAL,1789808400000,1789894800000,corto,2,-0.012345835822299141,0.0019,-0.014245835822299142
STX,1789815600000,1789902000000,corto,2,-0.00864320601561662,0.0019,-0.01054320601561662
BIO,1789815600000,1789902000000,corto,2,-0.007322755579371289,0.0019,-0.00922275557937129
BERA,1789815600000,1789902000000,corto,3,-0.005836876340827003,0.0029,-0.008736876340827003
ONDO,1789819200000,1789905600000,corto,1,0.00043538205462442494,0.0013,-0.000864617945375575
CELO,1789826400000,1789912800000,corto,4,-0.00825762833554647,0.0049,-0.01315762833554647
kPEPE,1789833600000,1789920000000,corto,1,-0.018275636954654735,0.0013,-0.019575636954654734
kSHIB,1789833600000,1789920000000,corto,2,-0.01990751525604231,0.0019,-0.02180751525604231
FIL,1789833600000,1789920000000,corto,1,-0.03073126249760813,0.0013,-0.03203126249760813
BOME,1789833600000,1789920000000,corto,3,-0.03934933878854768,0.0029,-0.04224933878854768
BRETT,1789833600000,1789920000000,corto,4,-0.03483360743667628,0.0049,-0.03973360743667628
FARTCOIN,1789844400000,1789930800000,corto,1,-0.016034935043472996,0.0013,-0.017334935043472995
DOGE,1789851600000,1789938000000,largo,1,-0.004749730715070621,0.0013,-0.006049730715070621
STABLE,1789851600000,1789938000000,largo,3,0.0026913526011736045,0.0029,-0.00020864739882639526
ALGO,1789858800000,1789945200000,corto,2,0.005681833467430946,0.0019,0.0037818334674309464
GAS,1789862400000,1789948800000,corto,4,0.0002944857563798288,0.0049,-0.004605514243620171
ENS,1789862400000,1789948800000,corto,3,-0.026282163410525656,0.0029,-0.029182163410525656
SOPH,1789862400000,1789948800000,corto,3,0.009653028299893703,0.0029,0.006753028299893703
AVAX,1789866000000,1789952400000,largo,1,-0.036560363244877984,0.0013,-0.03786036324487799
BTC,1789869600000,1789956000000,largo,1,0.0039533775234255695,0.0013,0.0026533775234255695
ETH,1789869600000,1789956000000,largo,1,0.004705536736868306,0.0013,0.0034055367368683058
SOL,1789869600000,1789956000000,largo,1,0.0024299161485943107,0.0013,0.0011299161485943108
BNB,1789869600000,1789956000000,largo,1,0.0041062004597694395,0.0013,0.0028062004597694395
SUI,1789869600000,1789956000000,largo,1,0.00463401368271844,0.0013,0.00333401368271844
LINK,1789869600000,1789956000000,largo,1,0.008049455696090776,0.0013,0.006749455696090776
SNX,1789869600000,1789956000000,largo,3,0.004708817727382788,0.0029,0.0018088177273827884
COMP,1789869600000,1789956000000,largo,3,-0.0008682341121651439,0.0029,-0.0037682341121651436
RUNE,1789869600000,1789956000000,largo,3,0.009519928481824038,0.0029,0.006619928481824038
BANANA,1789869600000,1789956000000,largo,4,0.005117538700455265,0.0049,0.00021753870045526473
BLUR,1789869600000,1789956000000,largo,2,0.0017847007251928565,0.0019,-0.00011529927480714353
POLYX,1789869600000,1789956000000,largo,3,0.004944841988310176,0.0029,0.0020448419883101763
ORDI,1789869600000,1789956000000,largo,3,0.015336616608201539,0.0029,0.012436616608201539
PYTH,1789869600000,1789956000000,largo,2,0.002433291238914594,0.0019,0.000533291238914594
JUP,1789869600000,1789956000000,largo,1,0.007713934753597289,0.0013,0.006413934753597289
GALA,1789869600000,1789956000000,largo,4,0.010827638652063393,0.0049,0.0059276386520633936
CAKE,1789869600000,1789956000000,largo,2,0.013026705271666977,0.0019,0.011126705271666976
PEOPLE,1789869600000,1789956000000,largo,4,0.006430151906286654,0.0049,0.0015301519062866538
UMA,1789869600000,1789956000000,largo,4,0.005104945856690721,0.0049,0.00020494585669072075
ZETA,1789869600000,1789956000000,largo,3,0.012588283048476485,0.0029,0.009688283048476486
DYM,1789869600000,1789956000000,largo,3,-0.008653068124815595,0.0029,-0.011553068124815595
ETHFI,1789869600000,1789956000000,largo,1,0.01866418167492061,0.0013,0.017364181674920612
ENA,1789869600000,1789956000000,largo,1,0.014733231512983868,0.0013,0.013433231512983868
HBAR,1789869600000,1789956000000,largo,1,0.009147206611532772,0.0013,0.007847206611532771
TURBO,1789869600000,1789956000000,largo,4,0.0072426596993029144,0.0049,0.0023426596993029146
kNEIRO,1789869600000,1789956000000,largo,3,0.009906644118414173,0.0029,0.007006644118414174
PNUT,1789869600000,1789956000000,largo,3,0.006857169726137045,0.0029,0.003957169726137045
VIRTUAL,1789869600000,1789956000000,largo,2,0.015016339156813842,0.0019,0.01311633915681384
PENGU,1789869600000,1789956000000,largo,1,0.009338785690587263,0.0013,0.008038785690587264
AIXBT,1789869600000,1789956000000,largo,4,0.012564414287550167,0.0049,0.007664414287550167
SPX,1789869600000,1789956000000,largo,2,0.006223475786974977,0.0019,0.004323475786974978
TRUMP,1789869600000,1789956000000,largo,1,0.0121999963996127,0.0013,0.0108999963996127
ANIME,1789869600000,1789956000000,largo,4,0.0076045993852192125,0.0049,0.0027045993852192127
LAYER,1789869600000,1789956000000,largo,3,0.00839950218724827,0.0029,0.005499502187248271
KAITO,1789869600000,1789956000000,largo,2,0.01235036485737705,0.0019,0.01045036485737705
NXPC,1789869600000,1789956000000,largo,4,0.005472031743422388,0.0049,0.0005720317434223885
PUMP,1789869600000,1789956000000,largo,1,0.014022197501026542,0.0013,0.01272219750102654
ASTER,1789869600000,1789956000000,largo,1,0.0017046150480943072,0.0013,0.0004046150480943073
2Z,1789869600000,1789956000000,largo,3,0.005344034094271511,0.0029,0.002444034094271511
DASH,1789869600000,1789956000000,largo,1,0.004111202184052421,0.0013,0.0028112021840524214
ARB,1789873200000,1789959600000,corto,1,-0.017110770133339875,0.0013,-0.018410770133339874
S,1789880400000,1789966800000,corto,2,-0.008120664276097329,0.0019,-0.01002066427609733
CASHCAT,1789887600000,1789974000000,largo,1,-0.0031505276934773413,0.0013,-0.004450527693477341
STBL,1789905600000,1789992000000,corto,1,-0.01184272759733306,0.0013,-0.013142727597333061
TRX,1789909200000,1789995600000,corto,1,-0.001073257148084405,0.0013,-0.002373257148084405
CRV,1789916400000,1790002800000,corto,1,0.012513139171544797,0.0013,0.011213139171544796
CFX,1789916400000,1790002800000,corto,3,0.006745795537164318,0.0029,0.003845795537164318
NEAR,1789916400000,1790002800000,corto,1,0.012507629745507056,0.0013,0.011207629745507056
SEI,1789920000000,1790006400000,corto,2,-0.019107356446816274,0.0019,-0.021007356446816273
DOT,1789920000000,1790006400000,corto,2,0.008077452415762194,0.0019,0.006177452415762195
SUPER,1789920000000,1790006400000,corto,3,0.01872738260663388,0.0029,0.01582738260663388
kLUNC,1789920000000,1790006400000,corto,4,0.00558107161529744,0.0049,0.0006810716152974398
RSR,1789920000000,1790006400000,corto,3,0.0006099420744144223,0.0029,-0.0022900579255855777
IO,1789920000000,1790006400000,corto,3,-0.0010642544572424752,0.0029,-0.003964254457242475
RENDER,1789920000000,1790006400000,corto,2,-0.010824790444317499,0.0019,-0.0127247904443175
PURR,1789920000000,1790006400000,corto,1,-0.005908660474934762,0.0013,-0.007208660474934762
MORPHO,1789920000000,1790006400000,corto,1,0.008195867472118621,0.0013,0.006895867472118621
AR,1789923600000,1790010000000,corto,1,0.024111076859568294,0.0013,0.022811076859568295
NIL,1789923600000,1790010000000,corto,2,0.035577492004178646,0.0019,0.03367749200417865
ZEN,1789930800000,1790017200000,corto,2,0.0037183463716518,0.0019,0.0018183463716518
ZEC,1789930800000,1790017200000,corto,1,0.006367291037179511,0.0013,0.005067291037179511
GOAT,1789934400000,1790020800000,corto,3,-0.0096744437844179,0.0029,-0.0125744437844179
LDO,1789948800000,1790035200000,corto,1,0.006276754845791624,0.0013,0.004976754845791624
AERO,1789948800000,1790035200000,corto,1,0.004008709983977454,0.0013,0.0027087099839774543
PAXG,1789952400000,1790038800000,corto,2,0.0020690138188495283,0.0019,0.0001690138188495283
ZETA,1789959600000,1790046000000,corto,2,0.057774894125203646,0.0019,0.05587489412520365
BERA,1789959600000,1790046000000,corto,2,-0.005686149400381842,0.0019,-0.007586149400381842
APEX,1789963200000,1790049600000,corto,4,0.0007821054676786911,0.0049,-0.004117894532321309
INIT,1789966800000,1790053200000,corto,3,-0.010743100548470405,0.0029,-0.013643100548470405
XMR,1789966800000,1790053200000,corto,1,-0.009119854556570134,0.0013,-0.010419854556570133
BTC,1789977600000,1790064000000,corto,1,-0.009960995969219665,0.0013,-0.011260995969219666
SOL,1789977600000,1790064000000,corto,1,-0.010769334852364422,0.0013,-0.012069334852364423
XRP,1789977600000,1790064000000,corto,1,-0.018643392467808537,0.0013,-0.019943392467808536
kBONK,1789977600000,1790064000000,corto,1,0.00028380871483238695,0.0013,-0.001016191285167613
USELESS,1789977600000,1790064000000,corto,1,-0.042578328542561765,0.0013,-0.04387832854256177
IMX,1789984800000,1790071200000,corto,3,0.006523354025513646,0.0029,0.0036233540255136464
LTC,1789992000000,1790078400000,corto,1,-0.016021353855188256,0.0013,-0.017321353855188255
AZTEC,1789992000000,1790078400000,largo,2,0.007512424460190214,0.0019,0.0056124244601902145
kPEPE,1789999200000,1790085600000,corto,1,0.012168067391501374,0.0013,0.010868067391501375
FARTCOIN,1790002800000,1790089200000,corto,1,-0.0061030704693530325,0.0013,-0.0074030704693530324
TAO,1790017200000,1790103600000,corto,1,-0.010608985248338301,0.0013,-0.011908985248338302
WLD,1790020800000,1790107200000,corto,1,-0.0035983275377860645,0.0013,-0.004898327537786065
GRASS,1790020800000,1790107200000,corto,1,-0.0018107115470296998,0.0013,-0.0031107115470296997
NXPC,1790035200000,1790121600000,corto,4,0.016168077222183403,0.0049,0.011268077222183403
MERL,1790056800000,1790143200000,corto,3,0.0044753776073979895,0.0029,0.0015753776073979897
ANIME,1790056800000,1790143200000,corto,4,-0.007059185039326586,0.0049,-0.011959185039326586
SOPH,1790056800000,1790143200000,largo,3,0.004970579233187332,0.0029,0.0020705792331873318
S,1790060400000,1790146800000,corto,2,0.0067025928694079496,0.0019,0.00480259286940795
UMA,1790067600000,1790154000000,largo,4,-0.0010872906264157928,0.0049,-0.005987290626415793
GRIFFAIN,1790074800000,1790161200000,corto,4,0.010614295363180853,0.0049,0.005714295363180853
BCH,1790078400000,1790164800000,corto,1,-0.03315345784133907,0.0013,-0.034453457841339075
UNI,1790078400000,1790164800000,corto,1,0.005294743854653715,0.0013,0.003994743854653715
ZRO,1790078400000,1790164800000,corto,1,-0.001155951578756736,0.0013,-0.0024559515787567357
BSV,1790078400000,1790164800000,corto,2,-0.00115535028848822,0.0019,-0.00305535028848822
PENDLE,1790078400000,1790164800000,corto,1,-0.0052961909830907756,0.0013,-0.0065961909830907755
SUSHI,1790078400000,1790164800000,corto,3,0.0033002120085615493,0.0029,0.0004002120085615495
RESOLV,1790082000000,1790168400000,corto,3,0.005055218960341568,0.0029,0.002155218960341568
TRB,1790089200000,1790175600000,corto,3,0.02578392172582316,0.0029,0.02288392172582316
YGG,1790092800000,1790179200000,corto,3,-0.0015180268569772544,0.0029,-0.004418026856977254
STBL,1790092800000,1790179200000,corto,3,-0.005361739244861546,0.0029,-0.008261739244861545
PURR,1790096400000,1790182800000,corto,1,-0.007151221713859563,0.0013,-0.008451221713859564
MANTA,1790100000000,1790186400000,largo,3,-0.008106758230404184,0.0029,-0.011006758230404184
GOAT,1790100000000,1790186400000,corto,2,0.008402969458755804,0.0019,0.006502969458755804
TIA,1790103600000,1790190000000,corto,1,0.004109192750133135,0.0013,0.0028091927501331347
ZEC,1790118000000,1790204400000,corto,1,-0.0007343859862055229,0.0013,-0.0020343859862055227
ENS,1790121600000,1790208000000,corto,3,0.017788137138340696,0.0029,0.014888137138340696
CAKE,1790125200000,1790211600000,corto,2,-0.0031560337181025474,0.0019,-0.005056033718102548
SUPER,1790128800000,1790215200000,corto,3,-0.0022956851220863102,0.0029,-0.00519568512208631
NIL,1790128800000,1790215200000,corto,1,-0.03664358388531736,0.0013,-0.037943583885317364
SNX,1790132400000,1790218800000,corto,3,0.008863446238195774,0.0029,0.005963446238195775
kBONK,1790143200000,1790229600000,corto,1,-0.01147989647900241,0.0013,-0.01277989647900241
POPCAT,1790143200000,1790229600000,corto,2,0.002384579694837973,0.0019,0.00048457969483797314
ALT,1790161200000,1790247600000,largo,3,0.0005458515419374632,0.0029,-0.0023541484580625366
AVAX,1790164800000,1790251200000,largo,1,-0.003960401216096794,0.0013,-0.005260401216096794
ACE,1790164800000,1790251200000,corto,3,0.021567237769640733,0.0029,0.018667237769640733
MET,1790164800000,1790251200000,largo,1,-0.006052763831351233,0.0013,-0.007352763831351233
ICP,1790164800000,1790251200000,largo,1,0.033800167092544214,0.0013,0.03250016709254421
LIT,1790168400000,1790254800000,corto,1,-0.02262829264608929,0.0013,-0.02392829264608929
BTC,1790172000000,1790258400000,largo,1,-0.007040395036967634,0.0013,-0.008340395036967634
ETH,1790172000000,1790258400000,largo,1,-0.004504512121104541,0.0013,-0.005804512121104541
BNB,1790172000000,1790258400000,largo,1,0.0002572248030337441,0.0013,-0.001042775196966256
OP,1790172000000,1790258400000,largo,1,0.030643388672492482,0.0013,0.029343388672492483
DOGE,1790172000000,1790258400000,largo,1,0.0003184003592983518,0.0013,-0.000981599640701648
LDO,1790172000000,1790258400000,largo,1,0.001362795888907698,0.0013,0.00006279588890769814
LINK,1790172000000,1790258400000,largo,1,-0.002160260071218765,0.0013,-0.003460260071218765
APT,1790172000000,1790258400000,largo,1,0.025412428791476024,0.0013,0.024112428791476025
WLD,1790172000000,1790258400000,largo,1,0.012585487880136664,0.0013,0.011285487880136665
kSHIB,1790172000000,1790258400000,largo,2,0.005598335125420835,0.0019,0.003698335125420835
RUNE,1790172000000,1790258400000,largo,2,-0.0081878403644195,0.0019,-0.0100878403644195
BANANA,1790172000000,1790258400000,largo,4,0.009071728376279784,0.0049,0.004171728376279785
KAS,1790172000000,1790258400000,largo,2,-0.000841718686111512,0.0019,-0.002741718686111512
ORDI,1790172000000,1790258400000,largo,3,0.014958175594032123,0.0029,0.012058175594032123
ZEN,1790172000000,1790258400000,largo,2,-0.00019125421842154425,0.0019,-0.002091254218421544
FIL,1790172000000,1790258400000,largo,1,0.010006680140399892,0.0013,0.008706680140399891
JUP,1790172000000,1790258400000,largo,1,0.00854242482818981,0.0013,0.00724242482818981
kLUNC,1790172000000,1790258400000,largo,3,0.0036470435580893616,0.0029,0.0007470435580893618
GALA,1790172000000,1790258400000,largo,4,0.011100013060074404,0.0049,0.0062000130600744045
PEOPLE,1790172000000,1790258400000,largo,3,0.032062736695411875,0.0029,0.029162736695411876
BOME,1790172000000,1790258400000,largo,2,-0.02502536756694026,0.0019,-0.026925367566940257
EIGEN,1790172000000,1790258400000,largo,1,0.017974340118027305,0.0013,0.016674340118027306
REZ,1790172000000,1790258400000,largo,3,0.0005163955704734247,0.0029,-0.002383604429526575
BRETT,1790172000000,1790258400000,largo,3,0.01902005449343005,0.0029,0.01612005449343005
IO,1790172000000,1790258400000,largo,2,0.01310532204044446,0.0019,0.011205322040444459
kNEIRO,1790172000000,1790258400000,largo,2,0.013828990973513203,0.0019,0.011928990973513203
PNUT,1790172000000,1790258400000,largo,3,0.001106398785185256,0.0029,-0.0017936012148147438
BIO,1790172000000,1790258400000,largo,3,0.02670296505427912,0.0029,0.02380296505427912
S,1790172000000,1790258400000,largo,2,0.006566337165622951,0.0019,0.0046663371656229516
TRUMP,1790172000000,1790258400000,largo,1,0.0032996016245749834,0.0013,0.0019996016245749835
MELANIA,1790172000000,1790258400000,largo,2,0.004079508527604457,0.0019,0.002179508527604457
LAYER,1790172000000,1790258400000,largo,4,0.0028613818168060643,0.0049,-0.0020386181831939356
KAITO,1790172000000,1790258400000,largo,2,0.00584779889317689,0.0019,0.00394779889317689
HYPER,1790172000000,1790258400000,largo,4,0.01126533626471786,0.0049,0.00636533626471786
XPL,1790172000000,1790258400000,largo,1,0.028000175864370903,0.0013,0.026700175864370904
WLFI,1790172000000,1790258400000,largo,2,0.015672238466364397,0.0019,0.013772238466364396
ASTER,1790172000000,1790258400000,largo,1,-0.001971142553350788,0.0013,-0.003271142553350788
HEMI,1790172000000,1790258400000,largo,3,0.004186801607110424,0.0029,0.0012868016071104242
AXS,1790172000000,1790258400000,largo,2,0.005298025637555194,0.0019,0.0033980256375551942
DASH,1790172000000,1790258400000,largo,1,0.00628197126855583,0.0013,0.00498197126855583
AZTEC,1790172000000,1790258400000,largo,3,-0.004281313597428966,0.0029,-0.007181313597428966
NEAR,1790175600000,1790262000000,largo,1,0.01844120653681774,0.0013,0.017141206536817742
HYPE,1790175600000,1790262000000,largo,1,0.01882220380397021,0.0013,0.01752220380397021
GRIFFAIN,1790175600000,1790262000000,largo,3,0.010028309179197979,0.0029,0.007128309179197979
STABLE,1790186400000,1790272800000,largo,3,0.004042699375791886,0.0029,0.001142699375791886
LTC,1790215200000,1790301600000,corto,1,0.011022064224799089,0.0013,0.009722064224799088
WIF,1790215200000,1790301600000,corto,1,0.008723693843920124,0.0013,0.007423693843920124
TRX,1790236800000,1790323200000,largo,1,-0.0013307508876363356,0.0013,-0.0026307508876363354
MNT,1790240400000,1790326800000,largo,2,-0.004048141545587452,0.0019,-0.005948141545587452
INIT,1790244000000,1790330400000,corto,4,-0.0038379096662959676,0.0049,-0.008737909666295968
ONDO,1790251200000,1790337600000,corto,1,-0.01775091351964578,0.0013,-0.01905091351964578
MORPHO,1790254800000,1790341200000,corto,1,0.0241815429531091,0.0013,0.0228815429531091
XAI,1790262000000,1790348400000,corto,3,0.013201511858535955,0.0029,0.010301511858535955
XPL,1790262000000,1790348400000,corto,1,-0.0032745162968313593,0.0013,-0.004574516296831359
STBL,1790265600000,1790352000000,corto,2,-0.004433816820909801,0.0019,-0.006333816820909801
2Z,1790265600000,1790352000000,corto,2,-0.013989632219793964,0.0019,-0.015889632219793965
LINK,1790272800000,1790359200000,corto,1,-0.0035472582170150654,0.0013,-0.004847258217015066
AZTEC,1790272800000,1790359200000,corto,3,-0.015137007770670648,0.0029,-0.018037007770670646
XMR,1790280000000,1790366400000,corto,1,-0.004621096865941217,0.0013,-0.005921096865941217
SAGA,1790283600000,1790370000000,corto,3,0.023731798072893353,0.0029,0.020831798072893353
DYM,1790301600000,1790388000000,largo,2,-0.009207721947276032,0.0019,-0.011107721947276033
ACE,1790308800000,1790395200000,corto,2,-0.02901605086649646,0.0019,-0.03091605086649646
GRIFFAIN,1790312400000,1790398800000,corto,4,-0.016786964949256692,0.0049,-0.02168696494925669
AXS,1790316000000,1790402400000,corto,2,-0.001685204308492413,0.0019,-0.003585204308492413
RENDER,1790326800000,1790413200000,corto,1,-0.0033628661199674027,0.0013,-0.004662866119967402
REZ,1790330400000,1790416800000,corto,3,-0.012664122215730326,0.0029,-0.015564122215730326
PUMP,1790330400000,1790416800000,corto,1,-0.00268576705759697,0.0013,-0.00398576705759697
UNI,1790334000000,1790420400000,corto,1,0.004938895218070726,0.0013,0.003638895218070726
CAKE,1790334000000,1790420400000,corto,1,-0.008174725527775985,0.0013,-0.009474725527775986
RESOLV,1790348400000,1790434800000,corto,4,0.01256561036036462,0.0049,0.00766561036036462
AERO,1790352000000,1790438400000,corto,1,0.018283650330210333,0.0013,0.016983650330210334
TRX,1790355600000,1790442000000,corto,1,0.0006547814156975301,0.0013,-0.0006452185843024698
EIGEN,1790362800000,1790449200000,corto,2,-0.00791371036536052,0.0019,-0.009813710365360521
MET,1790362800000,1790449200000,corto,1,0.007781047418420384,0.0013,0.0064810474184203845
LTC,1790373600000,1790460000000,corto,1,-0.004648815294163465,0.0013,-0.005948815294163465
WLD,1790373600000,1790460000000,corto,1,0.012485553146577321,0.0013,0.01118555314657732
GAS,1790380800000,1790467200000,corto,2,0.015840209253029404,0.0019,0.013940209253029403
IO,1790398800000,1790485200000,corto,2,-0.01271848760895436,0.0019,-0.01461848760895436
2Z,1790398800000,1790485200000,corto,2,-0.011496407234256328,0.0019,-0.013396407234256329
TNSR,1790402400000,1790488800000,corto,4,-0.008786973793611715,0.0049,-0.013686973793611714
STX,1790406000000,1790492400000,corto,2,0.000028431302866409675,0.0019,-0.0018715686971335903
ACE,1790406000000,1790492400000,corto,2,-0.0,0.0019,-0.0019
MNT,1790406000000,1790492400000,corto,2,-0.00017537449807457535,0.0019,-0.002075374498074575
DYM,1790409600000,1790496000000,corto,3,-0.0019417481829101624,0.0029,-0.004841748182910163
GRIFFAIN,1790413200000,1790499600000,corto,4,0.003157712699267174,0.0049,-0.0017422873007328257
DASH,1790416800000,1790503200000,corto,1,0.034083889492351985,0.0013,0.03278388949235198
KAS,1790431200000,1790517600000,corto,2,0.004333266131392728,0.0019,0.002433266131392728
FIL,1790431200000,1790517600000,corto,1,-0.0036160025289524965,0.0013,-0.004916002528952496
SYRUP,1790431200000,1790517600000,corto,2,0.01520714762702682,0.0019,0.01330714762702682
DYDX,1790434800000,1790521200000,corto,3,-0.002333393316103227,0.0029,-0.005233393316103226
SNX,1790434800000,1790521200000,corto,4,0.011513064881910923,0.0049,0.006613064881910923
BANANA,1790434800000,1790521200000,corto,4,0.0013771163465149455,0.0049,-0.0035228836534850544
GALA,1790438400000,1790524800000,corto,3,-0.002635047638005032,0.0029,-0.005535047638005032
STABLE,1790438400000,1790524800000,corto,4,-0.003327668402650917,0.0049,-0.008227668402650917
GRAM,1790438400000,1790524800000,corto,1,-0.013217374755517682,0.0013,-0.014517374755517683
TRX,1790452800000,1790539200000,largo,1,-0.0011990049696365347,0.0013,-0.0024990049696365347
UNI,1790456400000,1790542800000,corto,1,0.003161486257592075,0.0013,0.0018614862575920751
NEAR,1790456400000,1790542800000,corto,1,-0.016385926281816034,0.0013,-0.017685926281816033
ZEN,1790456400000,1790542800000,corto,2,-0.004644206905946486,0.0019,-0.006544206905946486
ZEC,1790456400000,1790542800000,corto,1,0.0014980341107428611,0.0013,0.0001980341107428612
STBL,1790460000000,1790546400000,largo,4,-0.007926454890577344,0.0049,-0.012826454890577344
NIL,1790463600000,1790550000000,corto,1,-0.009192488068713622,0.0013,-0.010492488068713623
W,1790467200000,1790553600000,corto,1,0.003851095902097646,0.0013,0.002551095902097646
USUAL,1790485200000,1790571600000,corto,4,0.010767264184615554,0.0049,0.005867264184615554
BCH,1790488800000,1790575200000,corto,1,0.004594436528551159,0.0013,0.003294436528551159
ATOM,1790492400000,1790578800000,corto,2,0.027676991371366932,0.0019,0.025776991371366933
SOL,1790492400000,1790578800000,corto,1,0.005829934977964959,0.0013,0.004529934977964959
SUI,1790492400000,1790578800000,corto,1,0.017061387928294914,0.0013,0.015761387928294915
GMX,1790492400000,1790578800000,corto,3,0.007593789893024393,0.0029,0.0046937898930243934
BOME,1790492400000,1790578800000,corto,3,0.0030135633052642947,0.0029,0.00011356330526429486
TNSR,1790514000000,1790600400000,corto,1,0.003306628982561961,0.0013,0.002006628982561961
BTC,1790517600000,1790604000000,largo,1,-0.0074059742067073605,0.0013,-0.008705974206707361
ETH,1790517600000,1790604000000,largo,1,-0.00892246413570365,0.0013,-0.01022246413570365
TRB,1790517600000,1790604000000,largo,4,-0.007062697360026675,0.0049,-0.011962697360026675
APE,1790524800000,1790611200000,corto,2,-0.010130430392250575,0.0019,-0.012030430392250576
AZTEC,1790524800000,1790611200000,corto,2,-0.07879675233044746,0.0019,-0.08069675233044746
AR,1790528400000,1790614800000,corto,1,0.004606525081262926,0.0013,0.0033065250812629263
WLFI,1790528400000,1790614800000,corto,2,-0.008198278119407777,0.0019,-0.010098278119407778
ENA,1790532000000,1790618400000,corto,1,-0.00918900754965743,0.0013,-0.010489007549657429
SKY,1790535600000,1790622000000,corto,1,0.03589500587939706,0.0013,0.03459500587939706
JUP,1790542800000,1790629200000,corto,1,0.023961335599531144,0.0013,0.022661335599531145
AIXBT,1790542800000,1790629200000,corto,3,0.00799209464291531,0.0029,0.00509209464291531
PAXG,1790546400000,1790632800000,largo,2,0.00092016375720323,0.0019,-0.00097983624279677
FOGO,1790546400000,1790632800000,largo,2,0.00796971853711401,0.0019,0.00606971853711401
ONDO,1790550000000,1790636400000,corto,1,-0.008578768123915483,0.0013,-0.009878768123915482
SEI,1790553600000,1790640000000,corto,1,0.020353679159446074,0.0013,0.019053679159446075
POL,1790557200000,1790643600000,largo,2,-0.004621765366743003,0.0019,-0.006521765366743003
2Z,1790557200000,1790643600000,largo,1,-0.022724981955233713,0.0013,-0.024024981955233712
BLUR,1790560800000,1790647200000,largo,4,-0.010861801211525815,0.0049,-0.015761801211525817
NXPC,1790560800000,1790647200000,largo,4,-0.0009842080157422201,0.0049,-0.00588420801574222
AVNT,1790560800000,1790647200000,corto,3,0.007714999484754604,0.0029,0.004814999484754604
IOTA,1790564400000,1790650800000,largo,2,0.015789019581519077,0.0019,0.013889019581519077
ACE,1790571600000,1790658000000,largo,3,0.0005392289157349521,0.0029,-0.002360771084265048
CASHCAT,1790571600000,1790658000000,corto,1,-0.008397610605698083,0.0013,-0.009697610605698084
GRIFFAIN,1790578800000,1790665200000,largo,4,-0.008104819135035177,0.0049,-0.013004819135035177
ZRO,1790582400000,1790668800000,corto,1,-0.00025677237270357503,0.0013,-0.001556772372703575
HBAR,1790582400000,1790668800000,corto,1,-0.011048897034704899,0.0013,-0.0123488970347049
ALGO,1790582400000,1790668800000,corto,1,-0.02072018774011667,0.0013,-0.02202018774011667
APEX,1790582400000,1790668800000,corto,3,0.014165127174197907,0.0029,0.011265127174197908
LINK,1790589600000,1790676000000,corto,1,0.00916572867832148,0.0013,0.007865728678321481
MNT,1790589600000,1790676000000,corto,2,0.000793336019395874,0.0019,-0.001106663980604126
XLM,1790596800000,1790683200000,corto,1,0.007164491488064157,0.0013,0.005864491488064157
ZEC,1790622000000,1790708400000,largo,1,-0.02481516911972402,0.0013,-0.02611516911972402
STABLE,1790640000000,1790726400000,largo,3,0.01235630499842766,0.0029,0.00945630499842766
SYRUP,1790643600000,1790730000000,largo,1,0.007904847115832376,0.0013,0.006604847115832376
CELO,1790676000000,1790762400000,corto,2,-0.0016678895021684584,0.0019,-0.003567889502168458
HEMI,1790690400000,1790776800000,corto,3,-0.001115093703757417,0.0029,-0.004015093703757417
USUAL,1790694000000,1790780400000,largo,3,0.004329011089585479,0.0029,0.0014290110895854788
HYPER,1790694000000,1790780400000,largo,4,0.004837081844241488,0.0049,-0.00006291815575851147
AZTEC,1790697600000,1790784000000,largo,2,0.009060945281986782,0.0019,0.007160945281986782
GRASS,1790708400000,1790794800000,corto,1,0.013936512744397259,0.0013,0.012636512744397258
LIT,1790722800000,1790809200000,largo,1,-0.01148932226720065,0.0013,-0.01278932226720065
PONS,1790722800000,1790809200000,largo,1,0.0015382021078636685,0.0013,0.0002382021078636686
SAGA,1790758800000,1790845200000,corto,3,-0.006782391848316567,0.0029,-0.009682391848316567
WLD,1790766000000,1790852400000,corto,1,0.0009576893604846819,0.0013,-0.00034231063951531806
BTC,1790769600000,1790856000000,corto,1,0.001993042913422724,0.0013,0.0006930429134227242
SUI,1790769600000,1790856000000,corto,1,0.009707563025209335,0.0013,0.008407563025209334
STX,1790769600000,1790856000000,corto,3,0.004935791784616058,0.0029,0.0020357917846160582
UNI,1790769600000,1790856000000,corto,1,0.011546986156109693,0.0013,0.010246986156109694
ENA,1790773200000,1790859600000,corto,1,0.011081189289040642,0.0013,0.009781189289040641
